geo,coicop,unit,period,rent_index,date
FR,CP0411,I05,2000-01,88.27,2000-01-01
LT,CP0411,I05,2000-01,88.29,2000-01-01
FR,CP0411,I15,2000-01,73.51,2000-01-01
LT,CP0411,I15,2000-01,36.08,2000-01-01
FR,CP0411,I96,2000-01,104.6,2000-01-01
LT,CP0411,I96,2000-01,219.8,2000-01-01
FR,CP0411,I05,2000-02,88.4,2000-02-01
LT,CP0411,I05,2000-02,86.82,2000-02-01
FR,CP0411,I15,2000-02,73.62,2000-02-01
LT,CP0411,I15,2000-02,35.48,2000-02-01
FR,CP0411,I96,2000-02,104.7,2000-02-01
LT,CP0411,I96,2000-02,216.2,2000-02-01
FR,CP0411,I05,2000-03,88.53,2000-03-01
LT,CP0411,I05,2000-03,86.82,2000-03-01
FR,CP0411,I15,2000-03,73.73,2000-03-01
LT,CP0411,I15,2000-03,35.48,2000-03-01
FR,CP0411,I96,2000-03,104.9,2000-03-01
LT,CP0411,I96,2000-03,216.2,2000-03-01
FR,CP0411,I05,2000-04,88.56,2000-04-01
LT,CP0411,I05,2000-04,86.32,2000-04-01
FR,CP0411,I15,2000-04,73.75,2000-04-01
LT,CP0411,I15,2000-04,35.27,2000-04-01
FR,CP0411,I96,2000-04,104.9,2000-04-01
LT,CP0411,I96,2000-04,214.9,2000-04-01
FR,CP0411,I05,2000-05,88.65,2000-05-01
LT,CP0411,I05,2000-05,85.9,2000-05-01
FR,CP0411,I15,2000-05,73.82,2000-05-01
LT,CP0411,I15,2000-05,35.1,2000-05-01
FR,CP0411,I96,2000-05,105.0,2000-05-01
LT,CP0411,I96,2000-05,213.9,2000-05-01
FR,CP0411,I05,2000-06,88.74,2000-06-01
LT,CP0411,I05,2000-06,85.9,2000-06-01
FR,CP0411,I15,2000-06,73.9,2000-06-01
LT,CP0411,I15,2000-06,35.1,2000-06-01
FR,CP0411,I96,2000-06,105.1,2000-06-01
LT,CP0411,I96,2000-06,213.9,2000-06-01
FR,CP0411,I05,2000-07,88.79,2000-07-01
LT,CP0411,I05,2000-07,85.61,2000-07-01
FR,CP0411,I15,2000-07,73.94,2000-07-01
LT,CP0411,I15,2000-07,34.98,2000-07-01
FR,CP0411,I96,2000-07,105.2,2000-07-01
LT,CP0411,I96,2000-07,213.1,2000-07-01
FR,CP0411,I05,2000-08,88.92,2000-08-01
LT,CP0411,I05,2000-08,85.61,2000-08-01
FR,CP0411,I15,2000-08,74.05,2000-08-01
LT,CP0411,I15,2000-08,34.98,2000-08-01
FR,CP0411,I96,2000-08,105.4,2000-08-01
LT,CP0411,I96,2000-08,213.1,2000-08-01
FR,CP0411,I05,2000-09,89.06,2000-09-01
LT,CP0411,I05,2000-09,84.95,2000-09-01
FR,CP0411,I15,2000-09,74.16,2000-09-01
LT,CP0411,I15,2000-09,34.71,2000-09-01
FR,CP0411,I96,2000-09,105.5,2000-09-01
LT,CP0411,I96,2000-09,211.5,2000-09-01
FR,CP0411,I05,2000-10,89.02,2000-10-01
LT,CP0411,I05,2000-10,84.76,2000-10-01
FR,CP0411,I15,2000-10,74.13,2000-10-01
LT,CP0411,I15,2000-10,34.63,2000-10-01
FR,CP0411,I96,2000-10,105.5,2000-10-01
LT,CP0411,I96,2000-10,211.0,2000-10-01
FR,CP0411,I05,2000-11,89.09,2000-11-01
LT,CP0411,I05,2000-11,82.6,2000-11-01
FR,CP0411,I15,2000-11,74.2,2000-11-01
LT,CP0411,I15,2000-11,33.75,2000-11-01
FR,CP0411,I96,2000-11,105.6,2000-11-01
LT,CP0411,I96,2000-11,205.7,2000-11-01
FR,CP0411,I05,2000-12,89.17,2000-12-01
LT,CP0411,I05,2000-12,82.75,2000-12-01
SI,CP0411,I05,2000-12,67.89,2000-12-01
FR,CP0411,I15,2000-12,74.26,2000-12-01
LT,CP0411,I15,2000-12,33.81,2000-12-01
SI,CP0411,I15,2000-12,62.27,2000-12-01
FR,CP0411,I96,2000-12,105.7,2000-12-01
LT,CP0411,I96,2000-12,206.0,2000-12-01
FR,CP0411,I05,2001-01,88.54,2001-01-01
LT,CP0411,I05,2001-01,82.36,2001-01-01
SI,CP0411,I05,2001-01,70.48,2001-01-01
FR,CP0411,I15,2001-01,73.73,2001-01-01
LT,CP0411,I15,2001-01,33.65,2001-01-01
SI,CP0411,I15,2001-01,64.64,2001-01-01
FR,CP0411,I96,2001-01,104.9,2001-01-01
LT,CP0411,I96,2001-01,205.0,2001-01-01
FR,CP0411,I05,2001-02,88.63,2001-02-01
LT,CP0411,I05,2001-02,81.48,2001-02-01
SI,CP0411,I05,2001-02,70.77,2001-02-01
FR,CP0411,I15,2001-02,73.81,2001-02-01
LT,CP0411,I15,2001-02,33.29,2001-02-01
SI,CP0411,I15,2001-02,64.91,2001-02-01
FR,CP0411,I96,2001-02,105.0,2001-02-01
LT,CP0411,I96,2001-02,202.8,2001-02-01
FR,CP0411,I05,2001-03,88.71,2001-03-01
LT,CP0411,I05,2001-03,81.66,2001-03-01
SI,CP0411,I05,2001-03,71.1,2001-03-01
FR,CP0411,I15,2001-03,73.88,2001-03-01
LT,CP0411,I15,2001-03,33.37,2001-03-01
SI,CP0411,I15,2001-03,65.21,2001-03-01
FR,CP0411,I96,2001-03,105.1,2001-03-01
LT,CP0411,I96,2001-03,203.3,2001-03-01
FR,CP0411,I05,2001-04,88.78,2001-04-01
LT,CP0411,I05,2001-04,81.66,2001-04-01
SI,CP0411,I05,2001-04,71.36,2001-04-01
FR,CP0411,I15,2001-04,73.93,2001-04-01
LT,CP0411,I15,2001-04,33.37,2001-04-01
SI,CP0411,I15,2001-04,65.46,2001-04-01
FR,CP0411,I96,2001-04,105.2,2001-04-01
LT,CP0411,I96,2001-04,203.3,2001-04-01
FR,CP0411,I05,2001-05,88.86,2001-05-01
LT,CP0411,I05,2001-05,81.75,2001-05-01
SI,CP0411,I05,2001-05,71.58,2001-05-01
FR,CP0411,I15,2001-05,74.0,2001-05-01
LT,CP0411,I15,2001-05,33.4,2001-05-01
SI,CP0411,I15,2001-05,65.66,2001-05-01
FR,CP0411,I96,2001-05,105.3,2001-05-01
LT,CP0411,I96,2001-05,203.5,2001-05-01
FR,CP0411,I05,2001-06,88.95,2001-06-01
LT,CP0411,I05,2001-06,81.31,2001-06-01
SI,CP0411,I05,2001-06,71.8,2001-06-01
FR,CP0411,I15,2001-06,74.08,2001-06-01
LT,CP0411,I15,2001-06,33.22,2001-06-01
SI,CP0411,I15,2001-06,65.86,2001-06-01
FR,CP0411,I96,2001-06,105.4,2001-06-01
LT,CP0411,I96,2001-06,202.4,2001-06-01
FR,CP0411,I05,2001-07,89.03,2001-07-01
LT,CP0411,I05,2001-07,81.46,2001-07-01
SI,CP0411,I05,2001-07,72.03,2001-07-01
FR,CP0411,I15,2001-07,74.14,2001-07-01
LT,CP0411,I15,2001-07,33.28,2001-07-01
SI,CP0411,I15,2001-07,66.07,2001-07-01
FR,CP0411,I96,2001-07,105.5,2001-07-01
LT,CP0411,I96,2001-07,202.8,2001-07-01
FR,CP0411,I05,2001-08,89.16,2001-08-01
LT,CP0411,I05,2001-08,81.46,2001-08-01
SI,CP0411,I05,2001-08,74.3,2001-08-01
FR,CP0411,I15,2001-08,74.25,2001-08-01
LT,CP0411,I15,2001-08,33.28,2001-08-01
SI,CP0411,I15,2001-08,68.15,2001-08-01
FR,CP0411,I96,2001-08,105.7,2001-08-01
LT,CP0411,I96,2001-08,202.8,2001-08-01
FR,CP0411,I05,2001-09,89.29,2001-09-01
LT,CP0411,I05,2001-09,80.0,2001-09-01
SI,CP0411,I05,2001-09,74.52,2001-09-01
FR,CP0411,I15,2001-09,74.36,2001-09-01
LT,CP0411,I15,2001-09,32.69,2001-09-01
SI,CP0411,I15,2001-09,68.36,2001-09-01
FR,CP0411,I96,2001-09,105.8,2001-09-01
LT,CP0411,I96,2001-09,199.2,2001-09-01
FR,CP0411,I05,2001-10,89.59,2001-10-01
LT,CP0411,I05,2001-10,80.0,2001-10-01
SI,CP0411,I05,2001-10,74.67,2001-10-01
FR,CP0411,I15,2001-10,74.61,2001-10-01
LT,CP0411,I15,2001-10,32.69,2001-10-01
SI,CP0411,I15,2001-10,68.49,2001-10-01
FR,CP0411,I96,2001-10,106.2,2001-10-01
LT,CP0411,I96,2001-10,199.2,2001-10-01
FR,CP0411,I05,2001-11,89.73,2001-11-01
LT,CP0411,I05,2001-11,78.08,2001-11-01
SI,CP0411,I05,2001-11,73.53,2001-11-01
FR,CP0411,I15,2001-11,74.72,2001-11-01
LT,CP0411,I15,2001-11,31.9,2001-11-01
SI,CP0411,I15,2001-11,67.44,2001-11-01
FR,CP0411,I96,2001-11,106.3,2001-11-01
LT,CP0411,I96,2001-11,194.4,2001-11-01
FR,CP0411,I05,2001-12,89.86,2001-12-01
LT,CP0411,I05,2001-12,78.08,2001-12-01
SI,CP0411,I05,2001-12,73.74,2001-12-01
FR,CP0411,I15,2001-12,74.83,2001-12-01
LT,CP0411,I15,2001-12,31.9,2001-12-01
SI,CP0411,I15,2001-12,67.63,2001-12-01
FR,CP0411,I96,2001-12,106.5,2001-12-01
LT,CP0411,I96,2001-12,194.4,2001-12-01
FR,CP0411,I05,2002-01,90.04,2002-01-01
LT,CP0411,I05,2002-01,81.5,2002-01-01
SI,CP0411,I05,2002-01,75.68,2002-01-01
FR,CP0411,I15,2002-01,74.98,2002-01-01
LT,CP0411,I15,2002-01,33.3,2002-01-01
SI,CP0411,I15,2002-01,69.42,2002-01-01
FR,CP0411,I96,2002-01,106.7,2002-01-01
LT,CP0411,I96,2002-01,202.9,2002-01-01
FR,CP0411,I05,2002-02,90.28,2002-02-01
LT,CP0411,I05,2002-02,80.03,2002-02-01
SI,CP0411,I05,2002-02,76.0,2002-02-01
FR,CP0411,I15,2002-02,75.19,2002-02-01
LT,CP0411,I15,2002-02,32.7,2002-02-01
SI,CP0411,I15,2002-02,69.71,2002-02-01
FR,CP0411,I96,2002-02,107.0,2002-02-01
LT,CP0411,I96,2002-02,199.2,2002-02-01
FR,CP0411,I05,2002-03,90.53,2002-03-01
LT,CP0411,I05,2002-03,79.75,2002-03-01
SI,CP0411,I05,2002-03,78.47,2002-03-01
FR,CP0411,I15,2002-03,75.39,2002-03-01
LT,CP0411,I15,2002-03,32.59,2002-03-01
SI,CP0411,I15,2002-03,71.97,2002-03-01
FR,CP0411,I96,2002-03,107.3,2002-03-01
LT,CP0411,I96,2002-03,198.6,2002-03-01
FR,CP0411,I05,2002-04,90.93,2002-04-01
LT,CP0411,I05,2002-04,79.75,2002-04-01
SI,CP0411,I05,2002-04,78.71,2002-04-01
FR,CP0411,I15,2002-04,75.73,2002-04-01
LT,CP0411,I15,2002-04,32.59,2002-04-01
SI,CP0411,I15,2002-04,72.2,2002-04-01
FR,CP0411,I96,2002-04,107.7,2002-04-01
LT,CP0411,I96,2002-04,198.6,2002-04-01
FR,CP0411,I05,2002-05,91.11,2002-05-01
LT,CP0411,I05,2002-05,79.83,2002-05-01
SI,CP0411,I05,2002-05,78.91,2002-05-01
FR,CP0411,I15,2002-05,75.88,2002-05-01
LT,CP0411,I15,2002-05,32.62,2002-05-01
SI,CP0411,I15,2002-05,72.38,2002-05-01
FR,CP0411,I96,2002-05,108.0,2002-05-01
LT,CP0411,I96,2002-05,198.7,2002-05-01
FR,CP0411,I05,2002-06,91.26,2002-06-01
LT,CP0411,I05,2002-06,79.75,2002-06-01
SI,CP0411,I05,2002-06,79.15,2002-06-01
FR,CP0411,I15,2002-06,76.0,2002-06-01
LT,CP0411,I15,2002-06,32.59,2002-06-01
SI,CP0411,I15,2002-06,72.6,2002-06-01
FR,CP0411,I96,2002-06,108.1,2002-06-01
LT,CP0411,I96,2002-06,198.6,2002-06-01
FR,CP0411,I05,2002-07,91.35,2002-07-01
LT,CP0411,I05,2002-07,80.47,2002-07-01
SI,CP0411,I05,2002-07,79.36,2002-07-01
FR,CP0411,I15,2002-07,76.07,2002-07-01
LT,CP0411,I15,2002-07,32.88,2002-07-01
SI,CP0411,I15,2002-07,72.79,2002-07-01
FR,CP0411,I96,2002-07,108.2,2002-07-01
LT,CP0411,I96,2002-07,200.3,2002-07-01
FR,CP0411,I05,2002-08,91.62,2002-08-01
LT,CP0411,I05,2002-08,80.4,2002-08-01
SI,CP0411,I05,2002-08,79.6,2002-08-01
FR,CP0411,I15,2002-08,76.29,2002-08-01
LT,CP0411,I15,2002-08,32.85,2002-08-01
SI,CP0411,I15,2002-08,73.01,2002-08-01
FR,CP0411,I96,2002-08,108.6,2002-08-01
LT,CP0411,I96,2002-08,200.2,2002-08-01
FR,CP0411,I05,2002-09,91.88,2002-09-01
LT,CP0411,I05,2002-09,80.4,2002-09-01
SI,CP0411,I05,2002-09,79.82,2002-09-01
FR,CP0411,I15,2002-09,76.52,2002-09-01
LT,CP0411,I15,2002-09,32.85,2002-09-01
SI,CP0411,I15,2002-09,73.22,2002-09-01
FR,CP0411,I96,2002-09,108.9,2002-09-01
LT,CP0411,I96,2002-09,200.2,2002-09-01
FR,CP0411,I05,2002-10,92.21,2002-10-01
LT,CP0411,I05,2002-10,80.55,2002-10-01
SI,CP0411,I05,2002-10,80.02,2002-10-01
FR,CP0411,I15,2002-10,76.79,2002-10-01
LT,CP0411,I15,2002-10,32.91,2002-10-01
SI,CP0411,I15,2002-10,73.39,2002-10-01
FR,CP0411,I96,2002-10,109.3,2002-10-01
LT,CP0411,I96,2002-10,200.5,2002-10-01
FR,CP0411,I05,2002-11,92.37,2002-11-01
LT,CP0411,I05,2002-11,80.34,2002-11-01
SI,CP0411,I05,2002-11,80.1,2002-11-01
FR,CP0411,I15,2002-11,76.92,2002-11-01
LT,CP0411,I15,2002-11,32.83,2002-11-01
SI,CP0411,I15,2002-11,73.47,2002-11-01
FR,CP0411,I96,2002-11,109.4,2002-11-01
LT,CP0411,I96,2002-11,200.0,2002-11-01
FR,CP0411,I05,2002-12,92.52,2002-12-01
LT,CP0411,I05,2002-12,79.86,2002-12-01
SI,CP0411,I05,2002-12,80.44,2002-12-01
FR,CP0411,I15,2002-12,77.05,2002-12-01
LT,CP0411,I15,2002-12,32.63,2002-12-01
SI,CP0411,I15,2002-12,73.78,2002-12-01
FR,CP0411,I96,2002-12,109.6,2002-12-01
LT,CP0411,I96,2002-12,198.8,2002-12-01
FR,CP0411,I05,2003-01,92.72,2003-01-01
LT,CP0411,I05,2003-01,79.91,2003-01-01
SI,CP0411,I05,2003-01,83.66,2003-01-01
FR,CP0411,I15,2003-01,77.21,2003-01-01
LT,CP0411,I15,2003-01,32.65,2003-01-01
SI,CP0411,I15,2003-01,76.74,2003-01-01
FR,CP0411,I96,2003-01,109.9,2003-01-01
LT,CP0411,I96,2003-01,198.9,2003-01-01
FR,CP0411,I05,2003-02,92.95,2003-02-01
LT,CP0411,I05,2003-02,80.0,2003-02-01
SI,CP0411,I05,2003-02,83.89,2003-02-01
FR,CP0411,I15,2003-02,77.4,2003-02-01
LT,CP0411,I15,2003-02,32.69,2003-02-01
SI,CP0411,I15,2003-02,76.95,2003-02-01
FR,CP0411,I96,2003-02,110.1,2003-02-01
LT,CP0411,I96,2003-02,199.2,2003-02-01
FR,CP0411,I05,2003-03,93.18,2003-03-01
LT,CP0411,I05,2003-03,80.23,2003-03-01
SI,CP0411,I05,2003-03,84.09,2003-03-01
FR,CP0411,I15,2003-03,77.6,2003-03-01
LT,CP0411,I15,2003-03,32.78,2003-03-01
SI,CP0411,I15,2003-03,77.13,2003-03-01
FR,CP0411,I96,2003-03,110.4,2003-03-01
LT,CP0411,I96,2003-03,199.8,2003-03-01
FR,CP0411,I05,2003-04,93.52,2003-04-01
LT,CP0411,I05,2003-04,80.16,2003-04-01
SI,CP0411,I05,2003-04,86.51,2003-04-01
FR,CP0411,I15,2003-04,77.88,2003-04-01
LT,CP0411,I15,2003-04,32.75,2003-04-01
SI,CP0411,I15,2003-04,79.35,2003-04-01
FR,CP0411,I96,2003-04,110.8,2003-04-01
LT,CP0411,I96,2003-04,199.6,2003-04-01
FR,CP0411,I05,2003-05,93.66,2003-05-01
LT,CP0411,I05,2003-05,80.39,2003-05-01
SI,CP0411,I05,2003-05,91.5,2003-05-01
FR,CP0411,I15,2003-05,78.0,2003-05-01
LT,CP0411,I15,2003-05,32.85,2003-05-01
SI,CP0411,I15,2003-05,83.92,2003-05-01
FR,CP0411,I96,2003-05,111.0,2003-05-01
LT,CP0411,I96,2003-05,200.1,2003-05-01
FR,CP0411,I05,2003-06,93.81,2003-06-01
LT,CP0411,I05,2003-06,80.99,2003-06-01
SI,CP0411,I05,2003-06,91.89,2003-06-01
FR,CP0411,I15,2003-06,78.12,2003-06-01
LT,CP0411,I15,2003-06,33.09,2003-06-01
SI,CP0411,I15,2003-06,84.28,2003-06-01
FR,CP0411,I96,2003-06,111.1,2003-06-01
LT,CP0411,I96,2003-06,201.6,2003-06-01
FR,CP0411,I05,2003-07,93.87,2003-07-01
LT,CP0411,I05,2003-07,81.03,2003-07-01
SI,CP0411,I05,2003-07,85.43,2003-07-01
FR,CP0411,I15,2003-07,78.18,2003-07-01
LT,CP0411,I15,2003-07,33.11,2003-07-01
SI,CP0411,I15,2003-07,78.36,2003-07-01
FR,CP0411,I96,2003-07,111.2,2003-07-01
LT,CP0411,I96,2003-07,201.7,2003-07-01
FR,CP0411,I05,2003-08,94.11,2003-08-01
LT,CP0411,I05,2003-08,82.34,2003-08-01
SI,CP0411,I05,2003-08,84.34,2003-08-01
FR,CP0411,I15,2003-08,78.37,2003-08-01
LT,CP0411,I15,2003-08,33.65,2003-08-01
SI,CP0411,I15,2003-08,77.36,2003-08-01
FR,CP0411,I96,2003-08,111.5,2003-08-01
LT,CP0411,I96,2003-08,205.0,2003-08-01
FR,CP0411,I05,2003-09,94.35,2003-09-01
LT,CP0411,I05,2003-09,84.65,2003-09-01
SI,CP0411,I05,2003-09,84.45,2003-09-01
FR,CP0411,I15,2003-09,78.57,2003-09-01
LT,CP0411,I15,2003-09,34.59,2003-09-01
SI,CP0411,I15,2003-09,77.46,2003-09-01
FR,CP0411,I96,2003-09,111.8,2003-09-01
LT,CP0411,I96,2003-09,210.8,2003-09-01
FR,CP0411,I05,2003-10,94.61,2003-10-01
LT,CP0411,I05,2003-10,84.5,2003-10-01
SI,CP0411,I05,2003-10,88.83,2003-10-01
FR,CP0411,I15,2003-10,78.79,2003-10-01
LT,CP0411,I15,2003-10,34.53,2003-10-01
SI,CP0411,I15,2003-10,81.48,2003-10-01
FR,CP0411,I96,2003-10,112.1,2003-10-01
LT,CP0411,I96,2003-10,210.4,2003-10-01
FR,CP0411,I05,2003-11,94.79,2003-11-01
LT,CP0411,I05,2003-11,84.08,2003-11-01
SI,CP0411,I05,2003-11,89.0,2003-11-01
FR,CP0411,I15,2003-11,78.94,2003-11-01
LT,CP0411,I15,2003-11,34.36,2003-11-01
SI,CP0411,I15,2003-11,81.64,2003-11-01
FR,CP0411,I96,2003-11,112.3,2003-11-01
LT,CP0411,I96,2003-11,209.3,2003-11-01
FR,CP0411,I05,2003-12,94.96,2003-12-01
LT,CP0411,I05,2003-12,84.22,2003-12-01
SI,CP0411,I05,2003-12,89.26,2003-12-01
FR,CP0411,I15,2003-12,79.08,2003-12-01
LT,CP0411,I15,2003-12,34.41,2003-12-01
SI,CP0411,I15,2003-12,81.87,2003-12-01
FR,CP0411,I96,2003-12,112.5,2003-12-01
LT,CP0411,I96,2003-12,209.7,2003-12-01
FR,CP0411,I05,2004-01,95.08,2004-01-01
LT,CP0411,I05,2004-01,84.22,2004-01-01
SI,CP0411,I05,2004-01,91.89,2004-01-01
FR,CP0411,I15,2004-01,79.18,2004-01-01
LT,CP0411,I15,2004-01,34.41,2004-01-01
SI,CP0411,I15,2004-01,84.28,2004-01-01
FR,CP0411,I96,2004-01,112.7,2004-01-01
LT,CP0411,I96,2004-01,209.7,2004-01-01
FR,CP0411,I05,2004-02,95.33,2004-02-01
LT,CP0411,I05,2004-02,84.01,2004-02-01
SI,CP0411,I05,2004-02,92.02,2004-02-01
FR,CP0411,I15,2004-02,79.39,2004-02-01
LT,CP0411,I15,2004-02,34.33,2004-02-01
SI,CP0411,I15,2004-02,84.41,2004-02-01
FR,CP0411,I96,2004-02,113.0,2004-02-01
LT,CP0411,I96,2004-02,209.2,2004-02-01
FR,CP0411,I05,2004-03,95.58,2004-03-01
LT,CP0411,I05,2004-03,84.22,2004-03-01
SI,CP0411,I05,2004-03,92.32,2004-03-01
FR,CP0411,I15,2004-03,79.6,2004-03-01
LT,CP0411,I15,2004-03,34.41,2004-03-01
SI,CP0411,I15,2004-03,84.68,2004-03-01
FR,CP0411,I96,2004-03,113.3,2004-03-01
LT,CP0411,I96,2004-03,209.7,2004-03-01
FR,CP0411,I05,2004-04,95.9,2004-04-01
LT,CP0411,I05,2004-04,84.87,2004-04-01
SI,CP0411,I05,2004-04,95.07,2004-04-01
FR,CP0411,I15,2004-04,79.86,2004-04-01
LT,CP0411,I15,2004-04,34.68,2004-04-01
SI,CP0411,I15,2004-04,87.2,2004-04-01
FR,CP0411,I96,2004-04,113.6,2004-04-01
LT,CP0411,I96,2004-04,211.3,2004-04-01
FR,CP0411,I05,2004-05,96.06,2004-05-01
LT,CP0411,I05,2004-05,84.87,2004-05-01
SI,CP0411,I05,2004-05,94.39,2004-05-01
FR,CP0411,I15,2004-05,79.99,2004-05-01
LT,CP0411,I15,2004-05,34.68,2004-05-01
SI,CP0411,I15,2004-05,86.58,2004-05-01
FR,CP0411,I96,2004-05,113.8,2004-05-01
LT,CP0411,I96,2004-05,211.3,2004-05-01
FR,CP0411,I05,2004-06,96.22,2004-06-01
LT,CP0411,I05,2004-06,85.66,2004-06-01
SI,CP0411,I05,2004-06,94.13,2004-06-01
FR,CP0411,I15,2004-06,80.13,2004-06-01
LT,CP0411,I15,2004-06,35.0,2004-06-01
SI,CP0411,I15,2004-06,86.34,2004-06-01
FR,CP0411,I96,2004-06,114.0,2004-06-01
LT,CP0411,I96,2004-06,213.3,2004-06-01
FR,CP0411,I05,2004-07,96.48,2004-07-01
LT,CP0411,I05,2004-07,85.66,2004-07-01
SI,CP0411,I05,2004-07,93.2,2004-07-01
FR,CP0411,I15,2004-07,80.35,2004-07-01
LT,CP0411,I15,2004-07,35.0,2004-07-01
SI,CP0411,I15,2004-07,85.49,2004-07-01
FR,CP0411,I96,2004-07,114.3,2004-07-01
LT,CP0411,I96,2004-07,213.3,2004-07-01
FR,CP0411,I05,2004-08,96.8,2004-08-01
LT,CP0411,I05,2004-08,85.64,2004-08-01
SI,CP0411,I05,2004-08,94.06,2004-08-01
FR,CP0411,I15,2004-08,80.61,2004-08-01
LT,CP0411,I15,2004-08,34.99,2004-08-01
SI,CP0411,I15,2004-08,86.27,2004-08-01
FR,CP0411,I96,2004-08,114.7,2004-08-01
LT,CP0411,I96,2004-08,213.2,2004-08-01
FR,CP0411,I05,2004-09,97.11,2004-09-01
LT,CP0411,I05,2004-09,89.77,2004-09-01
SI,CP0411,I05,2004-09,95.23,2004-09-01
FR,CP0411,I15,2004-09,80.87,2004-09-01
LT,CP0411,I15,2004-09,36.68,2004-09-01
SI,CP0411,I15,2004-09,87.35,2004-09-01
FR,CP0411,I96,2004-09,115.1,2004-09-01
LT,CP0411,I96,2004-09,223.5,2004-09-01
FR,CP0411,I05,2004-10,97.57,2004-10-01
LT,CP0411,I05,2004-10,90.58,2004-10-01
SI,CP0411,I05,2004-10,97.91,2004-10-01
FR,CP0411,I15,2004-10,81.26,2004-10-01
LT,CP0411,I15,2004-10,37.01,2004-10-01
SI,CP0411,I15,2004-10,89.81,2004-10-01
FR,CP0411,I96,2004-10,115.6,2004-10-01
LT,CP0411,I96,2004-10,225.5,2004-10-01
FR,CP0411,I05,2004-11,97.95,2004-11-01
LT,CP0411,I05,2004-11,89.46,2004-11-01
SI,CP0411,I05,2004-11,99.07,2004-11-01
FR,CP0411,I15,2004-11,81.57,2004-11-01
LT,CP0411,I15,2004-11,36.55,2004-11-01
SI,CP0411,I15,2004-11,90.87,2004-11-01
FR,CP0411,I96,2004-11,116.1,2004-11-01
LT,CP0411,I96,2004-11,222.7,2004-11-01
BE,CP0411,I05,2004-12,98.57,2004-12-01
FR,CP0411,I05,2004-12,98.18,2004-12-01
LT,CP0411,I05,2004-12,89.44,2004-12-01
SI,CP0411,I05,2004-12,97.67,2004-12-01
BE,CP0411,I15,2004-12,84.64,2004-12-01
FR,CP0411,I15,2004-12,81.76,2004-12-01
LT,CP0411,I15,2004-12,36.54,2004-12-01
SI,CP0411,I15,2004-12,89.59,2004-12-01
FR,CP0411,I96,2004-12,116.3,2004-12-01
LT,CP0411,I96,2004-12,222.7,2004-12-01
BE,CP0411,I05,2005-01,98.99,2005-01-01
FR,CP0411,I05,2005-01,98.41,2005-01-01
LT,CP0411,I05,2005-01,90.53,2005-01-01
SI,CP0411,I05,2005-01,99.42,2005-01-01
BE,CP0411,I15,2005-01,85.0,2005-01-01
FR,CP0411,I15,2005-01,81.95,2005-01-01
LT,CP0411,I15,2005-01,36.99,2005-01-01
SI,CP0411,I15,2005-01,91.19,2005-01-01
FR,CP0411,I96,2005-01,116.6,2005-01-01
LT,CP0411,I96,2005-01,225.4,2005-01-01
BE,CP0411,I05,2005-02,99.29,2005-02-01
FR,CP0411,I05,2005-02,98.69,2005-02-01
LT,CP0411,I05,2005-02,90.62,2005-02-01
SI,CP0411,I05,2005-02,99.99,2005-02-01
BE,CP0411,I15,2005-02,85.26,2005-02-01
FR,CP0411,I15,2005-02,82.19,2005-02-01
LT,CP0411,I15,2005-02,37.03,2005-02-01
SI,CP0411,I15,2005-02,91.71,2005-02-01
FR,CP0411,I96,2005-02,116.9,2005-02-01
LT,CP0411,I96,2005-02,225.6,2005-02-01
BE,CP0411,I05,2005-03,99.45,2005-03-01
FR,CP0411,I05,2005-03,99.02,2005-03-01
LT,CP0411,I05,2005-03,91.92,2005-03-01
SI,CP0411,I05,2005-03,99.9,2005-03-01
BE,CP0411,I15,2005-03,85.39,2005-03-01
FR,CP0411,I15,2005-03,82.46,2005-03-01
LT,CP0411,I15,2005-03,37.56,2005-03-01
SI,CP0411,I15,2005-03,91.63,2005-03-01
FR,CP0411,I96,2005-03,117.3,2005-03-01
LT,CP0411,I96,2005-03,228.8,2005-03-01
BE,CP0411,I05,2005-04,99.7,2005-04-01
FR,CP0411,I05,2005-04,99.4,2005-04-01
LT,CP0411,I05,2005-04,92.16,2005-04-01
SI,CP0411,I05,2005-04,99.84,2005-04-01
BE,CP0411,I15,2005-04,85.61,2005-04-01
FR,CP0411,I15,2005-04,82.78,2005-04-01
LT,CP0411,I15,2005-04,37.66,2005-04-01
SI,CP0411,I15,2005-04,91.58,2005-04-01
FR,CP0411,I96,2005-04,117.8,2005-04-01
LT,CP0411,I96,2005-04,229.4,2005-04-01
BE,CP0411,I05,2005-05,99.77,2005-05-01
FR,CP0411,I05,2005-05,99.64,2005-05-01
LT,CP0411,I05,2005-05,98.45,2005-05-01
SI,CP0411,I05,2005-05,99.75,2005-05-01
BE,CP0411,I15,2005-05,85.67,2005-05-01
FR,CP0411,I15,2005-05,82.98,2005-05-01
LT,CP0411,I15,2005-05,40.23,2005-05-01
SI,CP0411,I15,2005-05,91.49,2005-05-01
FR,CP0411,I96,2005-05,118.1,2005-05-01
LT,CP0411,I96,2005-05,245.1,2005-05-01
BE,CP0411,I05,2005-06,99.91,2005-06-01
FR,CP0411,I05,2005-06,99.86,2005-06-01
LT,CP0411,I05,2005-06,99.61,2005-06-01
SI,CP0411,I05,2005-06,98.44,2005-06-01
BE,CP0411,I15,2005-06,85.78,2005-06-01
FR,CP0411,I15,2005-06,83.16,2005-06-01
LT,CP0411,I15,2005-06,40.7,2005-06-01
SI,CP0411,I15,2005-06,90.29,2005-06-01
FR,CP0411,I96,2005-06,118.3,2005-06-01
LT,CP0411,I96,2005-06,248.0,2005-06-01
BE,CP0411,I05,2005-07,100.08,2005-07-01
FR,CP0411,I05,2005-07,100.0,2005-07-01
LT,CP0411,I05,2005-07,99.88,2005-07-01
SI,CP0411,I05,2005-07,98.29,2005-07-01
BE,CP0411,I15,2005-07,85.93,2005-07-01
FR,CP0411,I15,2005-07,83.28,2005-07-01
LT,CP0411,I15,2005-07,40.81,2005-07-01
SI,CP0411,I15,2005-07,90.15,2005-07-01
FR,CP0411,I96,2005-07,118.5,2005-07-01
LT,CP0411,I96,2005-07,248.7,2005-07-01
BE,CP0411,I05,2005-08,100.24,2005-08-01
FR,CP0411,I05,2005-08,100.41,2005-08-01
LT,CP0411,I05,2005-08,100.71,2005-08-01
SI,CP0411,I05,2005-08,100.13,2005-08-01
BE,CP0411,I15,2005-08,86.07,2005-08-01
FR,CP0411,I15,2005-08,83.62,2005-08-01
LT,CP0411,I15,2005-08,41.15,2005-08-01
SI,CP0411,I15,2005-08,91.85,2005-08-01
FR,CP0411,I96,2005-08,119.0,2005-08-01
LT,CP0411,I96,2005-08,250.7,2005-08-01
BE,CP0411,I05,2005-09,100.44,2005-09-01
FR,CP0411,I05,2005-09,100.81,2005-09-01
LT,CP0411,I05,2005-09,106.96,2005-09-01
SI,CP0411,I05,2005-09,100.9,2005-09-01
BE,CP0411,I15,2005-09,86.24,2005-09-01
FR,CP0411,I15,2005-09,83.95,2005-09-01
LT,CP0411,I15,2005-09,43.71,2005-09-01
SI,CP0411,I15,2005-09,92.55,2005-09-01
FR,CP0411,I96,2005-09,119.4,2005-09-01
LT,CP0411,I96,2005-09,266.3,2005-09-01
BE,CP0411,I05,2005-10,100.62,2005-10-01
FR,CP0411,I05,2005-10,100.9,2005-10-01
LT,CP0411,I05,2005-10,107.47,2005-10-01
SI,CP0411,I05,2005-10,100.46,2005-10-01
BE,CP0411,I15,2005-10,86.39,2005-10-01
FR,CP0411,I15,2005-10,84.03,2005-10-01
LT,CP0411,I15,2005-10,43.91,2005-10-01
SI,CP0411,I15,2005-10,92.14,2005-10-01
FR,CP0411,I96,2005-10,119.6,2005-10-01
LT,CP0411,I96,2005-10,267.6,2005-10-01
BE,CP0411,I05,2005-11,100.66,2005-11-01
FR,CP0411,I05,2005-11,101.31,2005-11-01
LT,CP0411,I05,2005-11,110.72,2005-11-01
SI,CP0411,I05,2005-11,101.31,2005-11-01
BE,CP0411,I15,2005-11,86.43,2005-11-01
FR,CP0411,I15,2005-11,84.37,2005-11-01
LT,CP0411,I15,2005-11,45.24,2005-11-01
SI,CP0411,I15,2005-11,92.92,2005-11-01
FR,CP0411,I96,2005-11,120.0,2005-11-01
LT,CP0411,I96,2005-11,275.7,2005-11-01
BE,CP0411,I05,2005-12,100.84,2005-12-01
FR,CP0411,I05,2005-12,101.55,2005-12-01
LT,CP0411,I05,2005-12,110.98,2005-12-01
SI,CP0411,I05,2005-12,101.58,2005-12-01
BE,CP0411,I15,2005-12,86.59,2005-12-01
FR,CP0411,I15,2005-12,84.57,2005-12-01
LT,CP0411,I15,2005-12,45.35,2005-12-01
SI,CP0411,I15,2005-12,93.17,2005-12-01
FR,CP0411,I96,2005-12,120.3,2005-12-01
LT,CP0411,I96,2005-12,276.3,2005-12-01
BE,CP0411,I05,2006-01,101.31,2006-01-01
FR,CP0411,I05,2006-01,101.95,2006-01-01
LT,CP0411,I05,2006-01,112.07,2006-01-01
SI,CP0411,I05,2006-01,102.65,2006-01-01
BE,CP0411,I15,2006-01,86.99,2006-01-01
FR,CP0411,I15,2006-01,84.9,2006-01-01
LT,CP0411,I15,2006-01,45.79,2006-01-01
SI,CP0411,I15,2006-01,94.15,2006-01-01
FR,CP0411,I96,2006-01,120.8,2006-01-01
LT,CP0411,I96,2006-01,279.0,2006-01-01
BE,CP0411,I05,2006-02,101.39,2006-02-01
FR,CP0411,I05,2006-02,102.33,2006-02-01
LT,CP0411,I05,2006-02,112.37,2006-02-01
SI,CP0411,I05,2006-02,102.71,2006-02-01
BE,CP0411,I15,2006-02,87.06,2006-02-01
FR,CP0411,I15,2006-02,85.22,2006-02-01
LT,CP0411,I15,2006-02,45.91,2006-02-01
SI,CP0411,I15,2006-02,94.21,2006-02-01
FR,CP0411,I96,2006-02,121.3,2006-02-01
LT,CP0411,I96,2006-02,279.8,2006-02-01
BE,CP0411,I05,2006-03,101.57,2006-03-01
FR,CP0411,I05,2006-03,102.71,2006-03-01
LT,CP0411,I05,2006-03,113.98,2006-03-01
SI,CP0411,I05,2006-03,102.68,2006-03-01
BE,CP0411,I15,2006-03,87.21,2006-03-01
FR,CP0411,I15,2006-03,85.54,2006-03-01
LT,CP0411,I15,2006-03,46.57,2006-03-01
SI,CP0411,I15,2006-03,94.18,2006-03-01
FR,CP0411,I96,2006-03,121.7,2006-03-01
LT,CP0411,I96,2006-03,283.8,2006-03-01
BE,CP0411,I05,2006-04,101.65,2006-04-01
FR,CP0411,I05,2006-04,102.99,2006-04-01
LT,CP0411,I05,2006-04,114.03,2006-04-01
SI,CP0411,I05,2006-04,102.35,2006-04-01
BE,CP0411,I15,2006-04,87.28,2006-04-01
FR,CP0411,I15,2006-04,85.77,2006-04-01
LT,CP0411,I15,2006-04,46.59,2006-04-01
SI,CP0411,I15,2006-04,93.88,2006-04-01
FR,CP0411,I96,2006-04,122.0,2006-04-01
LT,CP0411,I96,2006-04,283.9,2006-04-01
BE,CP0411,I05,2006-05,101.82,2006-05-01
FR,CP0411,I05,2006-05,103.16,2006-05-01
LT,CP0411,I05,2006-05,119.18,2006-05-01
SI,CP0411,I05,2006-05,102.29,2006-05-01
BE,CP0411,I15,2006-05,87.43,2006-05-01
FR,CP0411,I15,2006-05,85.91,2006-05-01
LT,CP0411,I15,2006-05,48.7,2006-05-01
SI,CP0411,I15,2006-05,93.82,2006-05-01
FR,CP0411,I96,2006-05,122.2,2006-05-01
LT,CP0411,I96,2006-05,296.7,2006-05-01
BE,CP0411,I05,2006-06,102.03,2006-06-01
FR,CP0411,I05,2006-06,103.34,2006-06-01
LT,CP0411,I05,2006-06,121.23,2006-06-01
SI,CP0411,I05,2006-06,101.85,2006-06-01
BE,CP0411,I15,2006-06,87.61,2006-06-01
FR,CP0411,I15,2006-06,86.06,2006-06-01
LT,CP0411,I15,2006-06,49.54,2006-06-01
SI,CP0411,I15,2006-06,93.42,2006-06-01
FR,CP0411,I96,2006-06,122.4,2006-06-01
LT,CP0411,I96,2006-06,301.8,2006-06-01
BE,CP0411,I05,2006-07,102.17,2006-07-01
FR,CP0411,I05,2006-07,103.48,2006-07-01
LT,CP0411,I05,2006-07,123.14,2006-07-01
SI,CP0411,I05,2006-07,102.82,2006-07-01
BE,CP0411,I15,2006-07,87.73,2006-07-01
FR,CP0411,I15,2006-07,86.17,2006-07-01
LT,CP0411,I15,2006-07,50.32,2006-07-01
SI,CP0411,I15,2006-07,94.31,2006-07-01
FR,CP0411,I96,2006-07,122.6,2006-07-01
LT,CP0411,I96,2006-07,306.6,2006-07-01
BE,CP0411,I05,2006-08,102.26,2006-08-01
FR,CP0411,I05,2006-08,103.79,2006-08-01
LT,CP0411,I05,2006-08,123.02,2006-08-01
SI,CP0411,I05,2006-08,104.27,2006-08-01
BE,CP0411,I15,2006-08,87.81,2006-08-01
FR,CP0411,I15,2006-08,86.44,2006-08-01
LT,CP0411,I15,2006-08,50.27,2006-08-01
SI,CP0411,I15,2006-08,95.64,2006-08-01
FR,CP0411,I96,2006-08,123.0,2006-08-01
LT,CP0411,I96,2006-08,306.3,2006-08-01
BE,CP0411,I05,2006-09,102.55,2006-09-01
FR,CP0411,I05,2006-09,104.1,2006-09-01
LT,CP0411,I05,2006-09,125.65,2006-09-01
SI,CP0411,I05,2006-09,103.65,2006-09-01
BE,CP0411,I15,2006-09,88.06,2006-09-01
FR,CP0411,I15,2006-09,86.7,2006-09-01
LT,CP0411,I15,2006-09,51.34,2006-09-01
SI,CP0411,I15,2006-09,95.08,2006-09-01
FR,CP0411,I96,2006-09,123.4,2006-09-01
LT,CP0411,I96,2006-09,312.8,2006-09-01
BE,CP0411,I05,2006-10,102.52,2006-10-01
FR,CP0411,I05,2006-10,104.32,2006-10-01
LT,CP0411,I05,2006-10,129.8,2006-10-01
SI,CP0411,I05,2006-10,103.66,2006-10-01
BE,CP0411,I15,2006-10,88.02,2006-10-01
FR,CP0411,I15,2006-10,86.87,2006-10-01
LT,CP0411,I15,2006-10,53.04,2006-10-01
SI,CP0411,I15,2006-10,95.08,2006-10-01
FR,CP0411,I96,2006-10,123.6,2006-10-01
LT,CP0411,I96,2006-10,323.2,2006-10-01
BE,CP0411,I05,2006-11,102.61,2006-11-01
FR,CP0411,I05,2006-11,104.55,2006-11-01
LT,CP0411,I05,2006-11,130.09,2006-11-01
SI,CP0411,I05,2006-11,103.79,2006-11-01
BE,CP0411,I15,2006-11,88.11,2006-11-01
FR,CP0411,I15,2006-11,87.07,2006-11-01
LT,CP0411,I15,2006-11,53.15,2006-11-01
SI,CP0411,I15,2006-11,95.2,2006-11-01
FR,CP0411,I96,2006-11,123.9,2006-11-01
LT,CP0411,I96,2006-11,323.9,2006-11-01
BE,CP0411,I05,2006-12,102.75,2006-12-01
FR,CP0411,I05,2006-12,104.79,2006-12-01
LT,CP0411,I05,2006-12,128.75,2006-12-01
SI,CP0411,I05,2006-12,102.7,2006-12-01
BE,CP0411,I15,2006-12,88.23,2006-12-01
FR,CP0411,I15,2006-12,87.26,2006-12-01
LT,CP0411,I15,2006-12,52.61,2006-12-01
SI,CP0411,I15,2006-12,94.2,2006-12-01
FR,CP0411,I96,2006-12,124.2,2006-12-01
LT,CP0411,I96,2006-12,320.5,2006-12-01
BE,CP0411,I05,2007-01,103.06,2007-01-01
FR,CP0411,I05,2007-01,105.05,2007-01-01
LT,CP0411,I05,2007-01,128.43,2007-01-01
SI,CP0411,I05,2007-01,103.04,2007-01-01
BE,CP0411,I15,2007-01,88.49,2007-01-01
FR,CP0411,I15,2007-01,87.48,2007-01-01
LT,CP0411,I15,2007-01,52.48,2007-01-01
SI,CP0411,I15,2007-01,94.51,2007-01-01
FR,CP0411,I96,2007-01,124.5,2007-01-01
LT,CP0411,I96,2007-01,319.8,2007-01-01
BE,CP0411,I05,2007-02,103.18,2007-02-01
FR,CP0411,I05,2007-02,105.42,2007-02-01
LT,CP0411,I05,2007-02,132.42,2007-02-01
SI,CP0411,I05,2007-02,104.83,2007-02-01
BE,CP0411,I15,2007-02,88.59,2007-02-01
FR,CP0411,I15,2007-02,87.79,2007-02-01
LT,CP0411,I15,2007-02,54.11,2007-02-01
SI,CP0411,I15,2007-02,96.16,2007-02-01
FR,CP0411,I96,2007-02,124.9,2007-02-01
LT,CP0411,I96,2007-02,329.7,2007-02-01
BE,CP0411,I05,2007-03,103.44,2007-03-01
FR,CP0411,I05,2007-03,105.79,2007-03-01
LT,CP0411,I05,2007-03,135.02,2007-03-01
SI,CP0411,I05,2007-03,104.3,2007-03-01
BE,CP0411,I15,2007-03,88.82,2007-03-01
FR,CP0411,I15,2007-03,88.1,2007-03-01
LT,CP0411,I15,2007-03,55.17,2007-03-01
SI,CP0411,I15,2007-03,95.67,2007-03-01
FR,CP0411,I96,2007-03,125.4,2007-03-01
LT,CP0411,I96,2007-03,336.2,2007-03-01
BE,CP0411,I05,2007-04,103.54,2007-04-01
FR,CP0411,I05,2007-04,106.26,2007-04-01
LT,CP0411,I05,2007-04,135.65,2007-04-01
SI,CP0411,I05,2007-04,104.33,2007-04-01
BE,CP0411,I15,2007-04,88.9,2007-04-01
FR,CP0411,I15,2007-04,88.49,2007-04-01
LT,CP0411,I15,2007-04,55.43,2007-04-01
SI,CP0411,I15,2007-04,95.7,2007-04-01
FR,CP0411,I96,2007-04,125.9,2007-04-01
LT,CP0411,I96,2007-04,337.7,2007-04-01
BE,CP0411,I05,2007-05,103.7,2007-05-01
FR,CP0411,I05,2007-05,106.46,2007-05-01
LT,CP0411,I05,2007-05,137.5,2007-05-01
SI,CP0411,I05,2007-05,103.6,2007-05-01
BE,CP0411,I15,2007-05,89.04,2007-05-01
FR,CP0411,I15,2007-05,88.66,2007-05-01
LT,CP0411,I15,2007-05,56.18,2007-05-01
SI,CP0411,I15,2007-05,95.03,2007-05-01
FR,CP0411,I96,2007-05,126.1,2007-05-01
LT,CP0411,I96,2007-05,342.3,2007-05-01
BE,CP0411,I05,2007-06,103.82,2007-06-01
FR,CP0411,I05,2007-06,106.67,2007-06-01
LT,CP0411,I05,2007-06,148.28,2007-06-01
SI,CP0411,I05,2007-06,105.24,2007-06-01
BE,CP0411,I15,2007-06,89.14,2007-06-01
FR,CP0411,I15,2007-06,88.83,2007-06-01
LT,CP0411,I15,2007-06,60.59,2007-06-01
SI,CP0411,I15,2007-06,96.53,2007-06-01
FR,CP0411,I96,2007-06,126.4,2007-06-01
LT,CP0411,I96,2007-06,369.2,2007-06-01
BE,CP0411,I05,2007-07,104.01,2007-07-01
FR,CP0411,I05,2007-07,106.74,2007-07-01
LT,CP0411,I05,2007-07,155.19,2007-07-01
SI,CP0411,I05,2007-07,106.19,2007-07-01
BE,CP0411,I15,2007-07,89.31,2007-07-01
FR,CP0411,I15,2007-07,88.89,2007-07-01
LT,CP0411,I15,2007-07,63.41,2007-07-01
SI,CP0411,I15,2007-07,97.4,2007-07-01
FR,CP0411,I96,2007-07,126.5,2007-07-01
LT,CP0411,I96,2007-07,386.4,2007-07-01
BE,CP0411,I05,2007-08,104.1,2007-08-01
FR,CP0411,I05,2007-08,107.06,2007-08-01
LT,CP0411,I05,2007-08,156.52,2007-08-01
SI,CP0411,I05,2007-08,107.99,2007-08-01
BE,CP0411,I15,2007-08,89.39,2007-08-01
FR,CP0411,I15,2007-08,89.16,2007-08-01
LT,CP0411,I15,2007-08,63.96,2007-08-01
SI,CP0411,I15,2007-08,99.05,2007-08-01
FR,CP0411,I96,2007-08,126.9,2007-08-01
LT,CP0411,I96,2007-08,389.7,2007-08-01
BE,CP0411,I05,2007-09,104.19,2007-09-01
FR,CP0411,I05,2007-09,107.37,2007-09-01
LT,CP0411,I05,2007-09,177.11,2007-09-01
SI,CP0411,I05,2007-09,107.11,2007-09-01
BE,CP0411,I15,2007-09,89.46,2007-09-01
FR,CP0411,I15,2007-09,89.42,2007-09-01
LT,CP0411,I15,2007-09,72.37,2007-09-01
SI,CP0411,I15,2007-09,98.24,2007-09-01
FR,CP0411,I96,2007-09,127.2,2007-09-01
LT,CP0411,I96,2007-09,440.9,2007-09-01
BE,CP0411,I05,2007-10,104.43,2007-10-01
FR,CP0411,I05,2007-10,107.57,2007-10-01
LT,CP0411,I05,2007-10,184.19,2007-10-01
SI,CP0411,I05,2007-10,107.08,2007-10-01
BE,CP0411,I15,2007-10,89.67,2007-10-01
FR,CP0411,I15,2007-10,89.58,2007-10-01
LT,CP0411,I15,2007-10,75.26,2007-10-01
SI,CP0411,I15,2007-10,98.21,2007-10-01
FR,CP0411,I96,2007-10,127.5,2007-10-01
LT,CP0411,I96,2007-10,458.6,2007-10-01
BE,CP0411,I05,2007-11,104.41,2007-11-01
FR,CP0411,I05,2007-11,107.85,2007-11-01
LT,CP0411,I05,2007-11,184.55,2007-11-01
SI,CP0411,I05,2007-11,109.35,2007-11-01
BE,CP0411,I15,2007-11,89.65,2007-11-01
FR,CP0411,I15,2007-11,89.82,2007-11-01
LT,CP0411,I15,2007-11,75.41,2007-11-01
SI,CP0411,I15,2007-11,100.3,2007-11-01
FR,CP0411,I96,2007-11,127.8,2007-11-01
LT,CP0411,I96,2007-11,459.5,2007-11-01
BE,CP0411,I05,2007-12,104.47,2007-12-01
FR,CP0411,I05,2007-12,108.13,2007-12-01
LT,CP0411,I05,2007-12,192.55,2007-12-01
SI,CP0411,I05,2007-12,109.72,2007-12-01
BE,CP0411,I15,2007-12,89.7,2007-12-01
FR,CP0411,I15,2007-12,90.05,2007-12-01
LT,CP0411,I15,2007-12,78.68,2007-12-01
SI,CP0411,I15,2007-12,100.64,2007-12-01
FR,CP0411,I96,2007-12,128.1,2007-12-01
LT,CP0411,I96,2007-12,479.4,2007-12-01
BE,CP0411,I05,2008-01,104.75,2008-01-01
FR,CP0411,I05,2008-01,108.14,2008-01-01
LT,CP0411,I05,2008-01,193.59,2008-01-01
SI,CP0411,I05,2008-01,112.53,2008-01-01
BE,CP0411,I15,2008-01,89.94,2008-01-01
FR,CP0411,I15,2008-01,90.06,2008-01-01
LT,CP0411,I15,2008-01,79.1,2008-01-01
SI,CP0411,I15,2008-01,103.22,2008-01-01
FR,CP0411,I96,2008-01,128.1,2008-01-01
LT,CP0411,I96,2008-01,482.0,2008-01-01
BE,CP0411,I05,2008-02,105.11,2008-02-01
FR,CP0411,I05,2008-02,108.37,2008-02-01
LT,CP0411,I05,2008-02,194.42,2008-02-01
SI,CP0411,I05,2008-02,112.79,2008-02-01
BE,CP0411,I15,2008-02,90.25,2008-02-01
FR,CP0411,I15,2008-02,90.25,2008-02-01
LT,CP0411,I15,2008-02,79.44,2008-02-01
SI,CP0411,I15,2008-02,103.45,2008-02-01
FR,CP0411,I96,2008-02,128.4,2008-02-01
LT,CP0411,I96,2008-02,484.0,2008-02-01
BE,CP0411,I05,2008-03,105.35,2008-03-01
FR,CP0411,I05,2008-03,108.6,2008-03-01
LT,CP0411,I05,2008-03,198.45,2008-03-01
SI,CP0411,I05,2008-03,112.76,2008-03-01
BE,CP0411,I15,2008-03,90.46,2008-03-01
FR,CP0411,I15,2008-03,90.44,2008-03-01
LT,CP0411,I15,2008-03,81.09,2008-03-01
SI,CP0411,I15,2008-03,103.43,2008-03-01
FR,CP0411,I96,2008-03,128.7,2008-03-01
LT,CP0411,I96,2008-03,494.1,2008-03-01
BE,CP0411,I05,2008-04,105.56,2008-04-01
FR,CP0411,I05,2008-04,108.67,2008-04-01
LT,CP0411,I05,2008-04,204.58,2008-04-01
SI,CP0411,I05,2008-04,113.09,2008-04-01
BE,CP0411,I15,2008-04,90.64,2008-04-01
FR,CP0411,I15,2008-04,90.5,2008-04-01
LT,CP0411,I15,2008-04,83.59,2008-04-01
SI,CP0411,I15,2008-04,103.73,2008-04-01
FR,CP0411,I96,2008-04,128.8,2008-04-01
LT,CP0411,I96,2008-04,509.3,2008-04-01
BE,CP0411,I05,2008-05,105.66,2008-05-01
FR,CP0411,I05,2008-05,108.85,2008-05-01
LT,CP0411,I05,2008-05,211.46,2008-05-01
SI,CP0411,I05,2008-05,113.3,2008-05-01
BE,CP0411,I15,2008-05,90.73,2008-05-01
FR,CP0411,I15,2008-05,90.65,2008-05-01
LT,CP0411,I15,2008-05,86.4,2008-05-01
SI,CP0411,I15,2008-05,103.93,2008-05-01
FR,CP0411,I96,2008-05,129.0,2008-05-01
LT,CP0411,I96,2008-05,526.5,2008-05-01
BE,CP0411,I05,2008-06,105.76,2008-06-01
FR,CP0411,I05,2008-06,109.04,2008-06-01
LT,CP0411,I05,2008-06,212.52,2008-06-01
SI,CP0411,I05,2008-06,113.24,2008-06-01
BE,CP0411,I15,2008-06,90.81,2008-06-01
FR,CP0411,I15,2008-06,90.8,2008-06-01
LT,CP0411,I15,2008-06,86.84,2008-06-01
SI,CP0411,I15,2008-06,103.86,2008-06-01
FR,CP0411,I96,2008-06,129.2,2008-06-01
LT,CP0411,I96,2008-06,529.1,2008-06-01
BE,CP0411,I05,2008-07,105.88,2008-07-01
FR,CP0411,I05,2008-07,108.99,2008-07-01
LT,CP0411,I05,2008-07,216.06,2008-07-01
SI,CP0411,I05,2008-07,113.17,2008-07-01
BE,CP0411,I15,2008-07,90.92,2008-07-01
FR,CP0411,I15,2008-07,90.76,2008-07-01
LT,CP0411,I15,2008-07,88.28,2008-07-01
SI,CP0411,I15,2008-07,103.81,2008-07-01
FR,CP0411,I96,2008-07,129.1,2008-07-01
LT,CP0411,I96,2008-07,537.9,2008-07-01
BE,CP0411,I05,2008-08,106.15,2008-08-01
FR,CP0411,I05,2008-08,109.24,2008-08-01
LT,CP0411,I05,2008-08,221.29,2008-08-01
SI,CP0411,I05,2008-08,114.63,2008-08-01
BE,CP0411,I15,2008-08,91.14,2008-08-01
FR,CP0411,I15,2008-08,90.98,2008-08-01
LT,CP0411,I15,2008-08,90.42,2008-08-01
SI,CP0411,I15,2008-08,105.14,2008-08-01
FR,CP0411,I96,2008-08,129.4,2008-08-01
LT,CP0411,I96,2008-08,550.9,2008-08-01
BE,CP0411,I05,2008-09,106.19,2008-09-01
FR,CP0411,I05,2008-09,109.5,2008-09-01
LT,CP0411,I05,2008-09,222.43,2008-09-01
SI,CP0411,I05,2008-09,113.71,2008-09-01
BE,CP0411,I15,2008-09,91.18,2008-09-01
FR,CP0411,I15,2008-09,91.19,2008-09-01
LT,CP0411,I15,2008-09,90.88,2008-09-01
SI,CP0411,I15,2008-09,104.3,2008-09-01
FR,CP0411,I96,2008-09,129.7,2008-09-01
LT,CP0411,I96,2008-09,553.8,2008-09-01
BE,CP0411,I05,2008-10,106.34,2008-10-01
FR,CP0411,I05,2008-10,109.67,2008-10-01
LT,CP0411,I05,2008-10,222.58,2008-10-01
SI,CP0411,I05,2008-10,114.05,2008-10-01
BE,CP0411,I15,2008-10,91.31,2008-10-01
FR,CP0411,I15,2008-10,91.33,2008-10-01
LT,CP0411,I15,2008-10,90.94,2008-10-01
SI,CP0411,I15,2008-10,104.61,2008-10-01
FR,CP0411,I96,2008-10,129.9,2008-10-01
LT,CP0411,I96,2008-10,554.1,2008-10-01
BE,CP0411,I05,2008-11,106.55,2008-11-01
FR,CP0411,I05,2008-11,109.85,2008-11-01
LT,CP0411,I05,2008-11,223.92,2008-11-01
SI,CP0411,I05,2008-11,114.25,2008-11-01
BE,CP0411,I15,2008-11,91.49,2008-11-01
FR,CP0411,I15,2008-11,91.48,2008-11-01
LT,CP0411,I15,2008-11,91.49,2008-11-01
SI,CP0411,I15,2008-11,104.8,2008-11-01
FR,CP0411,I96,2008-11,130.2,2008-11-01
LT,CP0411,I96,2008-11,557.5,2008-11-01
BE,CP0411,I05,2008-12,106.6,2008-12-01
FR,CP0411,I05,2008-12,110.02,2008-12-01
LT,CP0411,I05,2008-12,224.16,2008-12-01
SI,CP0411,I05,2008-12,113.5,2008-12-01
BE,CP0411,I15,2008-12,91.53,2008-12-01
FR,CP0411,I15,2008-12,91.63,2008-12-01
LT,CP0411,I15,2008-12,91.59,2008-12-01
SI,CP0411,I15,2008-12,104.11,2008-12-01
FR,CP0411,I96,2008-12,130.4,2008-12-01
LT,CP0411,I96,2008-12,558.1,2008-12-01
BE,CP0411,I05,2009-01,107.09,2009-01-01
FR,CP0411,I05,2009-01,109.99,2009-01-01
LT,CP0411,I05,2009-01,220.97,2009-01-01
SI,CP0411,I05,2009-01,113.93,2009-01-01
BE,CP0411,I15,2009-01,91.95,2009-01-01
FR,CP0411,I15,2009-01,91.6,2009-01-01
LT,CP0411,I15,2009-01,90.29,2009-01-01
SI,CP0411,I15,2009-01,104.5,2009-01-01
FR,CP0411,I96,2009-01,130.3,2009-01-01
LT,CP0411,I96,2009-01,550.1,2009-01-01
BE,CP0411,I05,2009-02,107.2,2009-02-01
FR,CP0411,I05,2009-02,110.25,2009-02-01
LT,CP0411,I05,2009-02,208.78,2009-02-01
SI,CP0411,I05,2009-02,113.79,2009-02-01
BE,CP0411,I15,2009-02,92.05,2009-02-01
FR,CP0411,I15,2009-02,91.81,2009-02-01
LT,CP0411,I15,2009-02,85.31,2009-02-01
SI,CP0411,I15,2009-02,104.37,2009-02-01
FR,CP0411,I96,2009-02,130.6,2009-02-01
LT,CP0411,I96,2009-02,519.8,2009-02-01
BE,CP0411,I05,2009-03,107.49,2009-03-01
FR,CP0411,I05,2009-03,110.52,2009-03-01
LT,CP0411,I05,2009-03,199.22,2009-03-01
SI,CP0411,I05,2009-03,113.88,2009-03-01
BE,CP0411,I15,2009-03,92.29,2009-03-01
FR,CP0411,I15,2009-03,92.04,2009-03-01
LT,CP0411,I15,2009-03,81.4,2009-03-01
SI,CP0411,I15,2009-03,104.45,2009-03-01
FR,CP0411,I96,2009-03,131.0,2009-03-01
LT,CP0411,I96,2009-03,496.0,2009-03-01
BE,CP0411,I05,2009-04,107.7,2009-04-01
FR,CP0411,I05,2009-04,110.98,2009-04-01
LT,CP0411,I05,2009-04,198.54,2009-04-01
SI,CP0411,I05,2009-04,113.29,2009-04-01
BE,CP0411,I15,2009-04,92.47,2009-04-01
FR,CP0411,I15,2009-04,92.42,2009-04-01
LT,CP0411,I15,2009-04,81.12,2009-04-01
SI,CP0411,I15,2009-04,103.91,2009-04-01
FR,CP0411,I96,2009-04,131.5,2009-04-01
LT,CP0411,I96,2009-04,494.3,2009-04-01
BE,CP0411,I05,2009-05,107.78,2009-05-01
FR,CP0411,I05,2009-05,111.14,2009-05-01
LT,CP0411,I05,2009-05,197.47,2009-05-01
SI,CP0411,I05,2009-05,112.15,2009-05-01
BE,CP0411,I15,2009-05,92.54,2009-05-01
FR,CP0411,I15,2009-05,92.55,2009-05-01
LT,CP0411,I15,2009-05,80.69,2009-05-01
SI,CP0411,I15,2009-05,102.87,2009-05-01
FR,CP0411,I96,2009-05,131.7,2009-05-01
LT,CP0411,I96,2009-05,491.6,2009-05-01
BE,CP0411,I05,2009-06,108.09,2009-06-01
FR,CP0411,I05,2009-06,111.3,2009-06-01
LT,CP0411,I05,2009-06,191.68,2009-06-01
SI,CP0411,I05,2009-06,112.51,2009-06-01
BE,CP0411,I15,2009-06,92.81,2009-06-01
FR,CP0411,I15,2009-06,92.69,2009-06-01
LT,CP0411,I15,2009-06,78.32,2009-06-01
SI,CP0411,I15,2009-06,103.2,2009-06-01
FR,CP0411,I96,2009-06,131.9,2009-06-01
LT,CP0411,I96,2009-06,477.2,2009-06-01
BE,CP0411,I05,2009-07,108.27,2009-07-01
FR,CP0411,I05,2009-07,111.44,2009-07-01
LT,CP0411,I05,2009-07,186.76,2009-07-01
SI,CP0411,I05,2009-07,113.05,2009-07-01
BE,CP0411,I15,2009-07,92.97,2009-07-01
FR,CP0411,I15,2009-07,92.8,2009-07-01
LT,CP0411,I15,2009-07,76.31,2009-07-01
SI,CP0411,I15,2009-07,103.69,2009-07-01
FR,CP0411,I96,2009-07,132.0,2009-07-01
LT,CP0411,I96,2009-07,465.0,2009-07-01
BE,CP0411,I05,2009-08,108.14,2009-08-01
FR,CP0411,I05,2009-08,111.7,2009-08-01
LT,CP0411,I05,2009-08,183.86,2009-08-01
SI,CP0411,I05,2009-08,113.09,2009-08-01
BE,CP0411,I15,2009-08,92.86,2009-08-01
FR,CP0411,I15,2009-08,93.02,2009-08-01
LT,CP0411,I15,2009-08,75.12,2009-08-01
SI,CP0411,I15,2009-08,103.73,2009-08-01
FR,CP0411,I96,2009-08,132.4,2009-08-01
LT,CP0411,I96,2009-08,457.7,2009-08-01
BE,CP0411,I05,2009-09,108.34,2009-09-01
FR,CP0411,I05,2009-09,111.96,2009-09-01
LT,CP0411,I05,2009-09,185.39,2009-09-01
SI,CP0411,I05,2009-09,112.65,2009-09-01
BE,CP0411,I15,2009-09,93.03,2009-09-01
FR,CP0411,I15,2009-09,93.24,2009-09-01
LT,CP0411,I15,2009-09,75.75,2009-09-01
SI,CP0411,I15,2009-09,103.33,2009-09-01
FR,CP0411,I96,2009-09,132.7,2009-09-01
LT,CP0411,I96,2009-09,461.6,2009-09-01
BE,CP0411,I05,2009-10,108.38,2009-10-01
FR,CP0411,I05,2009-10,111.96,2009-10-01
LT,CP0411,I05,2009-10,174.9,2009-10-01
SI,CP0411,I05,2009-10,112.4,2009-10-01
BE,CP0411,I15,2009-10,93.06,2009-10-01
FR,CP0411,I15,2009-10,93.24,2009-10-01
LT,CP0411,I15,2009-10,71.46,2009-10-01
SI,CP0411,I15,2009-10,103.1,2009-10-01
FR,CP0411,I96,2009-10,132.7,2009-10-01
LT,CP0411,I96,2009-10,435.4,2009-10-01
BE,CP0411,I05,2009-11,108.33,2009-11-01
FR,CP0411,I05,2009-11,112.07,2009-11-01
LT,CP0411,I05,2009-11,168.99,2009-11-01
SI,CP0411,I05,2009-11,112.17,2009-11-01
BE,CP0411,I15,2009-11,93.01,2009-11-01
FR,CP0411,I15,2009-11,93.33,2009-11-01
LT,CP0411,I15,2009-11,69.05,2009-11-01
SI,CP0411,I15,2009-11,102.89,2009-11-01
FR,CP0411,I96,2009-11,132.8,2009-11-01
LT,CP0411,I96,2009-11,420.7,2009-11-01
BE,CP0411,I05,2009-12,108.37,2009-12-01
FR,CP0411,I05,2009-12,112.19,2009-12-01
LT,CP0411,I05,2009-12,164.48,2009-12-01
SI,CP0411,I05,2009-12,111.52,2009-12-01
BE,CP0411,I15,2009-12,93.05,2009-12-01
DK,CP0411,I15,2009-12,86.7,2009-12-01
FR,CP0411,I15,2009-12,93.43,2009-12-01
IT,CP0411,I15,2009-12,94.2,2009-12-01
LT,CP0411,I15,2009-12,67.21,2009-12-01
NL,CP0411,I15,2009-12,85.08,2009-12-01
SI,CP0411,I15,2009-12,102.29,2009-12-01
FR,CP0411,I96,2009-12,132.9,2009-12-01
LT,CP0411,I96,2009-12,409.5,2009-12-01
BE,CP0411,I05,2010-01,108.66,2010-01-01
FR,CP0411,I05,2010-01,112.27,2010-01-01
LT,CP0411,I05,2010-01,153.72,2010-01-01
SI,CP0411,I05,2010-01,111.97,2010-01-01
BE,CP0411,I15,2010-01,93.3,2010-01-01
DK,CP0411,I15,2010-01,86.7,2010-01-01
FR,CP0411,I15,2010-01,93.49,2010-01-01
IT,CP0411,I15,2010-01,94.6,2010-01-01
LT,CP0411,I15,2010-01,62.81,2010-01-01
NL,CP0411,I15,2010-01,85.08,2010-01-01
SI,CP0411,I15,2010-01,102.71,2010-01-01
FR,CP0411,I96,2010-01,133.0,2010-01-01
LT,CP0411,I96,2010-01,382.7,2010-01-01
BE,CP0411,I05,2010-02,108.72,2010-02-01
FR,CP0411,I05,2010-02,112.52,2010-02-01
LT,CP0411,I05,2010-02,145.95,2010-02-01
SI,CP0411,I05,2010-02,111.59,2010-02-01
BE,CP0411,I15,2010-02,93.35,2010-02-01
DK,CP0411,I15,2010-02,89.2,2010-02-01
FR,CP0411,I15,2010-02,93.7,2010-02-01
IT,CP0411,I15,2010-02,94.7,2010-02-01
LT,CP0411,I15,2010-02,59.64,2010-02-01
NL,CP0411,I15,2010-02,85.08,2010-02-01
SI,CP0411,I15,2010-02,102.35,2010-02-01
FR,CP0411,I96,2010-02,133.3,2010-02-01
LT,CP0411,I96,2010-02,363.4,2010-02-01
BE,CP0411,I05,2010-03,108.91,2010-03-01
FR,CP0411,I05,2010-03,112.8,2010-03-01
LT,CP0411,I05,2010-03,145.11,2010-03-01
SI,CP0411,I05,2010-03,111.73,2010-03-01
BE,CP0411,I15,2010-03,93.52,2010-03-01
DK,CP0411,I15,2010-03,89.2,2010-03-01
FR,CP0411,I15,2010-03,93.94,2010-03-01
IT,CP0411,I15,2010-03,94.9,2010-03-01
LT,CP0411,I15,2010-03,59.29,2010-03-01
NL,CP0411,I15,2010-03,85.08,2010-03-01
SI,CP0411,I15,2010-03,102.48,2010-03-01
FR,CP0411,I96,2010-03,133.7,2010-03-01
LT,CP0411,I96,2010-03,361.3,2010-03-01
BE,CP0411,I05,2010-04,108.91,2010-04-01
FR,CP0411,I05,2010-04,112.91,2010-04-01
LT,CP0411,I05,2010-04,148.82,2010-04-01
SI,CP0411,I05,2010-04,111.54,2010-04-01
BE,CP0411,I15,2010-04,93.52,2010-04-01
DK,CP0411,I15,2010-04,89.2,2010-04-01
FR,CP0411,I15,2010-04,94.03,2010-04-01
IT,CP0411,I15,2010-04,95.0,2010-04-01
LT,CP0411,I15,2010-04,60.81,2010-04-01
NL,CP0411,I15,2010-04,85.08,2010-04-01
SI,CP0411,I15,2010-04,102.31,2010-04-01
FR,CP0411,I96,2010-04,133.8,2010-04-01
LT,CP0411,I96,2010-04,370.5,2010-04-01
BE,CP0411,I05,2010-05,109.02,2010-05-01
FR,CP0411,I05,2010-05,113.01,2010-05-01
LT,CP0411,I05,2010-05,150.99,2010-05-01
SI,CP0411,I05,2010-05,111.19,2010-05-01
BE,CP0411,I15,2010-05,93.61,2010-05-01
DK,CP0411,I15,2010-05,89.2,2010-05-01
FR,CP0411,I15,2010-05,94.11,2010-05-01
IT,CP0411,I15,2010-05,95.0,2010-05-01
LT,CP0411,I15,2010-05,61.7,2010-05-01
NL,CP0411,I15,2010-05,85.08,2010-05-01
SI,CP0411,I15,2010-05,101.99,2010-05-01
FR,CP0411,I96,2010-05,133.9,2010-05-01
LT,CP0411,I96,2010-05,375.9,2010-05-01
BE,CP0411,I05,2010-06,109.13,2010-06-01
FR,CP0411,I05,2010-06,113.12,2010-06-01
LT,CP0411,I05,2010-06,151.52,2010-06-01
SI,CP0411,I05,2010-06,110.75,2010-06-01
BE,CP0411,I15,2010-06,93.7,2010-06-01
DK,CP0411,I15,2010-06,89.2,2010-06-01
FR,CP0411,I15,2010-06,94.2,2010-06-01
IT,CP0411,I15,2010-06,95.0,2010-06-01
LT,CP0411,I15,2010-06,61.91,2010-06-01
NL,CP0411,I15,2010-06,85.08,2010-06-01
SI,CP0411,I15,2010-06,101.58,2010-06-01
FR,CP0411,I96,2010-06,134.0,2010-06-01
LT,CP0411,I96,2010-06,377.2,2010-06-01
BE,CP0411,I05,2010-07,109.16,2010-07-01
FR,CP0411,I05,2010-07,113.1,2010-07-01
LT,CP0411,I05,2010-07,158.19,2010-07-01
SI,CP0411,I05,2010-07,110.76,2010-07-01
BE,CP0411,I15,2010-07,93.72,2010-07-01
DK,CP0411,I15,2010-07,89.2,2010-07-01
FR,CP0411,I15,2010-07,94.19,2010-07-01
IT,CP0411,I15,2010-07,95.3,2010-07-01
LT,CP0411,I15,2010-07,64.64,2010-07-01
NL,CP0411,I15,2010-07,86.48,2010-07-01
SI,CP0411,I15,2010-07,101.59,2010-07-01
FR,CP0411,I96,2010-07,134.0,2010-07-01
LT,CP0411,I96,2010-07,393.9,2010-07-01
BE,CP0411,I05,2010-08,109.24,2010-08-01
FR,CP0411,I05,2010-08,113.26,2010-08-01
LT,CP0411,I05,2010-08,160.24,2010-08-01
SI,CP0411,I05,2010-08,111.61,2010-08-01
BE,CP0411,I15,2010-08,93.8,2010-08-01
DK,CP0411,I15,2010-08,89.2,2010-08-01
FR,CP0411,I15,2010-08,94.32,2010-08-01
IT,CP0411,I15,2010-08,95.3,2010-08-01
LT,CP0411,I15,2010-08,65.47,2010-08-01
NL,CP0411,I15,2010-08,86.48,2010-08-01
SI,CP0411,I15,2010-08,102.38,2010-08-01
FR,CP0411,I96,2010-08,134.2,2010-08-01
LT,CP0411,I96,2010-08,398.9,2010-08-01
BE,CP0411,I05,2010-09,109.28,2010-09-01
FR,CP0411,I05,2010-09,113.43,2010-09-01
LT,CP0411,I05,2010-09,159.52,2010-09-01
SI,CP0411,I05,2010-09,111.51,2010-09-01
BE,CP0411,I15,2010-09,93.83,2010-09-01
DK,CP0411,I15,2010-09,89.2,2010-09-01
FR,CP0411,I15,2010-09,94.46,2010-09-01
IT,CP0411,I15,2010-09,95.4,2010-09-01
LT,CP0411,I15,2010-09,65.18,2010-09-01
NL,CP0411,I15,2010-09,86.48,2010-09-01
SI,CP0411,I15,2010-09,102.28,2010-09-01
FR,CP0411,I96,2010-09,134.4,2010-09-01
LT,CP0411,I96,2010-09,397.1,2010-09-01
BE,CP0411,I05,2010-10,109.33,2010-10-01
FR,CP0411,I05,2010-10,113.37,2010-10-01
LT,CP0411,I05,2010-10,157.5,2010-10-01
SI,CP0411,I05,2010-10,111.08,2010-10-01
BE,CP0411,I15,2010-10,93.87,2010-10-01
DK,CP0411,I15,2010-10,89.2,2010-10-01
FR,CP0411,I15,2010-10,94.41,2010-10-01
IT,CP0411,I15,2010-10,95.6,2010-10-01
LT,CP0411,I15,2010-10,64.35,2010-10-01
NL,CP0411,I15,2010-10,86.48,2010-10-01
SI,CP0411,I15,2010-10,101.89,2010-10-01
FR,CP0411,I96,2010-10,134.3,2010-10-01
LT,CP0411,I96,2010-10,392.1,2010-10-01
BE,CP0411,I05,2010-11,109.37,2010-11-01
FR,CP0411,I05,2010-11,113.49,2010-11-01
LT,CP0411,I05,2010-11,155.5,2010-11-01
SI,CP0411,I05,2010-11,110.73,2010-11-01
BE,CP0411,I15,2010-11,93.91,2010-11-01
DK,CP0411,I15,2010-11,89.2,2010-11-01
FR,CP0411,I15,2010-11,94.51,2010-11-01
IT,CP0411,I15,2010-11,95.7,2010-11-01
LT,CP0411,I15,2010-11,63.54,2010-11-01
NL,CP0411,I15,2010-11,86.48,2010-11-01
SI,CP0411,I15,2010-11,101.57,2010-11-01
FR,CP0411,I96,2010-11,134.5,2010-11-01
LT,CP0411,I96,2010-11,387.2,2010-11-01
BE,CP0411,I05,2010-12,109.47,2010-12-01
FR,CP0411,I05,2010-12,113.6,2010-12-01
LT,CP0411,I05,2010-12,152.51,2010-12-01
SI,CP0411,I05,2010-12,110.9,2010-12-01
BE,CP0411,I15,2010-12,93.99,2010-12-01
DK,CP0411,I15,2010-12,89.2,2010-12-01
FR,CP0411,I15,2010-12,94.6,2010-12-01
IT,CP0411,I15,2010-12,95.8,2010-12-01
LT,CP0411,I15,2010-12,62.32,2010-12-01
NL,CP0411,I15,2010-12,86.48,2010-12-01
SI,CP0411,I15,2010-12,101.72,2010-12-01
FR,CP0411,I96,2010-12,134.6,2010-12-01
LT,CP0411,I96,2010-12,379.7,2010-12-01
BE,CP0411,I05,2011-01,109.64,2011-01-01
FR,CP0411,I05,2011-01,113.67,2011-01-01
LT,CP0411,I05,2011-01,152.61,2011-01-01
SI,CP0411,I05,2011-01,111.24,2011-01-01
BE,CP0411,I15,2011-01,94.14,2011-01-01
DK,CP0411,I15,2011-01,89.2,2011-01-01
FR,CP0411,I15,2011-01,94.66,2011-01-01
IT,CP0411,I15,2011-01,96.0,2011-01-01
LT,CP0411,I15,2011-01,62.36,2011-01-01
NL,CP0411,I15,2011-01,86.48,2011-01-01
SI,CP0411,I15,2011-01,102.03,2011-01-01
FR,CP0411,I96,2011-01,134.7,2011-01-01
LT,CP0411,I96,2011-01,379.9,2011-01-01
BE,CP0411,I05,2011-02,109.82,2011-02-01
FR,CP0411,I05,2011-02,113.9,2011-02-01
LT,CP0411,I05,2011-02,151.14,2011-02-01
SI,CP0411,I05,2011-02,111.05,2011-02-01
BE,CP0411,I15,2011-02,94.29,2011-02-01
DK,CP0411,I15,2011-02,91.9,2011-02-01
FR,CP0411,I15,2011-02,94.85,2011-02-01
IT,CP0411,I15,2011-02,96.2,2011-02-01
LT,CP0411,I15,2011-02,61.76,2011-02-01
NL,CP0411,I15,2011-02,86.48,2011-02-01
SI,CP0411,I15,2011-02,101.86,2011-02-01
FR,CP0411,I96,2011-02,135.0,2011-02-01
LT,CP0411,I96,2011-02,376.3,2011-02-01
BE,CP0411,I05,2011-03,109.95,2011-03-01
FR,CP0411,I05,2011-03,114.14,2011-03-01
LT,CP0411,I05,2011-03,151.14,2011-03-01
SI,CP0411,I05,2011-03,111.12,2011-03-01
BE,CP0411,I15,2011-03,94.41,2011-03-01
DK,CP0411,I15,2011-03,91.9,2011-03-01
FR,CP0411,I15,2011-03,95.05,2011-03-01
IT,CP0411,I15,2011-03,96.4,2011-03-01
LT,CP0411,I15,2011-03,61.76,2011-03-01
NL,CP0411,I15,2011-03,86.48,2011-03-01
SI,CP0411,I15,2011-03,101.92,2011-03-01
FR,CP0411,I96,2011-03,135.2,2011-03-01
LT,CP0411,I96,2011-03,376.3,2011-03-01
BE,CP0411,I05,2011-04,110.07,2011-04-01
FR,CP0411,I05,2011-04,114.15,2011-04-01
LT,CP0411,I05,2011-04,155.78,2011-04-01
SI,CP0411,I05,2011-04,110.71,2011-04-01
BE,CP0411,I15,2011-04,94.51,2011-04-01
DK,CP0411,I15,2011-04,91.9,2011-04-01
FR,CP0411,I15,2011-04,95.06,2011-04-01
IT,CP0411,I15,2011-04,96.5,2011-04-01
LT,CP0411,I15,2011-04,63.65,2011-04-01
NL,CP0411,I15,2011-04,86.48,2011-04-01
SI,CP0411,I15,2011-04,101.55,2011-04-01
FR,CP0411,I96,2011-04,135.3,2011-04-01
LT,CP0411,I96,2011-04,387.8,2011-04-01
BE,CP0411,I05,2011-05,110.26,2011-05-01
FR,CP0411,I05,2011-05,114.26,2011-05-01
LT,CP0411,I05,2011-05,159.66,2011-05-01
SI,CP0411,I05,2011-05,110.95,2011-05-01
BE,CP0411,I15,2011-05,94.67,2011-05-01
DK,CP0411,I15,2011-05,91.9,2011-05-01
FR,CP0411,I15,2011-05,95.16,2011-05-01
IT,CP0411,I15,2011-05,96.7,2011-05-01
LT,CP0411,I15,2011-05,65.24,2011-05-01
NL,CP0411,I15,2011-05,86.48,2011-05-01
SI,CP0411,I15,2011-05,101.76,2011-05-01
FR,CP0411,I96,2011-05,135.4,2011-05-01
LT,CP0411,I96,2011-05,397.5,2011-05-01
BE,CP0411,I05,2011-06,110.32,2011-06-01
FR,CP0411,I05,2011-06,114.38,2011-06-01
LT,CP0411,I05,2011-06,160.51,2011-06-01
SI,CP0411,I05,2011-06,110.72,2011-06-01
BE,CP0411,I15,2011-06,94.72,2011-06-01
DK,CP0411,I15,2011-06,91.9,2011-06-01
FR,CP0411,I15,2011-06,95.25,2011-06-01
IT,CP0411,I15,2011-06,96.7,2011-06-01
LT,CP0411,I15,2011-06,65.58,2011-06-01
NL,CP0411,I15,2011-06,86.48,2011-06-01
SI,CP0411,I15,2011-06,101.56,2011-06-01
FR,CP0411,I96,2011-06,135.5,2011-06-01
LT,CP0411,I96,2011-06,399.6,2011-06-01
BE,CP0411,I05,2011-07,110.34,2011-07-01
FR,CP0411,I05,2011-07,114.46,2011-07-01
LT,CP0411,I05,2011-07,160.65,2011-07-01
SI,CP0411,I05,2011-07,111.14,2011-07-01
BE,CP0411,I15,2011-07,94.74,2011-07-01
DK,CP0411,I15,2011-07,91.9,2011-07-01
FR,CP0411,I15,2011-07,95.32,2011-07-01
IT,CP0411,I15,2011-07,96.7,2011-07-01
LT,CP0411,I15,2011-07,65.64,2011-07-01
NL,CP0411,I15,2011-07,88.02,2011-07-01
SI,CP0411,I15,2011-07,101.94,2011-07-01
FR,CP0411,I96,2011-07,135.6,2011-07-01
LT,CP0411,I96,2011-07,400.0,2011-07-01
BE,CP0411,I05,2011-08,110.34,2011-08-01
FR,CP0411,I05,2011-08,114.58,2011-08-01
LT,CP0411,I05,2011-08,158.1,2011-08-01
SI,CP0411,I05,2011-08,111.55,2011-08-01
BE,CP0411,I15,2011-08,94.74,2011-08-01
DK,CP0411,I15,2011-08,91.9,2011-08-01
FR,CP0411,I15,2011-08,95.42,2011-08-01
IT,CP0411,I15,2011-08,96.8,2011-08-01
LT,CP0411,I15,2011-08,64.6,2011-08-01
NL,CP0411,I15,2011-08,88.02,2011-08-01
SI,CP0411,I15,2011-08,102.32,2011-08-01
FR,CP0411,I96,2011-08,135.8,2011-08-01
LT,CP0411,I96,2011-08,393.6,2011-08-01
BE,CP0411,I05,2011-09,110.47,2011-09-01
FR,CP0411,I05,2011-09,114.69,2011-09-01
LT,CP0411,I05,2011-09,161.24,2011-09-01
SI,CP0411,I05,2011-09,111.02,2011-09-01
BE,CP0411,I15,2011-09,94.85,2011-09-01
DK,CP0411,I15,2011-09,91.9,2011-09-01
FR,CP0411,I15,2011-09,95.51,2011-09-01
IT,CP0411,I15,2011-09,96.9,2011-09-01
LT,CP0411,I15,2011-09,65.88,2011-09-01
NL,CP0411,I15,2011-09,88.02,2011-09-01
SI,CP0411,I15,2011-09,101.83,2011-09-01
FR,CP0411,I96,2011-09,135.9,2011-09-01
LT,CP0411,I96,2011-09,401.4,2011-09-01
BE,CP0411,I05,2011-10,110.66,2011-10-01
FR,CP0411,I05,2011-10,114.79,2011-10-01
LT,CP0411,I05,2011-10,158.91,2011-10-01
SI,CP0411,I05,2011-10,110.41,2011-10-01
BE,CP0411,I15,2011-10,95.01,2011-10-01
DK,CP0411,I15,2011-10,91.9,2011-10-01
FR,CP0411,I15,2011-10,95.59,2011-10-01
IT,CP0411,I15,2011-10,97.2,2011-10-01
LT,CP0411,I15,2011-10,64.93,2011-10-01
NL,CP0411,I15,2011-10,88.02,2011-10-01
SI,CP0411,I15,2011-10,101.27,2011-10-01
FR,CP0411,I96,2011-10,136.0,2011-10-01
LT,CP0411,I96,2011-10,395.6,2011-10-01
BE,CP0411,I05,2011-11,110.64,2011-11-01
FR,CP0411,I05,2011-11,114.9,2011-11-01
LT,CP0411,I05,2011-11,156.35,2011-11-01
SI,CP0411,I05,2011-11,110.27,2011-11-01
BE,CP0411,I15,2011-11,94.99,2011-11-01
DK,CP0411,I15,2011-11,91.9,2011-11-01
FR,CP0411,I15,2011-11,95.69,2011-11-01
IT,CP0411,I15,2011-11,97.5,2011-11-01
LT,CP0411,I15,2011-11,63.88,2011-11-01
NL,CP0411,I15,2011-11,88.02,2011-11-01
SI,CP0411,I15,2011-11,101.15,2011-11-01
FR,CP0411,I96,2011-11,136.1,2011-11-01
LT,CP0411,I96,2011-11,389.2,2011-11-01
BE,CP0411,I05,2011-12,110.66,2011-12-01
FR,CP0411,I05,2011-12,115.02,2011-12-01
LT,CP0411,I05,2011-12,155.95,2011-12-01
SI,CP0411,I05,2011-12,109.92,2011-12-01
BE,CP0411,I15,2011-12,95.01,2011-12-01
DK,CP0411,I15,2011-12,91.9,2011-12-01
FR,CP0411,I15,2011-12,95.78,2011-12-01
IT,CP0411,I15,2011-12,97.6,2011-12-01
LT,CP0411,I15,2011-12,63.72,2011-12-01
NL,CP0411,I15,2011-12,88.02,2011-12-01
SI,CP0411,I15,2011-12,100.82,2011-12-01
FR,CP0411,I96,2011-12,136.3,2011-12-01
LT,CP0411,I96,2011-12,388.3,2011-12-01
BE,CP0411,I05,2012-01,111.05,2012-01-01
FR,CP0411,I05,2012-01,115.2,2012-01-01
LT,CP0411,I05,2012-01,157.29,2012-01-01
SI,CP0411,I05,2012-01,110.25,2012-01-01
BE,CP0411,I15,2012-01,95.35,2012-01-01
DK,CP0411,I15,2012-01,91.9,2012-01-01
FR,CP0411,I15,2012-01,95.94,2012-01-01
IT,CP0411,I15,2012-01,98.0,2012-01-01
LT,CP0411,I15,2012-01,64.27,2012-01-01
NL,CP0411,I15,2012-01,88.02,2012-01-01
SI,CP0411,I15,2012-01,101.12,2012-01-01
FR,CP0411,I96,2012-01,136.5,2012-01-01
LT,CP0411,I96,2012-01,391.6,2012-01-01
BE,CP0411,I05,2012-02,111.5,2012-02-01
FR,CP0411,I05,2012-02,115.43,2012-02-01
LT,CP0411,I05,2012-02,164.43,2012-02-01
SI,CP0411,I05,2012-02,109.43,2012-02-01
BE,CP0411,I15,2012-02,95.74,2012-02-01
DK,CP0411,I15,2012-02,94.4,2012-02-01
FR,CP0411,I15,2012-02,96.13,2012-02-01
IT,CP0411,I15,2012-02,98.2,2012-02-01
LT,CP0411,I15,2012-02,67.19,2012-02-01
NL,CP0411,I15,2012-02,88.02,2012-02-01
SI,CP0411,I15,2012-02,100.38,2012-02-01
FR,CP0411,I96,2012-02,136.8,2012-02-01
LT,CP0411,I96,2012-02,409.4,2012-02-01
BE,CP0411,I05,2012-03,111.5,2012-03-01
FR,CP0411,I05,2012-03,115.65,2012-03-01
LT,CP0411,I05,2012-03,165.37,2012-03-01
SI,CP0411,I05,2012-03,109.6,2012-03-01
BE,CP0411,I15,2012-03,95.74,2012-03-01
DK,CP0411,I15,2012-03,94.4,2012-03-01
FR,CP0411,I15,2012-03,96.31,2012-03-01
IT,CP0411,I15,2012-03,98.4,2012-03-01
LT,CP0411,I15,2012-03,67.57,2012-03-01
NL,CP0411,I15,2012-03,88.02,2012-03-01
SI,CP0411,I15,2012-03,100.53,2012-03-01
FR,CP0411,I96,2012-03,137.0,2012-03-01
LT,CP0411,I96,2012-03,411.7,2012-03-01
BE,CP0411,I05,2012-04,111.67,2012-04-01
FR,CP0411,I05,2012-04,116.02,2012-04-01
LT,CP0411,I05,2012-04,165.43,2012-04-01
SI,CP0411,I05,2012-04,109.2,2012-04-01
BE,CP0411,I15,2012-04,95.88,2012-04-01
DK,CP0411,I15,2012-04,94.4,2012-04-01
FR,CP0411,I15,2012-04,96.62,2012-04-01
IT,CP0411,I15,2012-04,98.7,2012-04-01
LT,CP0411,I15,2012-04,67.6,2012-04-01
NL,CP0411,I15,2012-04,88.02,2012-04-01
SI,CP0411,I15,2012-04,100.16,2012-04-01
FR,CP0411,I96,2012-04,137.5,2012-04-01
LT,CP0411,I96,2012-04,411.9,2012-04-01
BE,CP0411,I05,2012-05,111.95,2012-05-01
FR,CP0411,I05,2012-05,116.15,2012-05-01
LT,CP0411,I05,2012-05,169.16,2012-05-01
SI,CP0411,I05,2012-05,108.79,2012-05-01
BE,CP0411,I15,2012-05,96.13,2012-05-01
DK,CP0411,I15,2012-05,94.4,2012-05-01
FR,CP0411,I15,2012-05,96.72,2012-05-01
IT,CP0411,I15,2012-05,98.7,2012-05-01
LT,CP0411,I15,2012-05,69.12,2012-05-01
NL,CP0411,I15,2012-05,88.02,2012-05-01
SI,CP0411,I15,2012-05,99.79,2012-05-01
FR,CP0411,I96,2012-05,137.6,2012-05-01
LT,CP0411,I96,2012-05,421.2,2012-05-01
BE,CP0411,I05,2012-06,111.96,2012-06-01
FR,CP0411,I05,2012-06,116.28,2012-06-01
LT,CP0411,I05,2012-06,172.74,2012-06-01
SI,CP0411,I05,2012-06,109.2,2012-06-01
BE,CP0411,I15,2012-06,96.14,2012-06-01
DK,CP0411,I15,2012-06,94.4,2012-06-01
FR,CP0411,I15,2012-06,96.83,2012-06-01
IT,CP0411,I15,2012-06,98.9,2012-06-01
LT,CP0411,I15,2012-06,70.58,2012-06-01
NL,CP0411,I15,2012-06,88.02,2012-06-01
SI,CP0411,I15,2012-06,100.16,2012-06-01
FR,CP0411,I96,2012-06,137.8,2012-06-01
LT,CP0411,I96,2012-06,430.1,2012-06-01
BE,CP0411,I05,2012-07,112.08,2012-07-01
FR,CP0411,I05,2012-07,116.31,2012-07-01
LT,CP0411,I05,2012-07,175.61,2012-07-01
SI,CP0411,I05,2012-07,108.87,2012-07-01
BE,CP0411,I15,2012-07,96.24,2012-07-01
DK,CP0411,I15,2012-07,94.4,2012-07-01
FR,CP0411,I15,2012-07,96.86,2012-07-01
IT,CP0411,I15,2012-07,99.0,2012-07-01
LT,CP0411,I15,2012-07,71.76,2012-07-01
NL,CP0411,I15,2012-07,90.52,2012-07-01
SI,CP0411,I15,2012-07,99.86,2012-07-01
FR,CP0411,I96,2012-07,137.8,2012-07-01
LT,CP0411,I96,2012-07,437.2,2012-07-01
BE,CP0411,I05,2012-08,112.06,2012-08-01
FR,CP0411,I05,2012-08,116.43,2012-08-01
LT,CP0411,I05,2012-08,177.82,2012-08-01
SI,CP0411,I05,2012-08,109.64,2012-08-01
BE,CP0411,I15,2012-08,96.22,2012-08-01
DK,CP0411,I15,2012-08,94.4,2012-08-01
FR,CP0411,I15,2012-08,96.96,2012-08-01
IT,CP0411,I15,2012-08,99.0,2012-08-01
LT,CP0411,I15,2012-08,72.66,2012-08-01
NL,CP0411,I15,2012-08,90.52,2012-08-01
SI,CP0411,I15,2012-08,100.57,2012-08-01
FR,CP0411,I96,2012-08,138.0,2012-08-01
LT,CP0411,I96,2012-08,442.7,2012-08-01
BE,CP0411,I05,2012-09,112.26,2012-09-01
FR,CP0411,I05,2012-09,116.55,2012-09-01
LT,CP0411,I05,2012-09,187.44,2012-09-01
SI,CP0411,I05,2012-09,108.88,2012-09-01
BE,CP0411,I15,2012-09,96.39,2012-09-01
DK,CP0411,I15,2012-09,94.4,2012-09-01
FR,CP0411,I15,2012-09,97.06,2012-09-01
IT,CP0411,I15,2012-09,99.2,2012-09-01
LT,CP0411,I15,2012-09,76.59,2012-09-01
NL,CP0411,I15,2012-09,90.52,2012-09-01
SI,CP0411,I15,2012-09,99.87,2012-09-01
FR,CP0411,I96,2012-09,138.1,2012-09-01
LT,CP0411,I96,2012-09,466.7,2012-09-01
BE,CP0411,I05,2012-10,112.31,2012-10-01
FR,CP0411,I05,2012-10,116.75,2012-10-01
LT,CP0411,I05,2012-10,182.48,2012-10-01
SI,CP0411,I05,2012-10,108.23,2012-10-01
BE,CP0411,I15,2012-10,96.44,2012-10-01
DK,CP0411,I15,2012-10,94.4,2012-10-01
FR,CP0411,I15,2012-10,97.23,2012-10-01
IT,CP0411,I15,2012-10,99.5,2012-10-01
LT,CP0411,I15,2012-10,74.56,2012-10-01
NL,CP0411,I15,2012-10,90.52,2012-10-01
SI,CP0411,I15,2012-10,99.27,2012-10-01
FR,CP0411,I96,2012-10,138.3,2012-10-01
LT,CP0411,I96,2012-10,454.3,2012-10-01
BE,CP0411,I05,2012-11,112.33,2012-11-01
FR,CP0411,I05,2012-11,116.87,2012-11-01
LT,CP0411,I05,2012-11,178.91,2012-11-01
SI,CP0411,I05,2012-11,107.74,2012-11-01
BE,CP0411,I15,2012-11,96.45,2012-11-01
DK,CP0411,I15,2012-11,94.4,2012-11-01
FR,CP0411,I15,2012-11,97.33,2012-11-01
IT,CP0411,I15,2012-11,99.5,2012-11-01
LT,CP0411,I15,2012-11,73.1,2012-11-01
NL,CP0411,I15,2012-11,90.52,2012-11-01
SI,CP0411,I15,2012-11,98.82,2012-11-01
FR,CP0411,I96,2012-11,138.5,2012-11-01
LT,CP0411,I96,2012-11,445.4,2012-11-01
BE,CP0411,I05,2012-12,112.35,2012-12-01
FR,CP0411,I05,2012-12,116.99,2012-12-01
LT,CP0411,I05,2012-12,177.71,2012-12-01
SI,CP0411,I05,2012-12,107.58,2012-12-01
AT,CP0411,I15,2012-12,91.0,2012-12-01
BE,CP0411,I15,2012-12,96.47,2012-12-01
BG,CP0411,I15,2012-12,99.2,2012-12-01
DK,CP0411,I15,2012-12,94.4,2012-12-01
FR,CP0411,I15,2012-12,97.42,2012-12-01
IT,CP0411,I15,2012-12,99.6,2012-12-01
LT,CP0411,I15,2012-12,72.61,2012-12-01
NL,CP0411,I15,2012-12,90.52,2012-12-01
SI,CP0411,I15,2012-12,98.67,2012-12-01
FR,CP0411,I96,2012-12,138.6,2012-12-01
LT,CP0411,I96,2012-12,442.4,2012-12-01
BE,CP0411,I05,2013-01,112.68,2013-01-01
FR,CP0411,I05,2013-01,117.11,2013-01-01
LT,CP0411,I05,2013-01,171.88,2013-01-01
SI,CP0411,I05,2013-01,108.07,2013-01-01
AT,CP0411,I15,2013-01,91.2,2013-01-01
BE,CP0411,I15,2013-01,96.75,2013-01-01
BG,CP0411,I15,2013-01,98.99,2013-01-01
DK,CP0411,I15,2013-01,94.4,2013-01-01
FR,CP0411,I15,2013-01,97.52,2013-01-01
IT,CP0411,I15,2013-01,99.7,2013-01-01
LT,CP0411,I15,2013-01,70.23,2013-01-01
NL,CP0411,I15,2013-01,90.52,2013-01-01
SI,CP0411,I15,2013-01,99.12,2013-01-01
FR,CP0411,I96,2013-01,138.8,2013-01-01
LT,CP0411,I96,2013-01,427.9,2013-01-01
BE,CP0411,I05,2013-02,112.79,2013-02-01
FR,CP0411,I05,2013-02,117.77,2013-02-01
LT,CP0411,I05,2013-02,172.56,2013-02-01
SI,CP0411,I05,2013-02,108.59,2013-02-01
AT,CP0411,I15,2013-02,91.39,2013-02-01
BE,CP0411,I15,2013-02,96.85,2013-02-01
BG,CP0411,I15,2013-02,98.9,2013-02-01
DK,CP0411,I15,2013-02,96.6,2013-02-01
FR,CP0411,I15,2013-02,98.07,2013-02-01
IT,CP0411,I15,2013-02,99.9,2013-02-01
LT,CP0411,I15,2013-02,70.51,2013-02-01
NL,CP0411,I15,2013-02,90.52,2013-02-01
SI,CP0411,I15,2013-02,99.6,2013-02-01
FR,CP0411,I96,2013-02,139.5,2013-02-01
LT,CP0411,I96,2013-02,429.6,2013-02-01
BE,CP0411,I05,2013-03,112.94,2013-03-01
FR,CP0411,I05,2013-03,117.86,2013-03-01
LT,CP0411,I05,2013-03,171.79,2013-03-01
SI,CP0411,I05,2013-03,108.33,2013-03-01
AT,CP0411,I15,2013-03,91.39,2013-03-01
BE,CP0411,I15,2013-03,96.97,2013-03-01
BG,CP0411,I15,2013-03,99.15,2013-03-01
DK,CP0411,I15,2013-03,96.6,2013-03-01
FR,CP0411,I15,2013-03,98.15,2013-03-01
IT,CP0411,I15,2013-03,100.0,2013-03-01
LT,CP0411,I15,2013-03,70.19,2013-03-01
NL,CP0411,I15,2013-03,90.52,2013-03-01
SI,CP0411,I15,2013-03,99.36,2013-03-01
FR,CP0411,I96,2013-03,139.7,2013-03-01
LT,CP0411,I96,2013-03,427.7,2013-03-01
BE,CP0411,I05,2013-04,113.24,2013-04-01
FR,CP0411,I05,2013-04,117.87,2013-04-01
LT,CP0411,I05,2013-04,173.45,2013-04-01
SI,CP0411,I05,2013-04,108.24,2013-04-01
AT,CP0411,I15,2013-04,91.59,2013-04-01
BE,CP0411,I15,2013-04,97.23,2013-04-01
BG,CP0411,I15,2013-04,99.08,2013-04-01
DK,CP0411,I15,2013-04,96.6,2013-04-01
FR,CP0411,I15,2013-04,98.16,2013-04-01
IT,CP0411,I15,2013-04,100.2,2013-04-01
LT,CP0411,I15,2013-04,70.87,2013-04-01
NL,CP0411,I15,2013-04,90.52,2013-04-01
SI,CP0411,I15,2013-04,99.28,2013-04-01
FR,CP0411,I96,2013-04,139.7,2013-04-01
LT,CP0411,I96,2013-04,431.8,2013-04-01
BE,CP0411,I05,2013-05,113.25,2013-05-01
FR,CP0411,I05,2013-05,117.95,2013-05-01
LT,CP0411,I05,2013-05,181.34,2013-05-01
SI,CP0411,I05,2013-05,107.46,2013-05-01
AT,CP0411,I15,2013-05,91.78,2013-05-01
BE,CP0411,I15,2013-05,97.24,2013-05-01
BG,CP0411,I15,2013-05,99.08,2013-05-01
DK,CP0411,I15,2013-05,96.6,2013-05-01
FR,CP0411,I15,2013-05,98.23,2013-05-01
IT,CP0411,I15,2013-05,100.3,2013-05-01
LT,CP0411,I15,2013-05,74.09,2013-05-01
NL,CP0411,I15,2013-05,90.52,2013-05-01
SI,CP0411,I15,2013-05,98.57,2013-05-01
FR,CP0411,I96,2013-05,139.8,2013-05-01
LT,CP0411,I96,2013-05,451.5,2013-05-01
BE,CP0411,I05,2013-06,113.39,2013-06-01
FR,CP0411,I05,2013-06,117.98,2013-06-01
LT,CP0411,I05,2013-06,185.54,2013-06-01
SI,CP0411,I05,2013-06,107.64,2013-06-01
AT,CP0411,I15,2013-06,91.98,2013-06-01
BE,CP0411,I15,2013-06,97.36,2013-06-01
BG,CP0411,I15,2013-06,99.13,2013-06-01
DK,CP0411,I15,2013-06,96.6,2013-06-01
FR,CP0411,I15,2013-06,98.25,2013-06-01
IT,CP0411,I15,2013-06,100.4,2013-06-01
LT,CP0411,I15,2013-06,75.81,2013-06-01
NL,CP0411,I15,2013-06,90.52,2013-06-01
SI,CP0411,I15,2013-06,98.73,2013-06-01
FR,CP0411,I96,2013-06,139.8,2013-06-01
LT,CP0411,I96,2013-06,461.9,2013-06-01
BE,CP0411,I05,2013-07,113.4,2013-07-01
FR,CP0411,I05,2013-07,118.2,2013-07-01
LT,CP0411,I05,2013-07,190.85,2013-07-01
SI,CP0411,I05,2013-07,107.77,2013-07-01
AT,CP0411,I15,2013-07,92.17,2013-07-01
BE,CP0411,I15,2013-07,97.37,2013-07-01
BG,CP0411,I15,2013-07,99.13,2013-07-01
DK,CP0411,I15,2013-07,96.6,2013-07-01
FR,CP0411,I15,2013-07,98.43,2013-07-01
IT,CP0411,I15,2013-07,100.4,2013-07-01
LT,CP0411,I15,2013-07,77.98,2013-07-01
NL,CP0411,I15,2013-07,94.73,2013-07-01
SI,CP0411,I15,2013-07,98.85,2013-07-01
FR,CP0411,I96,2013-07,140.1,2013-07-01
LT,CP0411,I96,2013-07,475.2,2013-07-01
BE,CP0411,I05,2013-08,113.58,2013-08-01
FR,CP0411,I05,2013-08,118.34,2013-08-01
LT,CP0411,I05,2013-08,193.24,2013-08-01
SI,CP0411,I05,2013-08,108.64,2013-08-01
AT,CP0411,I15,2013-08,92.37,2013-08-01
BE,CP0411,I15,2013-08,97.53,2013-08-01
BG,CP0411,I15,2013-08,99.14,2013-08-01
DK,CP0411,I15,2013-08,96.6,2013-08-01
FR,CP0411,I15,2013-08,98.55,2013-08-01
IT,CP0411,I15,2013-08,100.5,2013-08-01
LT,CP0411,I15,2013-08,78.96,2013-08-01
NL,CP0411,I15,2013-08,94.73,2013-08-01
SI,CP0411,I15,2013-08,99.65,2013-08-01
FR,CP0411,I96,2013-08,140.2,2013-08-01
LT,CP0411,I96,2013-08,481.1,2013-08-01
BE,CP0411,I05,2013-09,113.6,2013-09-01
FR,CP0411,I05,2013-09,118.44,2013-09-01
LT,CP0411,I05,2013-09,195.42,2013-09-01
SI,CP0411,I05,2013-09,108.2,2013-09-01
AT,CP0411,I15,2013-09,92.56,2013-09-01
BE,CP0411,I15,2013-09,97.54,2013-09-01
BG,CP0411,I15,2013-09,99.0,2013-09-01
DK,CP0411,I15,2013-09,96.6,2013-09-01
FR,CP0411,I15,2013-09,98.63,2013-09-01
IT,CP0411,I15,2013-09,100.5,2013-09-01
LT,CP0411,I15,2013-09,79.85,2013-09-01
NL,CP0411,I15,2013-09,94.73,2013-09-01
SI,CP0411,I15,2013-09,99.25,2013-09-01
FR,CP0411,I96,2013-09,140.3,2013-09-01
LT,CP0411,I96,2013-09,486.5,2013-09-01
BE,CP0411,I05,2013-10,113.75,2013-10-01
FR,CP0411,I05,2013-10,118.45,2013-10-01
LT,CP0411,I05,2013-10,193.79,2013-10-01
SI,CP0411,I05,2013-10,106.91,2013-10-01
AT,CP0411,I15,2013-10,92.76,2013-10-01
BE,CP0411,I15,2013-10,97.67,2013-10-01
BG,CP0411,I15,2013-10,99.0,2013-10-01
DK,CP0411,I15,2013-10,96.6,2013-10-01
FR,CP0411,I15,2013-10,98.64,2013-10-01
IT,CP0411,I15,2013-10,100.3,2013-10-01
LT,CP0411,I15,2013-10,79.18,2013-10-01
NL,CP0411,I15,2013-10,94.73,2013-10-01
SI,CP0411,I15,2013-10,98.06,2013-10-01
FR,CP0411,I96,2013-10,140.4,2013-10-01
LT,CP0411,I96,2013-10,482.5,2013-10-01
BE,CP0411,I05,2013-11,113.88,2013-11-01
FR,CP0411,I05,2013-11,118.49,2013-11-01
LT,CP0411,I05,2013-11,190.13,2013-11-01
SI,CP0411,I05,2013-11,106.65,2013-11-01
AT,CP0411,I15,2013-11,92.95,2013-11-01
BE,CP0411,I15,2013-11,97.78,2013-11-01
BG,CP0411,I15,2013-11,98.9,2013-11-01
DK,CP0411,I15,2013-11,96.6,2013-11-01
FR,CP0411,I15,2013-11,98.68,2013-11-01
IT,CP0411,I15,2013-11,99.9,2013-11-01
LT,CP0411,I15,2013-11,77.69,2013-11-01
NL,CP0411,I15,2013-11,94.73,2013-11-01
SI,CP0411,I15,2013-11,97.82,2013-11-01
FR,CP0411,I96,2013-11,140.4,2013-11-01
LT,CP0411,I96,2013-11,473.4,2013-11-01
BE,CP0411,I05,2013-12,114.0,2013-12-01
FR,CP0411,I05,2013-12,118.53,2013-12-01
LT,CP0411,I05,2013-12,189.33,2013-12-01
SI,CP0411,I05,2013-12,106.56,2013-12-01
AT,CP0411,I15,2013-12,93.34,2013-12-01
BE,CP0411,I15,2013-12,97.89,2013-12-01
BG,CP0411,I15,2013-12,98.85,2013-12-01
DK,CP0411,I15,2013-12,96.6,2013-12-01
FR,CP0411,I15,2013-12,98.71,2013-12-01
IT,CP0411,I15,2013-12,99.9,2013-12-01
LT,CP0411,I15,2013-12,77.36,2013-12-01
NL,CP0411,I15,2013-12,94.73,2013-12-01
SE,CP0411,I15,2013-12,97.2,2013-12-01
SI,CP0411,I15,2013-12,97.74,2013-12-01
FR,CP0411,I96,2013-12,140.4,2013-12-01
LT,CP0411,I96,2013-12,471.4,2013-12-01
BE,CP0411,I05,2014-01,114.55,2014-01-01
FR,CP0411,I05,2014-01,118.64,2014-01-01
LT,CP0411,I05,2014-01,189.39,2014-01-01
SI,CP0411,I05,2014-01,106.05,2014-01-01
AT,CP0411,I15,2014-01,93.73,2014-01-01
BE,CP0411,I15,2014-01,98.36,2014-01-01
BG,CP0411,I15,2014-01,98.93,2014-01-01
DK,CP0411,I15,2014-01,96.6,2014-01-01
FR,CP0411,I15,2014-01,98.8,2014-01-01
IT,CP0411,I15,2014-01,99.9,2014-01-01
LT,CP0411,I15,2014-01,77.39,2014-01-01
NL,CP0411,I15,2014-01,94.73,2014-01-01
SE,CP0411,I15,2014-01,97.66,2014-01-01
SI,CP0411,I15,2014-01,97.28,2014-01-01
FR,CP0411,I96,2014-01,140.6,2014-01-01
LT,CP0411,I96,2014-01,471.5,2014-01-01
BE,CP0411,I05,2014-02,114.86,2014-02-01
FR,CP0411,I05,2014-02,119.08,2014-02-01
LT,CP0411,I05,2014-02,190.18,2014-02-01
SI,CP0411,I05,2014-02,106.36,2014-02-01
AT,CP0411,I15,2014-02,94.13,2014-02-01
BE,CP0411,I15,2014-02,98.62,2014-02-01
BG,CP0411,I15,2014-02,98.95,2014-02-01
DK,CP0411,I15,2014-02,98.3,2014-02-01
FR,CP0411,I15,2014-02,99.17,2014-02-01
IT,CP0411,I15,2014-02,99.8,2014-02-01
LT,CP0411,I15,2014-02,77.71,2014-02-01
NL,CP0411,I15,2014-02,94.73,2014-02-01
SE,CP0411,I15,2014-02,97.88,2014-02-01
SI,CP0411,I15,2014-02,97.56,2014-02-01
FR,CP0411,I96,2014-02,141.1,2014-02-01
LT,CP0411,I96,2014-02,473.5,2014-02-01
BE,CP0411,I05,2014-03,115.02,2014-03-01
FR,CP0411,I05,2014-03,119.14,2014-03-01
LT,CP0411,I05,2014-03,193.43,2014-03-01
SI,CP0411,I05,2014-03,106.26,2014-03-01
AT,CP0411,I15,2014-03,94.52,2014-03-01
BE,CP0411,I15,2014-03,98.76,2014-03-01
BG,CP0411,I15,2014-03,98.97,2014-03-01
DK,CP0411,I15,2014-03,98.3,2014-03-01
FR,CP0411,I15,2014-03,99.22,2014-03-01
IT,CP0411,I15,2014-03,99.8,2014-03-01
LT,CP0411,I15,2014-03,79.04,2014-03-01
NL,CP0411,I15,2014-03,94.73,2014-03-01
SE,CP0411,I15,2014-03,98.13,2014-03-01
SI,CP0411,I15,2014-03,97.46,2014-03-01
FR,CP0411,I96,2014-03,141.2,2014-03-01
LT,CP0411,I96,2014-03,481.6,2014-03-01
BE,CP0411,I05,2014-04,115.06,2014-04-01
FR,CP0411,I05,2014-04,119.15,2014-04-01
LT,CP0411,I05,2014-04,195.83,2014-04-01
SI,CP0411,I05,2014-04,106.52,2014-04-01
AT,CP0411,I15,2014-04,94.91,2014-04-01
BE,CP0411,I15,2014-04,98.8,2014-04-01
BG,CP0411,I15,2014-04,98.92,2014-04-01
DK,CP0411,I15,2014-04,98.3,2014-04-01
FR,CP0411,I15,2014-04,99.22,2014-04-01
IT,CP0411,I15,2014-04,99.8,2014-04-01
LT,CP0411,I15,2014-04,80.02,2014-04-01
NL,CP0411,I15,2014-04,94.73,2014-04-01
SE,CP0411,I15,2014-04,98.64,2014-04-01
SI,CP0411,I15,2014-04,97.7,2014-04-01
FR,CP0411,I96,2014-04,141.2,2014-04-01
LT,CP0411,I96,2014-04,487.5,2014-04-01
BE,CP0411,I05,2014-05,115.2,2014-05-01
FR,CP0411,I05,2014-05,119.25,2014-05-01
LT,CP0411,I05,2014-05,206.07,2014-05-01
SI,CP0411,I05,2014-05,106.93,2014-05-01
AT,CP0411,I15,2014-05,95.1,2014-05-01
BE,CP0411,I15,2014-05,98.92,2014-05-01
BG,CP0411,I15,2014-05,99.24,2014-05-01
DK,CP0411,I15,2014-05,98.3,2014-05-01
FR,CP0411,I15,2014-05,99.31,2014-05-01
IT,CP0411,I15,2014-05,99.8,2014-05-01
LT,CP0411,I15,2014-05,84.2,2014-05-01
NL,CP0411,I15,2014-05,94.73,2014-05-01
SE,CP0411,I15,2014-05,98.74,2014-05-01
SI,CP0411,I15,2014-05,98.08,2014-05-01
FR,CP0411,I96,2014-05,141.3,2014-05-01
LT,CP0411,I96,2014-05,513.1,2014-05-01
BE,CP0411,I05,2014-06,115.29,2014-06-01
FR,CP0411,I05,2014-06,119.29,2014-06-01
LT,CP0411,I05,2014-06,209.88,2014-06-01
SI,CP0411,I05,2014-06,107.03,2014-06-01
AT,CP0411,I15,2014-06,95.49,2014-06-01
BE,CP0411,I15,2014-06,98.99,2014-06-01
BG,CP0411,I15,2014-06,99.24,2014-06-01
DK,CP0411,I15,2014-06,98.3,2014-06-01
FR,CP0411,I15,2014-06,99.35,2014-06-01
IT,CP0411,I15,2014-06,99.8,2014-06-01
LT,CP0411,I15,2014-06,85.76,2014-06-01
NL,CP0411,I15,2014-06,94.73,2014-06-01
SE,CP0411,I15,2014-06,98.78,2014-06-01
SI,CP0411,I15,2014-06,98.17,2014-06-01
FR,CP0411,I96,2014-06,141.4,2014-06-01
LT,CP0411,I96,2014-06,522.5,2014-06-01
BE,CP0411,I05,2014-07,115.41,2014-07-01
FR,CP0411,I05,2014-07,119.34,2014-07-01
LT,CP0411,I05,2014-07,210.7,2014-07-01
SI,CP0411,I05,2014-07,107.5,2014-07-01
AT,CP0411,I15,2014-07,95.88,2014-07-01
BE,CP0411,I15,2014-07,99.1,2014-07-01
BG,CP0411,I15,2014-07,99.19,2014-07-01
DK,CP0411,I15,2014-07,98.3,2014-07-01
FR,CP0411,I15,2014-07,99.38,2014-07-01
IT,CP0411,I15,2014-07,99.8,2014-07-01
LT,CP0411,I15,2014-07,86.09,2014-07-01
NL,CP0411,I15,2014-07,98.86,2014-07-01
SE,CP0411,I15,2014-07,98.83,2014-07-01
SI,CP0411,I15,2014-07,98.61,2014-07-01
FR,CP0411,I96,2014-07,141.4,2014-07-01
LT,CP0411,I96,2014-07,524.6,2014-07-01
BE,CP0411,I05,2014-08,115.45,2014-08-01
FR,CP0411,I05,2014-08,119.42,2014-08-01
LT,CP0411,I05,2014-08,215.94,2014-08-01
SI,CP0411,I05,2014-08,107.5,2014-08-01
AT,CP0411,I15,2014-08,96.27,2014-08-01
BE,CP0411,I15,2014-08,99.13,2014-08-01
BG,CP0411,I15,2014-08,99.19,2014-08-01
DK,CP0411,I15,2014-08,98.3,2014-08-01
FR,CP0411,I15,2014-08,99.45,2014-08-01
IT,CP0411,I15,2014-08,99.9,2014-08-01
LT,CP0411,I15,2014-08,88.23,2014-08-01
NL,CP0411,I15,2014-08,98.86,2014-08-01
SE,CP0411,I15,2014-08,98.85,2014-08-01
SI,CP0411,I15,2014-08,98.61,2014-08-01
FR,CP0411,I96,2014-08,141.5,2014-08-01
LT,CP0411,I96,2014-08,537.6,2014-08-01
BE,CP0411,I05,2014-09,115.62,2014-09-01
FR,CP0411,I05,2014-09,119.48,2014-09-01
LT,CP0411,I05,2014-09,220.27,2014-09-01
SI,CP0411,I05,2014-09,106.69,2014-09-01
AT,CP0411,I15,2014-09,96.66,2014-09-01
BE,CP0411,I15,2014-09,99.28,2014-09-01
BG,CP0411,I15,2014-09,99.63,2014-09-01
DK,CP0411,I15,2014-09,98.3,2014-09-01
FR,CP0411,I15,2014-09,99.5,2014-09-01
IT,CP0411,I15,2014-09,99.9,2014-09-01
LT,CP0411,I15,2014-09,90.0,2014-09-01
NL,CP0411,I15,2014-09,98.86,2014-09-01
SE,CP0411,I15,2014-09,98.87,2014-09-01
SI,CP0411,I15,2014-09,97.86,2014-09-01
FR,CP0411,I96,2014-09,141.6,2014-09-01
LT,CP0411,I96,2014-09,548.4,2014-09-01
BE,CP0411,I05,2014-10,115.76,2014-10-01
FR,CP0411,I05,2014-10,119.55,2014-10-01
LT,CP0411,I05,2014-10,218.09,2014-10-01
SI,CP0411,I05,2014-10,106.59,2014-10-01
AT,CP0411,I15,2014-10,97.05,2014-10-01
BE,CP0411,I15,2014-10,99.39,2014-10-01
BG,CP0411,I15,2014-10,99.63,2014-10-01
DK,CP0411,I15,2014-10,98.3,2014-10-01
FR,CP0411,I15,2014-10,99.56,2014-10-01
IT,CP0411,I15,2014-10,99.9,2014-10-01
LT,CP0411,I15,2014-10,89.11,2014-10-01
NL,CP0411,I15,2014-10,98.86,2014-10-01
SE,CP0411,I15,2014-10,98.87,2014-10-01
SI,CP0411,I15,2014-10,97.77,2014-10-01
FR,CP0411,I96,2014-10,141.7,2014-10-01
LT,CP0411,I96,2014-10,543.0,2014-10-01
BE,CP0411,I05,2014-11,115.84,2014-11-01
FR,CP0411,I05,2014-11,119.65,2014-11-01
LT,CP0411,I05,2014-11,216.79,2014-11-01
SI,CP0411,I05,2014-11,107.3,2014-11-01
AT,CP0411,I15,2014-11,97.64,2014-11-01
BE,CP0411,I15,2014-11,99.47,2014-11-01
BG,CP0411,I15,2014-11,99.63,2014-11-01
DK,CP0411,I15,2014-11,98.3,2014-11-01
FR,CP0411,I15,2014-11,99.64,2014-11-01
IT,CP0411,I15,2014-11,99.9,2014-11-01
LT,CP0411,I15,2014-11,88.58,2014-11-01
NL,CP0411,I15,2014-11,98.86,2014-11-01
SE,CP0411,I15,2014-11,98.87,2014-11-01
SI,CP0411,I15,2014-11,98.42,2014-11-01
FR,CP0411,I96,2014-11,141.8,2014-11-01
LT,CP0411,I96,2014-11,539.7,2014-11-01
BE,CP0411,I05,2014-12,115.93,2014-12-01
FR,CP0411,I05,2014-12,119.7,2014-12-01
LT,CP0411,I05,2014-12,214.36,2014-12-01
SI,CP0411,I05,2014-12,107.91,2014-12-01
AT,CP0411,I15,2014-12,98.03,2014-12-01
BE,CP0411,I15,2014-12,99.54,2014-12-01
BG,CP0411,I15,2014-12,99.63,2014-12-01
CH,CP0411,I15,2014-12,99.7,2014-12-01
CZ,CP0411,I15,2014-12,99.6,2014-12-01
DE,CP0411,I15,2014-12,99.4,2014-12-01
DK,CP0411,I15,2014-12,98.3,2014-12-01
EL,CP0411,I15,2014-12,101.42,2014-12-01
FR,CP0411,I15,2014-12,99.69,2014-12-01
HU,CP0411,I15,2014-12,97.95,2014-12-01
IT,CP0411,I15,2014-12,99.9,2014-12-01
LT,CP0411,I15,2014-12,87.59,2014-12-01
LU,CP0411,I15,2014-12,98.77,2014-12-01
LV,CP0411,I15,2014-12,99.97,2014-12-01
ME,CP0411,I15,2014-12,99.01,2014-12-01
MK,CP0411,I15,2014-12,100.09,2014-12-01
NL,CP0411,I15,2014-12,98.86,2014-12-01
PL,CP0411,I15,2014-12,99.1,2014-12-01
PT,CP0411,I15,2014-12,99.27,2014-12-01
SE,CP0411,I15,2014-12,98.87,2014-12-01
SI,CP0411,I15,2014-12,98.98,2014-12-01
FR,CP0411,I96,2014-12,141.8,2014-12-01
LT,CP0411,I96,2014-12,533.7,2014-12-01
BE,CP0411,I05,2015-01,116.15,2015-01-01
FR,CP0411,I05,2015-01,119.73,2015-01-01
LT,CP0411,I05,2015-01,217.22,2015-01-01
SI,CP0411,I05,2015-01,108.01,2015-01-01
AT,CP0411,I15,2015-01,98.62,2015-01-01
BE,CP0411,I15,2015-01,99.73,2015-01-01
BG,CP0411,I15,2015-01,99.83,2015-01-01
CH,CP0411,I15,2015-01,99.85,2015-01-01
CZ,CP0411,I15,2015-01,99.7,2015-01-01
DE,CP0411,I15,2015-01,99.5,2015-01-01
DK,CP0411,I15,2015-01,98.3,2015-01-01
EL,CP0411,I15,2015-01,101.42,2015-01-01
FR,CP0411,I15,2015-01,99.71,2015-01-01
HU,CP0411,I15,2015-01,98.0,2015-01-01
IT,CP0411,I15,2015-01,99.9,2015-01-01
LT,CP0411,I15,2015-01,88.76,2015-01-01
LU,CP0411,I15,2015-01,98.84,2015-01-01
LV,CP0411,I15,2015-01,99.03,2015-01-01
ME,CP0411,I15,2015-01,99.01,2015-01-01
MK,CP0411,I15,2015-01,100.09,2015-01-01
NL,CP0411,I15,2015-01,98.86,2015-01-01
PL,CP0411,I15,2015-01,99.3,2015-01-01
PT,CP0411,I15,2015-01,100.34,2015-01-01
SE,CP0411,I15,2015-01,99.41,2015-01-01
SI,CP0411,I15,2015-01,99.07,2015-01-01
FR,CP0411,I96,2015-01,141.9,2015-01-01
LT,CP0411,I96,2015-01,540.8,2015-01-01
BE,CP0411,I05,2015-02,116.24,2015-02-01
FR,CP0411,I05,2015-02,119.87,2015-02-01
LT,CP0411,I05,2015-02,219.85,2015-02-01
SI,CP0411,I05,2015-02,108.21,2015-02-01
AT,CP0411,I15,2015-02,98.81,2015-02-01
BE,CP0411,I15,2015-02,99.81,2015-02-01
BG,CP0411,I15,2015-02,100.02,2015-02-01
CH,CP0411,I15,2015-02,99.79,2015-02-01
CZ,CP0411,I15,2015-02,99.9,2015-02-01
DE,CP0411,I15,2015-02,99.6,2015-02-01
DK,CP0411,I15,2015-02,100.2,2015-02-01
EL,CP0411,I15,2015-02,101.42,2015-02-01
FR,CP0411,I15,2015-02,99.83,2015-02-01
HU,CP0411,I15,2015-02,98.0,2015-02-01
IT,CP0411,I15,2015-02,99.9,2015-02-01
LT,CP0411,I15,2015-02,89.83,2015-02-01
LU,CP0411,I15,2015-02,99.29,2015-02-01
LV,CP0411,I15,2015-02,98.33,2015-02-01
ME,CP0411,I15,2015-02,99.01,2015-02-01
MK,CP0411,I15,2015-02,100.09,2015-02-01
NL,CP0411,I15,2015-02,98.86,2015-02-01
PL,CP0411,I15,2015-02,99.3,2015-02-01
PT,CP0411,I15,2015-02,99.69,2015-02-01
SE,CP0411,I15,2015-02,99.5,2015-02-01
SI,CP0411,I15,2015-02,99.26,2015-02-01
FR,CP0411,I96,2015-02,142.0,2015-02-01
LT,CP0411,I96,2015-02,547.4,2015-02-01
BE,CP0411,I05,2015-03,116.31,2015-03-01
FR,CP0411,I05,2015-03,119.91,2015-03-01
LT,CP0411,I05,2015-03,221.54,2015-03-01
SI,CP0411,I05,2015-03,108.41,2015-03-01
AT,CP0411,I15,2015-03,99.2,2015-03-01
BE,CP0411,I15,2015-03,99.87,2015-03-01
BG,CP0411,I15,2015-03,99.95,2015-03-01
CH,CP0411,I15,2015-03,99.87,2015-03-01
CZ,CP0411,I15,2015-03,99.9,2015-03-01
DE,CP0411,I15,2015-03,99.7,2015-03-01
DK,CP0411,I15,2015-03,100.2,2015-03-01
EL,CP0411,I15,2015-03,101.42,2015-03-01
FR,CP0411,I15,2015-03,99.85,2015-03-01
HU,CP0411,I15,2015-03,98.56,2015-03-01
IT,CP0411,I15,2015-03,100.0,2015-03-01
LT,CP0411,I15,2015-03,90.52,2015-03-01
LU,CP0411,I15,2015-03,99.52,2015-03-01
LV,CP0411,I15,2015-03,98.3,2015-03-01
ME,CP0411,I15,2015-03,100.15,2015-03-01
MK,CP0411,I15,2015-03,100.09,2015-03-01
NL,CP0411,I15,2015-03,98.86,2015-03-01
PL,CP0411,I15,2015-03,99.6,2015-03-01
PT,CP0411,I15,2015-03,99.64,2015-03-01
SE,CP0411,I15,2015-03,99.72,2015-03-01
SI,CP0411,I15,2015-03,99.44,2015-03-01
FR,CP0411,I96,2015-03,142.1,2015-03-01
LT,CP0411,I96,2015-03,551.6,2015-03-01
BE,CP0411,I05,2015-04,116.33,2015-04-01
FR,CP0411,I05,2015-04,119.97,2015-04-01
LT,CP0411,I05,2015-04,228.44,2015-04-01
SI,CP0411,I05,2015-04,108.21,2015-04-01
AT,CP0411,I15,2015-04,99.59,2015-04-01
BE,CP0411,I15,2015-04,99.89,2015-04-01
BG,CP0411,I15,2015-04,99.96,2015-04-01
CH,CP0411,I15,2015-04,99.96,2015-04-01
CZ,CP0411,I15,2015-04,100.1,2015-04-01
DE,CP0411,I15,2015-04,99.8,2015-04-01
DK,CP0411,I15,2015-04,100.2,2015-04-01
EL,CP0411,I15,2015-04,101.18,2015-04-01
FR,CP0411,I15,2015-04,99.91,2015-04-01
HU,CP0411,I15,2015-04,98.65,2015-04-01
IT,CP0411,I15,2015-04,100.0,2015-04-01
LT,CP0411,I15,2015-04,93.34,2015-04-01
LU,CP0411,I15,2015-04,99.73,2015-04-01
LV,CP0411,I15,2015-04,98.7,2015-04-01
ME,CP0411,I15,2015-04,99.94,2015-04-01
MK,CP0411,I15,2015-04,100.09,2015-04-01
NL,CP0411,I15,2015-04,98.86,2015-04-01
PL,CP0411,I15,2015-04,99.6,2015-04-01
PT,CP0411,I15,2015-04,99.69,2015-04-01
SE,CP0411,I15,2015-04,99.94,2015-04-01
SI,CP0411,I15,2015-04,99.26,2015-04-01
FR,CP0411,I96,2015-04,142.2,2015-04-01
LT,CP0411,I96,2015-04,568.7,2015-04-01
BE,CP0411,I05,2015-05,116.34,2015-05-01
FR,CP0411,I05,2015-05,120.05,2015-05-01
LT,CP0411,I05,2015-05,241.93,2015-05-01
SI,CP0411,I05,2015-05,107.81,2015-05-01
AT,CP0411,I15,2015-05,99.79,2015-05-01
BE,CP0411,I15,2015-05,99.89,2015-05-01
BG,CP0411,I15,2015-05,99.96,2015-05-01
CH,CP0411,I15,2015-05,100.05,2015-05-01
CZ,CP0411,I15,2015-05,100.0,2015-05-01
DE,CP0411,I15,2015-05,99.9,2015-05-01
DK,CP0411,I15,2015-05,100.2,2015-05-01
EL,CP0411,I15,2015-05,100.96,2015-05-01
FR,CP0411,I15,2015-05,99.97,2015-05-01
HU,CP0411,I15,2015-05,98.73,2015-05-01
IT,CP0411,I15,2015-05,100.0,2015-05-01
LT,CP0411,I15,2015-05,98.85,2015-05-01
LU,CP0411,I15,2015-05,99.87,2015-05-01
LV,CP0411,I15,2015-05,100.21,2015-05-01
ME,CP0411,I15,2015-05,99.94,2015-05-01
MK,CP0411,I15,2015-05,100.09,2015-05-01
NL,CP0411,I15,2015-05,98.86,2015-05-01
PL,CP0411,I15,2015-05,99.9,2015-05-01
PT,CP0411,I15,2015-05,99.78,2015-05-01
SE,CP0411,I15,2015-05,100.03,2015-05-01
SI,CP0411,I15,2015-05,98.89,2015-05-01
FR,CP0411,I96,2015-05,142.2,2015-05-01
LT,CP0411,I96,2015-05,602.3,2015-05-01
BE,CP0411,I05,2015-06,116.42,2015-06-01
FR,CP0411,I05,2015-06,120.07,2015-06-01
LT,CP0411,I05,2015-06,246.98,2015-06-01
SI,CP0411,I05,2015-06,107.91,2015-06-01
AT,CP0411,I15,2015-06,100.18,2015-06-01
BE,CP0411,I15,2015-06,99.97,2015-06-01
BG,CP0411,I15,2015-06,99.96,2015-06-01
CH,CP0411,I15,2015-06,100.13,2015-06-01
CZ,CP0411,I15,2015-06,100.0,2015-06-01
DE,CP0411,I15,2015-06,100.0,2015-06-01
DK,CP0411,I15,2015-06,100.2,2015-06-01
EL,CP0411,I15,2015-06,100.32,2015-06-01
FR,CP0411,I15,2015-06,99.99,2015-06-01
HU,CP0411,I15,2015-06,99.02,2015-06-01
IT,CP0411,I15,2015-06,100.0,2015-06-01
LT,CP0411,I15,2015-06,100.92,2015-06-01
LU,CP0411,I15,2015-06,100.2,2015-06-01
LV,CP0411,I15,2015-06,100.22,2015-06-01
ME,CP0411,I15,2015-06,99.94,2015-06-01
MK,CP0411,I15,2015-06,100.09,2015-06-01
NL,CP0411,I15,2015-06,98.86,2015-06-01
PL,CP0411,I15,2015-06,100.1,2015-06-01
PT,CP0411,I15,2015-06,99.98,2015-06-01
SE,CP0411,I15,2015-06,100.12,2015-06-01
SI,CP0411,I15,2015-06,98.98,2015-06-01
FR,CP0411,I96,2015-06,142.3,2015-06-01
LT,CP0411,I96,2015-06,614.9,2015-06-01
BE,CP0411,I05,2015-07,116.48,2015-07-01
FR,CP0411,I05,2015-07,120.08,2015-07-01
LT,CP0411,I05,2015-07,254.2,2015-07-01
SI,CP0411,I05,2015-07,108.26,2015-07-01
AT,CP0411,I15,2015-07,100.57,2015-07-01
BE,CP0411,I15,2015-07,100.01,2015-07-01
BG,CP0411,I15,2015-07,99.96,2015-07-01
CH,CP0411,I15,2015-07,100.21,2015-07-01
CZ,CP0411,I15,2015-07,99.8,2015-07-01
DE,CP0411,I15,2015-07,100.1,2015-07-01
DK,CP0411,I15,2015-07,100.2,2015-07-01
EL,CP0411,I15,2015-07,99.54,2015-07-01
FR,CP0411,I15,2015-07,100.0,2015-07-01
HU,CP0411,I15,2015-07,99.83,2015-07-01
IT,CP0411,I15,2015-07,100.0,2015-07-01
LT,CP0411,I15,2015-07,103.86,2015-07-01
LU,CP0411,I15,2015-07,100.35,2015-07-01
LV,CP0411,I15,2015-07,102.68,2015-07-01
ME,CP0411,I15,2015-07,99.94,2015-07-01
MK,CP0411,I15,2015-07,100.09,2015-07-01
NL,CP0411,I15,2015-07,101.22,2015-07-01
PL,CP0411,I15,2015-07,100.2,2015-07-01
PT,CP0411,I15,2015-07,100.05,2015-07-01
SE,CP0411,I15,2015-07,100.19,2015-07-01
SI,CP0411,I15,2015-07,99.3,2015-07-01
FR,CP0411,I96,2015-07,142.3,2015-07-01
LT,CP0411,I96,2015-07,632.9,2015-07-01
BE,CP0411,I05,2015-08,116.49,2015-08-01
FR,CP0411,I05,2015-08,120.23,2015-08-01
LT,CP0411,I05,2015-08,265.1,2015-08-01
SI,CP0411,I05,2015-08,109.07,2015-08-01
AT,CP0411,I15,2015-08,100.57,2015-08-01
BE,CP0411,I15,2015-08,100.02,2015-08-01
BG,CP0411,I15,2015-08,99.96,2015-08-01
CH,CP0411,I15,2015-08,100.14,2015-08-01
CZ,CP0411,I15,2015-08,99.9,2015-08-01
DE,CP0411,I15,2015-08,100.1,2015-08-01
DK,CP0411,I15,2015-08,100.2,2015-08-01
EL,CP0411,I15,2015-08,99.62,2015-08-01
FR,CP0411,I15,2015-08,100.12,2015-08-01
HU,CP0411,I15,2015-08,100.77,2015-08-01
IT,CP0411,I15,2015-08,100.0,2015-08-01
LT,CP0411,I15,2015-08,108.32,2015-08-01
LU,CP0411,I15,2015-08,100.4,2015-08-01
LV,CP0411,I15,2015-08,102.99,2015-08-01
ME,CP0411,I15,2015-08,99.94,2015-08-01
MK,CP0411,I15,2015-08,100.09,2015-08-01
NL,CP0411,I15,2015-08,101.22,2015-08-01
PL,CP0411,I15,2015-08,100.2,2015-08-01
PT,CP0411,I15,2015-08,100.05,2015-08-01
SE,CP0411,I15,2015-08,100.2,2015-08-01
SI,CP0411,I15,2015-08,100.04,2015-08-01
FR,CP0411,I96,2015-08,142.5,2015-08-01
LT,CP0411,I96,2015-08,660.0,2015-08-01
BE,CP0411,I05,2015-09,116.53,2015-09-01
FR,CP0411,I05,2015-09,120.26,2015-09-01
LT,CP0411,I05,2015-09,267.95,2015-09-01
SI,CP0411,I05,2015-09,109.86,2015-09-01
AT,CP0411,I15,2015-09,100.57,2015-09-01
BE,CP0411,I15,2015-09,100.06,2015-09-01
BG,CP0411,I15,2015-09,100.03,2015-09-01
CH,CP0411,I15,2015-09,100.22,2015-09-01
CZ,CP0411,I15,2015-09,99.9,2015-09-01
DE,CP0411,I15,2015-09,100.2,2015-09-01
DK,CP0411,I15,2015-09,100.2,2015-09-01
EL,CP0411,I15,2015-09,99.03,2015-09-01
FR,CP0411,I15,2015-09,100.15,2015-09-01
HU,CP0411,I15,2015-09,101.12,2015-09-01
IT,CP0411,I15,2015-09,100.0,2015-09-01
LT,CP0411,I15,2015-09,109.48,2015-09-01
LU,CP0411,I15,2015-09,100.41,2015-09-01
LV,CP0411,I15,2015-09,101.41,2015-09-01
ME,CP0411,I15,2015-09,99.94,2015-09-01
MK,CP0411,I15,2015-09,100.09,2015-09-01
NL,CP0411,I15,2015-09,101.22,2015-09-01
PL,CP0411,I15,2015-09,100.3,2015-09-01
PT,CP0411,I15,2015-09,100.05,2015-09-01
SE,CP0411,I15,2015-09,100.22,2015-09-01
SI,CP0411,I15,2015-09,100.77,2015-09-01
FR,CP0411,I96,2015-09,142.5,2015-09-01
LT,CP0411,I96,2015-09,667.1,2015-09-01
BE,CP0411,I05,2015-10,116.61,2015-10-01
FR,CP0411,I05,2015-10,120.26,2015-10-01
LT,CP0411,I05,2015-10,259.18,2015-10-01
SI,CP0411,I05,2015-10,110.97,2015-10-01
AT,CP0411,I15,2015-10,100.57,2015-10-01
BE,CP0411,I15,2015-10,100.12,2015-10-01
BG,CP0411,I15,2015-10,100.06,2015-10-01
CH,CP0411,I15,2015-10,100.31,2015-10-01
CZ,CP0411,I15,2015-10,100.1,2015-10-01
DE,CP0411,I15,2015-10,100.3,2015-10-01
DK,CP0411,I15,2015-10,100.2,2015-10-01
EL,CP0411,I15,2015-10,99.01,2015-10-01
FR,CP0411,I15,2015-10,100.15,2015-10-01
HU,CP0411,I15,2015-10,102.06,2015-10-01
IT,CP0411,I15,2015-10,100.0,2015-10-01
LT,CP0411,I15,2015-10,105.9,2015-10-01
LU,CP0411,I15,2015-10,100.44,2015-10-01
LV,CP0411,I15,2015-10,100.24,2015-10-01
ME,CP0411,I15,2015-10,99.97,2015-10-01
MK,CP0411,I15,2015-10,100.09,2015-10-01
NL,CP0411,I15,2015-10,101.06,2015-10-01
PL,CP0411,I15,2015-10,100.4,2015-10-01
PT,CP0411,I15,2015-10,100.18,2015-10-01
SE,CP0411,I15,2015-10,100.22,2015-10-01
SI,CP0411,I15,2015-10,101.79,2015-10-01
FR,CP0411,I96,2015-10,142.5,2015-10-01
LT,CP0411,I96,2015-10,645.3,2015-10-01
BE,CP0411,I05,2015-11,116.79,2015-11-01
FR,CP0411,I05,2015-11,120.26,2015-11-01
LT,CP0411,I05,2015-11,256.89,2015-11-01
SI,CP0411,I05,2015-11,111.17,2015-11-01
AT,CP0411,I15,2015-11,100.76,2015-11-01
BE,CP0411,I15,2015-11,100.28,2015-11-01
BG,CP0411,I15,2015-11,100.14,2015-11-01
CH,CP0411,I15,2015-11,99.71,2015-11-01
CZ,CP0411,I15,2015-11,100.3,2015-11-01
DE,CP0411,I15,2015-11,100.4,2015-11-01
DK,CP0411,I15,2015-11,100.2,2015-11-01
EL,CP0411,I15,2015-11,98.68,2015-11-01
FR,CP0411,I15,2015-11,100.15,2015-11-01
HU,CP0411,I15,2015-11,102.61,2015-11-01
IT,CP0411,I15,2015-11,100.1,2015-11-01
LT,CP0411,I15,2015-11,104.96,2015-11-01
LU,CP0411,I15,2015-11,100.46,2015-11-01
LV,CP0411,I15,2015-11,99.38,2015-11-01
ME,CP0411,I15,2015-11,100.78,2015-11-01
MK,CP0411,I15,2015-11,99.57,2015-11-01
NL,CP0411,I15,2015-11,101.06,2015-11-01
PL,CP0411,I15,2015-11,100.6,2015-11-01
PT,CP0411,I15,2015-11,100.34,2015-11-01
SE,CP0411,I15,2015-11,100.22,2015-11-01
SI,CP0411,I15,2015-11,101.97,2015-11-01
FR,CP0411,I96,2015-11,142.5,2015-11-01
LT,CP0411,I96,2015-11,639.6,2015-11-01
BE,CP0411,I05,2015-12,116.88,2015-12-01
FR,CP0411,I05,2015-12,120.27,2015-12-01
LT,CP0411,I05,2015-12,257.57,2015-12-01
SI,CP0411,I05,2015-12,110.37,2015-12-01
AL,CP0411,I15,2015-12,100.0,2015-12-01
AT,CP0411,I15,2015-12,100.76,2015-12-01
BE,CP0411,I15,2015-12,100.35,2015-12-01
BG,CP0411,I15,2015-12,100.14,2015-12-01
CH,CP0411,I15,2015-12,99.78,2015-12-01
CY,CP0411,I15,2015-12,99.7,2015-12-01
CZ,CP0411,I15,2015-12,100.5,2015-12-01
DE,CP0411,I15,2015-12,100.4,2015-12-01
DK,CP0411,I15,2015-12,100.2,2015-12-01
EE,CP0411,I15,2015-12,96.57,2015-12-01
EL,CP0411,I15,2015-12,97.39,2015-12-01
ES,CP0411,I15,2015-12,99.9,2015-12-01
FR,CP0411,I15,2015-12,100.16,2015-12-01
HR,CP0411,I15,2015-12,100.1,2015-12-01
HU,CP0411,I15,2015-12,102.64,2015-12-01
IS,CP0411,I15,2015-12,102.16,2015-12-01
IT,CP0411,I15,2015-12,100.1,2015-12-01
LT,CP0411,I15,2015-12,105.24,2015-12-01
LU,CP0411,I15,2015-12,100.49,2015-12-01
LV,CP0411,I15,2015-12,98.5,2015-12-01
ME,CP0411,I15,2015-12,101.42,2015-12-01
MK,CP0411,I15,2015-12,99.57,2015-12-01
MT,CP0411,I15,2015-12,101.62,2015-12-01
NL,CP0411,I15,2015-12,101.06,2015-12-01
NO,CP0411,I15,2015-12,100.5,2015-12-01
PL,CP0411,I15,2015-12,100.7,2015-12-01
PT,CP0411,I15,2015-12,100.2,2015-12-01
RS,CP0411,I15,2015-12,101.3,2015-12-01
SE,CP0411,I15,2015-12,100.22,2015-12-01
SI,CP0411,I15,2015-12,101.23,2015-12-01
SK,CP0411,I15,2015-12,100.0,2015-12-01
XK,CP0411,I15,2015-12,100.0,2015-12-01
FR,CP0411,I96,2015-12,142.5,2015-12-01
LT,CP0411,I96,2015-12,641.3,2015-12-01
BE,CP0411,I05,2016-01,117.09,2016-01-01
FR,CP0411,I05,2016-01,120.28,2016-01-01
LT,CP0411,I05,2016-01,261.96,2016-01-01
SI,CP0411,I05,2016-01,109.85,2016-01-01
AL,CP0411,I15,2016-01,100.0,2016-01-01
AT,CP0411,I15,2016-01,100.96,2016-01-01
BE,CP0411,I15,2016-01,100.54,2016-01-01
BG,CP0411,I15,2016-01,100.13,2016-01-01
CH,CP0411,I15,2016-01,99.85,2016-01-01
CY,CP0411,I15,2016-01,99.59,2016-01-01
CZ,CP0411,I15,2016-01,100.7,2016-01-01
DE,CP0411,I15,2016-01,100.6,2016-01-01
DK,CP0411,I15,2016-01,100.2,2016-01-01
EE,CP0411,I15,2016-01,101.77,2016-01-01
EL,CP0411,I15,2016-01,97.39,2016-01-01
ES,CP0411,I15,2016-01,99.9,2016-01-01
FR,CP0411,I15,2016-01,100.17,2016-01-01
HR,CP0411,I15,2016-01,100.05,2016-01-01
HU,CP0411,I15,2016-01,103.37,2016-01-01
IS,CP0411,I15,2016-01,102.04,2016-01-01
IT,CP0411,I15,2016-01,100.1,2016-01-01
LT,CP0411,I15,2016-01,107.04,2016-01-01
LU,CP0411,I15,2016-01,100.61,2016-01-01
LV,CP0411,I15,2016-01,97.94,2016-01-01
ME,CP0411,I15,2016-01,101.42,2016-01-01
MK,CP0411,I15,2016-01,99.63,2016-01-01
MT,CP0411,I15,2016-01,105.42,2016-01-01
NL,CP0411,I15,2016-01,101.06,2016-01-01
NO,CP0411,I15,2016-01,101.0,2016-01-01
PL,CP0411,I15,2016-01,100.8,2016-01-01
PT,CP0411,I15,2016-01,100.52,2016-01-01
RS,CP0411,I15,2016-01,101.6,2016-01-01
SE,CP0411,I15,2016-01,100.44,2016-01-01
SI,CP0411,I15,2016-01,100.76,2016-01-01
SK,CP0411,I15,2016-01,100.02,2016-01-01
XK,CP0411,I15,2016-01,100.0,2016-01-01
FR,CP0411,I96,2016-01,142.5,2016-01-01
LT,CP0411,I96,2016-01,652.2,2016-01-01
BE,CP0411,I05,2016-02,117.29,2016-02-01
FR,CP0411,I05,2016-02,120.38,2016-02-01
LT,CP0411,I05,2016-02,264.03,2016-02-01
SI,CP0411,I05,2016-02,109.55,2016-02-01
AL,CP0411,I15,2016-02,100.0,2016-02-01
AT,CP0411,I15,2016-02,101.35,2016-02-01
BE,CP0411,I15,2016-02,100.71,2016-02-01
BG,CP0411,I15,2016-02,100.14,2016-02-01
CH,CP0411,I15,2016-02,99.9,2016-02-01
CY,CP0411,I15,2016-02,99.55,2016-02-01
CZ,CP0411,I15,2016-02,100.6,2016-02-01
DE,CP0411,I15,2016-02,100.7,2016-02-01
DK,CP0411,I15,2016-02,101.9,2016-02-01
EE,CP0411,I15,2016-02,102.87,2016-02-01
EL,CP0411,I15,2016-02,97.39,2016-02-01
ES,CP0411,I15,2016-02,99.95,2016-02-01
FR,CP0411,I15,2016-02,100.25,2016-02-01
HR,CP0411,I15,2016-02,100.0,2016-02-01
HU,CP0411,I15,2016-02,104.66,2016-02-01
IS,CP0411,I15,2016-02,102.61,2016-02-01
IT,CP0411,I15,2016-02,100.2,2016-02-01
LT,CP0411,I15,2016-02,107.88,2016-02-01
LU,CP0411,I15,2016-02,100.63,2016-02-01
LV,CP0411,I15,2016-02,97.84,2016-02-01
ME,CP0411,I15,2016-02,100.3,2016-02-01
MK,CP0411,I15,2016-02,99.63,2016-02-01
MT,CP0411,I15,2016-02,105.49,2016-02-01
NL,CP0411,I15,2016-02,101.06,2016-02-01
NO,CP0411,I15,2016-02,100.9,2016-02-01
PL,CP0411,I15,2016-02,100.8,2016-02-01
PT,CP0411,I15,2016-02,101.53,2016-02-01
RS,CP0411,I15,2016-02,101.8,2016-02-01
SE,CP0411,I15,2016-02,100.57,2016-02-01
SI,CP0411,I15,2016-02,100.48,2016-02-01
SK,CP0411,I15,2016-02,100.23,2016-02-01
XK,CP0411,I15,2016-02,100.0,2016-02-01
FR,CP0411,I96,2016-02,142.6,2016-02-01
LT,CP0411,I96,2016-02,657.3,2016-02-01
BE,CP0411,I05,2016-03,117.41,2016-03-01
FR,CP0411,I05,2016-03,120.38,2016-03-01
LT,CP0411,I05,2016-03,266.42,2016-03-01
SI,CP0411,I05,2016-03,109.88,2016-03-01
AL,CP0411,I15,2016-03,100.0,2016-03-01
AT,CP0411,I15,2016-03,101.94,2016-03-01
BE,CP0411,I15,2016-03,100.81,2016-03-01
BG,CP0411,I15,2016-03,100.13,2016-03-01
CH,CP0411,I15,2016-03,99.93,2016-03-01
CY,CP0411,I15,2016-03,99.52,2016-03-01
CZ,CP0411,I15,2016-03,100.8,2016-03-01
DE,CP0411,I15,2016-03,100.8,2016-03-01
DK,CP0411,I15,2016-03,101.9,2016-03-01
EE,CP0411,I15,2016-03,104.38,2016-03-01
EL,CP0411,I15,2016-03,97.39,2016-03-01
ES,CP0411,I15,2016-03,99.94,2016-03-01
FR,CP0411,I15,2016-03,100.25,2016-03-01
HR,CP0411,I15,2016-03,99.79,2016-03-01
HU,CP0411,I15,2016-03,104.42,2016-03-01
IS,CP0411,I15,2016-03,103.07,2016-03-01
IT,CP0411,I15,2016-03,100.2,2016-03-01
LT,CP0411,I15,2016-03,108.86,2016-03-01
LU,CP0411,I15,2016-03,100.61,2016-03-01
LV,CP0411,I15,2016-03,100.2,2016-03-01
ME,CP0411,I15,2016-03,100.3,2016-03-01
MK,CP0411,I15,2016-03,99.63,2016-03-01
MT,CP0411,I15,2016-03,105.5,2016-03-01
NL,CP0411,I15,2016-03,101.06,2016-03-01
NO,CP0411,I15,2016-03,101.3,2016-03-01
PL,CP0411,I15,2016-03,101.0,2016-03-01
PT,CP0411,I15,2016-03,101.44,2016-03-01
RS,CP0411,I15,2016-03,102.2,2016-03-01
SE,CP0411,I15,2016-03,100.6,2016-03-01
SI,CP0411,I15,2016-03,100.79,2016-03-01
SK,CP0411,I15,2016-03,100.23,2016-03-01
XK,CP0411,I15,2016-03,100.0,2016-03-01
FR,CP0411,I96,2016-03,142.6,2016-03-01
LT,CP0411,I96,2016-03,663.3,2016-03-01
BE,CP0411,I05,2016-04,117.44,2016-04-01
FR,CP0411,I05,2016-04,120.39,2016-04-01
LT,CP0411,I05,2016-04,267.63,2016-04-01
SI,CP0411,I05,2016-04,109.52,2016-04-01
AL,CP0411,I15,2016-04,100.0,2016-04-01
AT,CP0411,I15,2016-04,102.33,2016-04-01
BE,CP0411,I15,2016-04,100.83,2016-04-01
BG,CP0411,I15,2016-04,100.63,2016-04-01
CH,CP0411,I15,2016-04,99.96,2016-04-01
CY,CP0411,I15,2016-04,99.48,2016-04-01
CZ,CP0411,I15,2016-04,100.9,2016-04-01
DE,CP0411,I15,2016-04,100.9,2016-04-01
DK,CP0411,I15,2016-04,101.9,2016-04-01
EE,CP0411,I15,2016-04,104.38,2016-04-01
EL,CP0411,I15,2016-04,97.39,2016-04-01
ES,CP0411,I15,2016-04,99.97,2016-04-01
FR,CP0411,I15,2016-04,100.26,2016-04-01
HR,CP0411,I15,2016-04,99.34,2016-04-01
HU,CP0411,I15,2016-04,104.78,2016-04-01
IS,CP0411,I15,2016-04,103.66,2016-04-01
IT,CP0411,I15,2016-04,100.2,2016-04-01
LT,CP0411,I15,2016-04,109.35,2016-04-01
LU,CP0411,I15,2016-04,100.75,2016-04-01
LV,CP0411,I15,2016-04,98.37,2016-04-01
ME,CP0411,I15,2016-04,100.3,2016-04-01
MK,CP0411,I15,2016-04,99.63,2016-04-01
MT,CP0411,I15,2016-04,105.51,2016-04-01
NL,CP0411,I15,2016-04,101.06,2016-04-01
NO,CP0411,I15,2016-04,101.5,2016-04-01
PL,CP0411,I15,2016-04,101.1,2016-04-01
PT,CP0411,I15,2016-04,101.55,2016-04-01
RS,CP0411,I15,2016-04,101.8,2016-04-01
SE,CP0411,I15,2016-04,100.78,2016-04-01
SI,CP0411,I15,2016-04,100.46,2016-04-01
SK,CP0411,I15,2016-04,100.23,2016-04-01
XK,CP0411,I15,2016-04,100.0,2016-04-01
FR,CP0411,I96,2016-04,142.7,2016-04-01
LT,CP0411,I96,2016-04,666.3,2016-04-01
BE,CP0411,I05,2016-05,117.45,2016-05-01
FR,CP0411,I05,2016-05,120.45,2016-05-01
LT,CP0411,I05,2016-05,271.53,2016-05-01
SI,CP0411,I05,2016-05,109.8,2016-05-01
AL,CP0411,I15,2016-05,100.0,2016-05-01
AT,CP0411,I15,2016-05,102.72,2016-05-01
BE,CP0411,I15,2016-05,100.85,2016-05-01
BG,CP0411,I15,2016-05,100.63,2016-05-01
CH,CP0411,I15,2016-05,100.07,2016-05-01
CY,CP0411,I15,2016-05,99.42,2016-05-01
CZ,CP0411,I15,2016-05,100.9,2016-05-01
DE,CP0411,I15,2016-05,101.0,2016-05-01
DK,CP0411,I15,2016-05,101.9,2016-05-01
EE,CP0411,I15,2016-05,105.77,2016-05-01
EL,CP0411,I15,2016-05,97.39,2016-05-01
ES,CP0411,I15,2016-05,99.99,2016-05-01
FR,CP0411,I15,2016-05,100.31,2016-05-01
HR,CP0411,I15,2016-05,98.97,2016-05-01
HU,CP0411,I15,2016-05,104.9,2016-05-01
IS,CP0411,I15,2016-05,103.94,2016-05-01
IT,CP0411,I15,2016-05,100.3,2016-05-01
LT,CP0411,I15,2016-05,110.95,2016-05-01
LU,CP0411,I15,2016-05,100.82,2016-05-01
LV,CP0411,I15,2016-05,99.05,2016-05-01
ME,CP0411,I15,2016-05,100.06,2016-05-01
MK,CP0411,I15,2016-05,99.63,2016-05-01
MT,CP0411,I15,2016-05,105.51,2016-05-01
NL,CP0411,I15,2016-05,101.06,2016-05-01
NO,CP0411,I15,2016-05,101.5,2016-05-01
PL,CP0411,I15,2016-05,101.2,2016-05-01
PT,CP0411,I15,2016-05,101.53,2016-05-01
RS,CP0411,I15,2016-05,101.6,2016-05-01
SE,CP0411,I15,2016-05,100.86,2016-05-01
SI,CP0411,I15,2016-05,100.72,2016-05-01
SK,CP0411,I15,2016-05,100.23,2016-05-01
XK,CP0411,I15,2016-05,100.0,2016-05-01
FR,CP0411,I96,2016-05,142.7,2016-05-01
LT,CP0411,I96,2016-05,676.0,2016-05-01
BE,CP0411,I05,2016-06,117.5,2016-06-01
FR,CP0411,I05,2016-06,120.47,2016-06-01
LT,CP0411,I05,2016-06,269.78,2016-06-01
SI,CP0411,I05,2016-06,110.74,2016-06-01
AL,CP0411,I15,2016-06,100.0,2016-06-01
AT,CP0411,I15,2016-06,102.91,2016-06-01
BE,CP0411,I15,2016-06,100.89,2016-06-01
BG,CP0411,I15,2016-06,100.63,2016-06-01
CH,CP0411,I15,2016-06,100.15,2016-06-01
CY,CP0411,I15,2016-06,99.41,2016-06-01
CZ,CP0411,I15,2016-06,101.0,2016-06-01
DE,CP0411,I15,2016-06,101.1,2016-06-01
DK,CP0411,I15,2016-06,101.9,2016-06-01
EE,CP0411,I15,2016-06,105.58,2016-06-01
EL,CP0411,I15,2016-06,97.39,2016-06-01
ES,CP0411,I15,2016-06,100.01,2016-06-01
FR,CP0411,I15,2016-06,100.32,2016-06-01
HR,CP0411,I15,2016-06,98.98,2016-06-01
HU,CP0411,I15,2016-06,105.37,2016-06-01
IS,CP0411,I15,2016-06,103.76,2016-06-01
IT,CP0411,I15,2016-06,100.4,2016-06-01
LT,CP0411,I15,2016-06,110.23,2016-06-01
LU,CP0411,I15,2016-06,100.86,2016-06-01
LV,CP0411,I15,2016-06,98.61,2016-06-01
ME,CP0411,I15,2016-06,100.06,2016-06-01
MK,CP0411,I15,2016-06,99.63,2016-06-01
MT,CP0411,I15,2016-06,105.57,2016-06-01
NL,CP0411,I15,2016-06,101.06,2016-06-01
NO,CP0411,I15,2016-06,101.9,2016-06-01
PL,CP0411,I15,2016-06,101.4,2016-06-01
PT,CP0411,I15,2016-06,101.56,2016-06-01
RS,CP0411,I15,2016-06,102.5,2016-06-01
SE,CP0411,I15,2016-06,100.93,2016-06-01
SI,CP0411,I15,2016-06,101.57,2016-06-01
SK,CP0411,I15,2016-06,100.26,2016-06-01
XK,CP0411,I15,2016-06,100.0,2016-06-01
FR,CP0411,I96,2016-06,142.7,2016-06-01
LT,CP0411,I96,2016-06,671.7,2016-06-01
BE,CP0411,I05,2016-07,117.57,2016-07-01
FR,CP0411,I05,2016-07,120.49,2016-07-01
LT,CP0411,I05,2016-07,274.84,2016-07-01
SI,CP0411,I05,2016-07,110.6,2016-07-01
AL,CP0411,I15,2016-07,99.71,2016-07-01
AT,CP0411,I15,2016-07,103.3,2016-07-01
BE,CP0411,I15,2016-07,100.95,2016-07-01
BG,CP0411,I15,2016-07,100.63,2016-07-01
CH,CP0411,I15,2016-07,100.22,2016-07-01
CY,CP0411,I15,2016-07,99.45,2016-07-01
CZ,CP0411,I15,2016-07,101.1,2016-07-01
DE,CP0411,I15,2016-07,101.2,2016-07-01
DK,CP0411,I15,2016-07,101.9,2016-07-01
EE,CP0411,I15,2016-07,108.68,2016-07-01
EL,CP0411,I15,2016-07,97.39,2016-07-01
ES,CP0411,I15,2016-07,100.02,2016-07-01
FR,CP0411,I15,2016-07,100.34,2016-07-01
HR,CP0411,I15,2016-07,98.02,2016-07-01
HU,CP0411,I15,2016-07,105.83,2016-07-01
IS,CP0411,I15,2016-07,104.11,2016-07-01
IT,CP0411,I15,2016-07,100.4,2016-07-01
LT,CP0411,I15,2016-07,112.3,2016-07-01
LU,CP0411,I15,2016-07,100.82,2016-07-01
LV,CP0411,I15,2016-07,99.54,2016-07-01
ME,CP0411,I15,2016-07,100.06,2016-07-01
MK,CP0411,I15,2016-07,99.63,2016-07-01
MT,CP0411,I15,2016-07,105.61,2016-07-01
NL,CP0411,I15,2016-07,103.11,2016-07-01
NO,CP0411,I15,2016-07,102.0,2016-07-01
PL,CP0411,I15,2016-07,101.4,2016-07-01
PT,CP0411,I15,2016-07,101.59,2016-07-01
RS,CP0411,I15,2016-07,102.4,2016-07-01
SE,CP0411,I15,2016-07,101.0,2016-07-01
SI,CP0411,I15,2016-07,101.45,2016-07-01
SK,CP0411,I15,2016-07,100.28,2016-07-01
XK,CP0411,I15,2016-07,98.82,2016-07-01
FR,CP0411,I96,2016-07,142.8,2016-07-01
LT,CP0411,I96,2016-07,684.2,2016-07-01
BE,CP0411,I05,2016-08,117.63,2016-08-01
FR,CP0411,I05,2016-08,120.53,2016-08-01
LT,CP0411,I05,2016-08,277.18,2016-08-01
SI,CP0411,I05,2016-08,111.14,2016-08-01
AL,CP0411,I15,2016-08,99.67,2016-08-01
AT,CP0411,I15,2016-08,103.69,2016-08-01
BE,CP0411,I15,2016-08,101.0,2016-08-01
BG,CP0411,I15,2016-08,100.69,2016-08-01
CH,CP0411,I15,2016-08,100.21,2016-08-01
CY,CP0411,I15,2016-08,99.38,2016-08-01
CZ,CP0411,I15,2016-08,101.5,2016-08-01
DE,CP0411,I15,2016-08,101.4,2016-08-01
DK,CP0411,I15,2016-08,101.9,2016-08-01
EE,CP0411,I15,2016-08,109.36,2016-08-01
EL,CP0411,I15,2016-08,97.39,2016-08-01
ES,CP0411,I15,2016-08,100.03,2016-08-01
FR,CP0411,I15,2016-08,100.37,2016-08-01
HR,CP0411,I15,2016-08,98.14,2016-08-01
HU,CP0411,I15,2016-08,105.94,2016-08-01
IS,CP0411,I15,2016-08,104.53,2016-08-01
IT,CP0411,I15,2016-08,100.3,2016-08-01
LT,CP0411,I15,2016-08,113.25,2016-08-01
LU,CP0411,I15,2016-08,100.85,2016-08-01
LV,CP0411,I15,2016-08,99.1,2016-08-01
ME,CP0411,I15,2016-08,100.06,2016-08-01
MK,CP0411,I15,2016-08,99.63,2016-08-01
MT,CP0411,I15,2016-08,105.61,2016-08-01
NL,CP0411,I15,2016-08,103.11,2016-08-01
NO,CP0411,I15,2016-08,102.1,2016-08-01
PL,CP0411,I15,2016-08,101.5,2016-08-01
PT,CP0411,I15,2016-08,101.69,2016-08-01
RS,CP0411,I15,2016-08,104.1,2016-08-01
SE,CP0411,I15,2016-08,101.01,2016-08-01
SI,CP0411,I15,2016-08,101.94,2016-08-01
SK,CP0411,I15,2016-08,100.28,2016-08-01
XK,CP0411,I15,2016-08,98.82,2016-08-01
FR,CP0411,I96,2016-08,142.8,2016-08-01
LT,CP0411,I96,2016-08,690.1,2016-08-01
BE,CP0411,I05,2016-09,117.7,2016-09-01
FR,CP0411,I05,2016-09,120.55,2016-09-01
LT,CP0411,I05,2016-09,272.25,2016-09-01
SI,CP0411,I05,2016-09,110.62,2016-09-01
AL,CP0411,I15,2016-09,99.78,2016-09-01
AT,CP0411,I15,2016-09,103.89,2016-09-01
BE,CP0411,I15,2016-09,101.06,2016-09-01
BG,CP0411,I15,2016-09,100.8,2016-09-01
CH,CP0411,I15,2016-09,100.28,2016-09-01
CY,CP0411,I15,2016-09,99.39,2016-09-01
CZ,CP0411,I15,2016-09,101.5,2016-09-01
DE,CP0411,I15,2016-09,101.6,2016-09-01
DK,CP0411,I15,2016-09,101.9,2016-09-01
EE,CP0411,I15,2016-09,110.58,2016-09-01
EL,CP0411,I15,2016-09,97.39,2016-09-01
ES,CP0411,I15,2016-09,100.06,2016-09-01
FR,CP0411,I15,2016-09,100.39,2016-09-01
HR,CP0411,I15,2016-09,98.29,2016-09-01
HU,CP0411,I15,2016-09,105.79,2016-09-01
IS,CP0411,I15,2016-09,105.42,2016-09-01
IT,CP0411,I15,2016-09,100.3,2016-09-01
LT,CP0411,I15,2016-09,111.24,2016-09-01
LU,CP0411,I15,2016-09,100.9,2016-09-01
LV,CP0411,I15,2016-09,99.26,2016-09-01
ME,CP0411,I15,2016-09,100.57,2016-09-01
MK,CP0411,I15,2016-09,99.63,2016-09-01
MT,CP0411,I15,2016-09,105.86,2016-09-01
NL,CP0411,I15,2016-09,103.11,2016-09-01
NO,CP0411,I15,2016-09,102.2,2016-09-01
PL,CP0411,I15,2016-09,101.6,2016-09-01
PT,CP0411,I15,2016-09,101.85,2016-09-01
RS,CP0411,I15,2016-09,100.5,2016-09-01
SE,CP0411,I15,2016-09,101.01,2016-09-01
SI,CP0411,I15,2016-09,101.47,2016-09-01
SK,CP0411,I15,2016-09,100.28,2016-09-01
XK,CP0411,I15,2016-09,98.85,2016-09-01
FR,CP0411,I96,2016-09,142.8,2016-09-01
LT,CP0411,I96,2016-09,677.8,2016-09-01
BE,CP0411,I05,2016-10,117.77,2016-10-01
FR,CP0411,I05,2016-10,120.55,2016-10-01
LT,CP0411,I05,2016-10,273.4,2016-10-01
SI,CP0411,I05,2016-10,111.51,2016-10-01
AL,CP0411,I15,2016-10,99.78,2016-10-01
AT,CP0411,I15,2016-10,104.28,2016-10-01
BE,CP0411,I15,2016-10,101.12,2016-10-01
BG,CP0411,I15,2016-10,100.92,2016-10-01
CH,CP0411,I15,2016-10,100.36,2016-10-01
CY,CP0411,I15,2016-10,99.46,2016-10-01
CZ,CP0411,I15,2016-10,101.6,2016-10-01
DE,CP0411,I15,2016-10,101.7,2016-10-01
DK,CP0411,I15,2016-10,101.9,2016-10-01
EE,CP0411,I15,2016-10,109.03,2016-10-01
EL,CP0411,I15,2016-10,97.39,2016-10-01
ES,CP0411,I15,2016-10,100.1,2016-10-01
FR,CP0411,I15,2016-10,100.39,2016-10-01
HR,CP0411,I15,2016-10,98.26,2016-10-01
HU,CP0411,I15,2016-10,105.98,2016-10-01
IS,CP0411,I15,2016-10,105.44,2016-10-01
IT,CP0411,I15,2016-10,100.2,2016-10-01
LT,CP0411,I15,2016-10,111.71,2016-10-01
LU,CP0411,I15,2016-10,100.95,2016-10-01
LV,CP0411,I15,2016-10,98.65,2016-10-01
ME,CP0411,I15,2016-10,100.57,2016-10-01
MK,CP0411,I15,2016-10,99.63,2016-10-01
MT,CP0411,I15,2016-10,105.87,2016-10-01
NL,CP0411,I15,2016-10,103.11,2016-10-01
NO,CP0411,I15,2016-10,102.4,2016-10-01
PL,CP0411,I15,2016-10,101.7,2016-10-01
PT,CP0411,I15,2016-10,102.21,2016-10-01
RS,CP0411,I15,2016-10,100.5,2016-10-01
SE,CP0411,I15,2016-10,101.02,2016-10-01
SI,CP0411,I15,2016-10,102.28,2016-10-01
SK,CP0411,I15,2016-10,100.28,2016-10-01
XK,CP0411,I15,2016-10,98.85,2016-10-01
FR,CP0411,I96,2016-10,142.8,2016-10-01
LT,CP0411,I96,2016-10,680.7,2016-10-01
BE,CP0411,I05,2016-11,117.84,2016-11-01
FR,CP0411,I05,2016-11,120.58,2016-11-01
LT,CP0411,I05,2016-11,271.04,2016-11-01
SI,CP0411,I05,2016-11,113.76,2016-11-01
AL,CP0411,I15,2016-11,99.78,2016-11-01
AT,CP0411,I15,2016-11,104.67,2016-11-01
BE,CP0411,I15,2016-11,101.18,2016-11-01
BG,CP0411,I15,2016-11,101.02,2016-11-01
CH,CP0411,I15,2016-11,100.76,2016-11-01
CY,CP0411,I15,2016-11,99.66,2016-11-01
CZ,CP0411,I15,2016-11,101.7,2016-11-01
DE,CP0411,I15,2016-11,101.9,2016-11-01
DK,CP0411,I15,2016-11,101.9,2016-11-01
EE,CP0411,I15,2016-11,106.59,2016-11-01
EL,CP0411,I15,2016-11,97.39,2016-11-01
ES,CP0411,I15,2016-11,100.12,2016-11-01
FR,CP0411,I15,2016-11,100.42,2016-11-01
HR,CP0411,I15,2016-11,98.45,2016-11-01
HU,CP0411,I15,2016-11,105.79,2016-11-01
IS,CP0411,I15,2016-11,106.45,2016-11-01
IT,CP0411,I15,2016-11,100.2,2016-11-01
LT,CP0411,I15,2016-11,110.75,2016-11-01
LU,CP0411,I15,2016-11,101.0,2016-11-01
LV,CP0411,I15,2016-11,97.08,2016-11-01
ME,CP0411,I15,2016-11,100.57,2016-11-01
MK,CP0411,I15,2016-11,99.63,2016-11-01
MT,CP0411,I15,2016-11,105.87,2016-11-01
NL,CP0411,I15,2016-11,103.11,2016-11-01
NO,CP0411,I15,2016-11,102.6,2016-11-01
PL,CP0411,I15,2016-11,101.9,2016-11-01
PT,CP0411,I15,2016-11,102.49,2016-11-01
RS,CP0411,I15,2016-11,100.5,2016-11-01
SE,CP0411,I15,2016-11,101.02,2016-11-01
SI,CP0411,I15,2016-11,104.34,2016-11-01
SK,CP0411,I15,2016-11,100.28,2016-11-01
XK,CP0411,I15,2016-11,98.85,2016-11-01
FR,CP0411,I96,2016-11,142.9,2016-11-01
LT,CP0411,I96,2016-11,674.8,2016-11-01
BE,CP0411,I05,2016-12,117.88,2016-12-01
FR,CP0411,I05,2016-12,120.59,2016-12-01
LT,CP0411,I05,2016-12,270.61,2016-12-01
SI,CP0411,I05,2016-12,112.65,2016-12-01
AL,CP0411,I15,2016-12,99.78,2016-12-01
AT,CP0411,I15,2016-12,105.06,2016-12-01
BE,CP0411,I15,2016-12,101.22,2016-12-01
BG,CP0411,I15,2016-12,101.02,2016-12-01
CH,CP0411,I15,2016-12,100.84,2016-12-01
CY,CP0411,I15,2016-12,99.66,2016-12-01
CZ,CP0411,I15,2016-12,101.8,2016-12-01
DE,CP0411,I15,2016-12,102.0,2016-12-01
DK,CP0411,I15,2016-12,101.9,2016-12-01
EA,CP0411,I15,2016-12,100.0,2016-12-01
EA19,CP0411,I15,2016-12,100.0,2016-12-01
EA20,CP0411,I15,2016-12,100.0,2016-12-01
EE,CP0411,I15,2016-12,108.73,2016-12-01
EEA,CP0411,I15,2016-12,100.0,2016-12-01
EL,CP0411,I15,2016-12,97.39,2016-12-01
ES,CP0411,I15,2016-12,100.12,2016-12-01
EU,CP0411,I15,2016-12,100.0,2016-12-01
EU27_2020,CP0411,I15,2016-12,100.0,2016-12-01
EU28,CP0411,I15,2016-12,100.0,2016-12-01
FI,CP0411,I15,2016-12,103.34,2016-12-01
FR,CP0411,I15,2016-12,100.42,2016-12-01
HR,CP0411,I15,2016-12,98.76,2016-12-01
HU,CP0411,I15,2016-12,105.79,2016-12-01
IE,CP0411,I15,2016-12,112.5,2016-12-01
IS,CP0411,I15,2016-12,106.86,2016-12-01
IT,CP0411,I15,2016-12,100.3,2016-12-01
LT,CP0411,I15,2016-12,110.57,2016-12-01
LU,CP0411,I15,2016-12,101.33,2016-12-01
LV,CP0411,I15,2016-12,97.8,2016-12-01
ME,CP0411,I15,2016-12,100.57,2016-12-01
MK,CP0411,I15,2016-12,99.63,2016-12-01
MT,CP0411,I15,2016-12,105.88,2016-12-01
NL,CP0411,I15,2016-12,103.11,2016-12-01
NO,CP0411,I15,2016-12,102.6,2016-12-01
PL,CP0411,I15,2016-12,102.0,2016-12-01
PT,CP0411,I15,2016-12,102.5,2016-12-01
RO,CP0411,I15,2016-12,101.12,2016-12-01
RS,CP0411,I15,2016-12,100.8,2016-12-01
SE,CP0411,I15,2016-12,101.02,2016-12-01
SI,CP0411,I15,2016-12,103.33,2016-12-01
SK,CP0411,I15,2016-12,100.28,2016-12-01
XK,CP0411,I15,2016-12,98.85,2016-12-01
FR,CP0411,I96,2016-12,142.9,2016-12-01
LT,CP0411,I96,2016-12,673.7,2016-12-01
BE,CP0411,I05,2017-01,118.19,2017-01-01
FR,CP0411,I05,2017-01,120.53,2017-01-01
LT,CP0411,I05,2017-01,267.51,2017-01-01
SI,CP0411,I05,2017-01,112.9,2017-01-01
AL,CP0411,I15,2017-01,99.78,2017-01-01
AT,CP0411,I15,2017-01,105.26,2017-01-01
BE,CP0411,I15,2017-01,101.48,2017-01-01
BG,CP0411,I15,2017-01,101.16,2017-01-01
CH,CP0411,I15,2017-01,100.91,2017-01-01
CY,CP0411,I15,2017-01,99.69,2017-01-01
CZ,CP0411,I15,2017-01,102.4,2017-01-01
DE,CP0411,I15,2017-01,102.2,2017-01-01
DK,CP0411,I15,2017-01,101.9,2017-01-01
EA,CP0411,I15,2017-01,100.11,2017-01-01
EA19,CP0411,I15,2017-01,100.11,2017-01-01
EA20,CP0411,I15,2017-01,100.11,2017-01-01
EE,CP0411,I15,2017-01,112.22,2017-01-01
EEA,CP0411,I15,2017-01,100.16,2017-01-01
EL,CP0411,I15,2017-01,97.39,2017-01-01
ES,CP0411,I15,2017-01,100.13,2017-01-01
EU,CP0411,I15,2017-01,100.16,2017-01-01
EU27_2020,CP0411,I15,2017-01,100.13,2017-01-01
EU28,CP0411,I15,2017-01,100.16,2017-01-01
FI,CP0411,I15,2017-01,103.45,2017-01-01
FR,CP0411,I15,2017-01,100.37,2017-01-01
HR,CP0411,I15,2017-01,98.56,2017-01-01
HU,CP0411,I15,2017-01,105.43,2017-01-01
IE,CP0411,I15,2017-01,112.5,2017-01-01
IS,CP0411,I15,2017-01,107.35,2017-01-01
IT,CP0411,I15,2017-01,100.3,2017-01-01
LT,CP0411,I15,2017-01,109.31,2017-01-01
LU,CP0411,I15,2017-01,101.36,2017-01-01
LV,CP0411,I15,2017-01,96.8,2017-01-01
ME,CP0411,I15,2017-01,100.57,2017-01-01
MK,CP0411,I15,2017-01,99.63,2017-01-01
MT,CP0411,I15,2017-01,106.04,2017-01-01
NL,CP0411,I15,2017-01,103.11,2017-01-01
NO,CP0411,I15,2017-01,103.0,2017-01-01
PL,CP0411,I15,2017-01,102.8,2017-01-01
PT,CP0411,I15,2017-01,102.68,2017-01-01
RO,CP0411,I15,2017-01,101.25,2017-01-01
RS,CP0411,I15,2017-01,101.0,2017-01-01
SE,CP0411,I15,2017-01,101.28,2017-01-01
SI,CP0411,I15,2017-01,103.55,2017-01-01
SK,CP0411,I15,2017-01,100.33,2017-01-01
XK,CP0411,I15,2017-01,97.8,2017-01-01
FR,CP0411,I96,2017-01,142.8,2017-01-01
LT,CP0411,I96,2017-01,666.0,2017-01-01
BE,CP0411,I05,2017-02,118.55,2017-02-01
FR,CP0411,I05,2017-02,120.56,2017-02-01
LT,CP0411,I05,2017-02,268.26,2017-02-01
SI,CP0411,I05,2017-02,113.24,2017-02-01
AL,CP0411,I15,2017-02,99.97,2017-02-01
AT,CP0411,I15,2017-02,105.65,2017-02-01
BE,CP0411,I15,2017-02,101.79,2017-02-01
BG,CP0411,I15,2017-02,101.16,2017-02-01
CH,CP0411,I15,2017-02,100.93,2017-02-01
CY,CP0411,I15,2017-02,99.88,2017-02-01
CZ,CP0411,I15,2017-02,102.6,2017-02-01
DE,CP0411,I15,2017-02,102.3,2017-02-01
DK,CP0411,I15,2017-02,103.5,2017-02-01
EA,CP0411,I15,2017-02,100.21,2017-02-01
EA19,CP0411,I15,2017-02,100.21,2017-02-01
EA20,CP0411,I15,2017-02,100.21,2017-02-01
EE,CP0411,I15,2017-02,109.56,2017-02-01
EEA,CP0411,I15,2017-02,100.29,2017-02-01
EL,CP0411,I15,2017-02,97.24,2017-02-01
ES,CP0411,I15,2017-02,100.16,2017-02-01
EU,CP0411,I15,2017-02,100.29,2017-02-01
EU27_2020,CP0411,I15,2017-02,100.27,2017-02-01
EU28,CP0411,I15,2017-02,100.29,2017-02-01
FI,CP0411,I15,2017-02,103.71,2017-02-01
FR,CP0411,I15,2017-02,100.4,2017-02-01
HR,CP0411,I15,2017-02,98.61,2017-02-01
HU,CP0411,I15,2017-02,106.69,2017-02-01
IE,CP0411,I15,2017-02,113.7,2017-02-01
IS,CP0411,I15,2017-02,107.43,2017-02-01
IT,CP0411,I15,2017-02,100.3,2017-02-01
LT,CP0411,I15,2017-02,109.61,2017-02-01
LU,CP0411,I15,2017-02,101.56,2017-02-01
LV,CP0411,I15,2017-02,98.48,2017-02-01
ME,CP0411,I15,2017-02,100.57,2017-02-01
MK,CP0411,I15,2017-02,99.63,2017-02-01
MT,CP0411,I15,2017-02,106.14,2017-02-01
NL,CP0411,I15,2017-02,103.11,2017-02-01
NO,CP0411,I15,2017-02,103.2,2017-02-01
PL,CP0411,I15,2017-02,103.5,2017-02-01
PT,CP0411,I15,2017-02,102.44,2017-02-01
RO,CP0411,I15,2017-02,101.61,2017-02-01
RS,CP0411,I15,2017-02,101.1,2017-02-01
SE,CP0411,I15,2017-02,101.38,2017-02-01
SI,CP0411,I15,2017-02,103.87,2017-02-01
SK,CP0411,I15,2017-02,100.41,2017-02-01
XK,CP0411,I15,2017-02,97.8,2017-02-01
FR,CP0411,I96,2017-02,142.9,2017-02-01
LT,CP0411,I96,2017-02,667.9,2017-02-01
BE,CP0411,I05,2017-03,118.63,2017-03-01
FR,CP0411,I05,2017-03,120.58,2017-03-01
LT,CP0411,I05,2017-03,266.88,2017-03-01
SI,CP0411,I05,2017-03,114.92,2017-03-01
AL,CP0411,I15,2017-03,100.85,2017-03-01
AT,CP0411,I15,2017-03,105.84,2017-03-01
BE,CP0411,I15,2017-03,101.86,2017-03-01
BG,CP0411,I15,2017-03,101.22,2017-03-01
CH,CP0411,I15,2017-03,101.03,2017-03-01
CY,CP0411,I15,2017-03,99.95,2017-03-01
CZ,CP0411,I15,2017-03,102.8,2017-03-01
DE,CP0411,I15,2017-03,102.5,2017-03-01
DK,CP0411,I15,2017-03,103.5,2017-03-01
EA,CP0411,I15,2017-03,100.28,2017-03-01
EA19,CP0411,I15,2017-03,100.28,2017-03-01
EA20,CP0411,I15,2017-03,100.28,2017-03-01
EE,CP0411,I15,2017-03,109.97,2017-03-01
EEA,CP0411,I15,2017-03,100.36,2017-03-01
EL,CP0411,I15,2017-03,96.72,2017-03-01
ES,CP0411,I15,2017-03,100.21,2017-03-01
EU,CP0411,I15,2017-03,100.36,2017-03-01
EU27_2020,CP0411,I15,2017-03,100.35,2017-03-01
EU28,CP0411,I15,2017-03,100.36,2017-03-01
FI,CP0411,I15,2017-03,103.99,2017-03-01
FR,CP0411,I15,2017-03,100.42,2017-03-01
HR,CP0411,I15,2017-03,98.72,2017-03-01
HU,CP0411,I15,2017-03,107.61,2017-03-01
IE,CP0411,I15,2017-03,113.6,2017-03-01
IS,CP0411,I15,2017-03,107.11,2017-03-01
IT,CP0411,I15,2017-03,100.4,2017-03-01
LT,CP0411,I15,2017-03,109.05,2017-03-01
LU,CP0411,I15,2017-03,101.61,2017-03-01
LV,CP0411,I15,2017-03,96.94,2017-03-01
ME,CP0411,I15,2017-03,100.57,2017-03-01
MK,CP0411,I15,2017-03,99.63,2017-03-01
MT,CP0411,I15,2017-03,106.14,2017-03-01
NL,CP0411,I15,2017-03,103.11,2017-03-01
NO,CP0411,I15,2017-03,103.4,2017-03-01
PL,CP0411,I15,2017-03,103.8,2017-03-01
PT,CP0411,I15,2017-03,102.69,2017-03-01
RO,CP0411,I15,2017-03,101.72,2017-03-01
RS,CP0411,I15,2017-03,101.1,2017-03-01
SE,CP0411,I15,2017-03,101.48,2017-03-01
SI,CP0411,I15,2017-03,105.41,2017-03-01
SK,CP0411,I15,2017-03,100.41,2017-03-01
XK,CP0411,I15,2017-03,97.8,2017-03-01
FR,CP0411,I96,2017-03,142.9,2017-03-01
LT,CP0411,I96,2017-03,664.4,2017-03-01
BE,CP0411,I05,2017-04,118.64,2017-04-01
FR,CP0411,I05,2017-04,120.66,2017-04-01
LT,CP0411,I05,2017-04,266.66,2017-04-01
SI,CP0411,I05,2017-04,114.0,2017-04-01
AL,CP0411,I15,2017-04,100.55,2017-04-01
AT,CP0411,I15,2017-04,106.23,2017-04-01
BE,CP0411,I15,2017-04,101.87,2017-04-01
BG,CP0411,I15,2017-04,101.64,2017-04-01
CH,CP0411,I15,2017-04,101.14,2017-04-01
CY,CP0411,I15,2017-04,100.07,2017-04-01
CZ,CP0411,I15,2017-04,103.0,2017-04-01
DE,CP0411,I15,2017-04,102.6,2017-04-01
DK,CP0411,I15,2017-04,103.5,2017-04-01
EA,CP0411,I15,2017-04,100.4,2017-04-01
EA19,CP0411,I15,2017-04,100.4,2017-04-01
EA20,CP0411,I15,2017-04,100.4,2017-04-01
EE,CP0411,I15,2017-04,107.63,2017-04-01
EEA,CP0411,I15,2017-04,100.44,2017-04-01
EL,CP0411,I15,2017-04,96.54,2017-04-01
ES,CP0411,I15,2017-04,100.29,2017-04-01
EU,CP0411,I15,2017-04,100.43,2017-04-01
EU27_2020,CP0411,I15,2017-04,100.47,2017-04-01
EU28,CP0411,I15,2017-04,100.43,2017-04-01
FI,CP0411,I15,2017-04,104.25,2017-04-01
FR,CP0411,I15,2017-04,100.48,2017-04-01
HR,CP0411,I15,2017-04,98.15,2017-04-01
HU,CP0411,I15,2017-04,107.68,2017-04-01
IE,CP0411,I15,2017-04,114.1,2017-04-01
IS,CP0411,I15,2017-04,107.6,2017-04-01
IT,CP0411,I15,2017-04,100.4,2017-04-01
LT,CP0411,I15,2017-04,108.96,2017-04-01
LU,CP0411,I15,2017-04,101.86,2017-04-01
LV,CP0411,I15,2017-04,97.19,2017-04-01
ME,CP0411,I15,2017-04,100.31,2017-04-01
MK,CP0411,I15,2017-04,99.63,2017-04-01
MT,CP0411,I15,2017-04,106.14,2017-04-01
NL,CP0411,I15,2017-04,103.11,2017-04-01
NO,CP0411,I15,2017-04,103.5,2017-04-01
PL,CP0411,I15,2017-04,104.2,2017-04-01
PT,CP0411,I15,2017-04,102.55,2017-04-01
RO,CP0411,I15,2017-04,101.65,2017-04-01
RS,CP0411,I15,2017-04,100.9,2017-04-01
SE,CP0411,I15,2017-04,101.62,2017-04-01
SI,CP0411,I15,2017-04,104.56,2017-04-01
SK,CP0411,I15,2017-04,100.41,2017-04-01
XK,CP0411,I15,2017-04,97.8,2017-04-01
FR,CP0411,I96,2017-04,143.0,2017-04-01
LT,CP0411,I96,2017-04,663.9,2017-04-01
BE,CP0411,I05,2017-05,118.67,2017-05-01
FR,CP0411,I05,2017-05,120.68,2017-05-01
LT,CP0411,I05,2017-05,267.53,2017-05-01
SI,CP0411,I05,2017-05,114.14,2017-05-01
AL,CP0411,I15,2017-05,100.55,2017-05-01
AT,CP0411,I15,2017-05,106.62,2017-05-01
BE,CP0411,I15,2017-05,101.89,2017-05-01
BG,CP0411,I15,2017-05,101.64,2017-05-01
CH,CP0411,I15,2017-05,101.35,2017-05-01
CY,CP0411,I15,2017-05,100.07,2017-05-01
CZ,CP0411,I15,2017-05,103.1,2017-05-01
DE,CP0411,I15,2017-05,102.8,2017-05-01
DK,CP0411,I15,2017-05,103.5,2017-05-01
EA,CP0411,I15,2017-05,100.48,2017-05-01
EA19,CP0411,I15,2017-05,100.48,2017-05-01
EA20,CP0411,I15,2017-05,100.48,2017-05-01
EE,CP0411,I15,2017-05,110.39,2017-05-01
EEA,CP0411,I15,2017-05,100.51,2017-05-01
EL,CP0411,I15,2017-05,96.05,2017-05-01
ES,CP0411,I15,2017-05,100.35,2017-05-01
EU,CP0411,I15,2017-05,100.51,2017-05-01
EU27_2020,CP0411,I15,2017-05,100.55,2017-05-01
EU28,CP0411,I15,2017-05,100.51,2017-05-01
FI,CP0411,I15,2017-05,104.46,2017-05-01
FR,CP0411,I15,2017-05,100.5,2017-05-01
HR,CP0411,I15,2017-05,98.31,2017-05-01
HU,CP0411,I15,2017-05,107.03,2017-05-01
IE,CP0411,I15,2017-05,114.2,2017-05-01
IS,CP0411,I15,2017-05,107.65,2017-05-01
IT,CP0411,I15,2017-05,100.5,2017-05-01
LT,CP0411,I15,2017-05,109.31,2017-05-01
LU,CP0411,I15,2017-05,101.97,2017-05-01
LV,CP0411,I15,2017-05,97.34,2017-05-01
ME,CP0411,I15,2017-05,99.09,2017-05-01
MK,CP0411,I15,2017-05,99.63,2017-05-01
MT,CP0411,I15,2017-05,106.2,2017-05-01
NL,CP0411,I15,2017-05,103.11,2017-05-01
NO,CP0411,I15,2017-05,103.6,2017-05-01
PL,CP0411,I15,2017-05,104.3,2017-05-01
PT,CP0411,I15,2017-05,102.47,2017-05-01
RO,CP0411,I15,2017-05,101.74,2017-05-01
RS,CP0411,I15,2017-05,100.5,2017-05-01
SE,CP0411,I15,2017-05,101.7,2017-05-01
SI,CP0411,I15,2017-05,104.7,2017-05-01
SK,CP0411,I15,2017-05,100.41,2017-05-01
XK,CP0411,I15,2017-05,97.8,2017-05-01
FR,CP0411,I96,2017-05,143.0,2017-05-01
LT,CP0411,I96,2017-05,666.0,2017-05-01
BE,CP0411,I05,2017-06,118.73,2017-06-01
FR,CP0411,I05,2017-06,120.71,2017-06-01
LT,CP0411,I05,2017-06,266.75,2017-06-01
SI,CP0411,I05,2017-06,116.2,2017-06-01
AL,CP0411,I15,2017-06,100.55,2017-06-01
AT,CP0411,I15,2017-06,107.21,2017-06-01
BE,CP0411,I15,2017-06,101.94,2017-06-01
BG,CP0411,I15,2017-06,101.66,2017-06-01
CH,CP0411,I15,2017-06,101.43,2017-06-01
CY,CP0411,I15,2017-06,100.13,2017-06-01
CZ,CP0411,I15,2017-06,103.1,2017-06-01
DE,CP0411,I15,2017-06,102.9,2017-06-01
DK,CP0411,I15,2017-06,103.5,2017-06-01
EA,CP0411,I15,2017-06,100.58,2017-06-01
EA19,CP0411,I15,2017-06,100.58,2017-06-01
EA20,CP0411,I15,2017-06,100.58,2017-06-01
EE,CP0411,I15,2017-06,112.93,2017-06-01
EEA,CP0411,I15,2017-06,100.6,2017-06-01
EL,CP0411,I15,2017-06,95.78,2017-06-01
ES,CP0411,I15,2017-06,100.45,2017-06-01
EU,CP0411,I15,2017-06,100.6,2017-06-01
EU27_2020,CP0411,I15,2017-06,100.65,2017-06-01
EU28,CP0411,I15,2017-06,100.6,2017-06-01
FI,CP0411,I15,2017-06,104.65,2017-06-01
FR,CP0411,I15,2017-06,100.52,2017-06-01
HR,CP0411,I15,2017-06,98.51,2017-06-01
HU,CP0411,I15,2017-06,108.64,2017-06-01
IE,CP0411,I15,2017-06,115.7,2017-06-01
IS,CP0411,I15,2017-06,108.07,2017-06-01
IT,CP0411,I15,2017-06,100.5,2017-06-01
LT,CP0411,I15,2017-06,109.0,2017-06-01
LU,CP0411,I15,2017-06,102.02,2017-06-01
LV,CP0411,I15,2017-06,98.21,2017-06-01
ME,CP0411,I15,2017-06,99.09,2017-06-01
MK,CP0411,I15,2017-06,99.63,2017-06-01
MT,CP0411,I15,2017-06,106.21,2017-06-01
NL,CP0411,I15,2017-06,103.11,2017-06-01
NO,CP0411,I15,2017-06,103.7,2017-06-01
PL,CP0411,I15,2017-06,104.5,2017-06-01
PT,CP0411,I15,2017-06,102.55,2017-06-01
RO,CP0411,I15,2017-06,102.08,2017-06-01
RS,CP0411,I15,2017-06,99.7,2017-06-01
SE,CP0411,I15,2017-06,101.79,2017-06-01
SI,CP0411,I15,2017-06,106.58,2017-06-01
SK,CP0411,I15,2017-06,100.47,2017-06-01
XK,CP0411,I15,2017-06,97.8,2017-06-01
FR,CP0411,I96,2017-06,143.0,2017-06-01
LT,CP0411,I96,2017-06,664.1,2017-06-01
BE,CP0411,I05,2017-07,118.78,2017-07-01
FR,CP0411,I05,2017-07,120.7,2017-07-01
LT,CP0411,I05,2017-07,268.7,2017-07-01
SI,CP0411,I05,2017-07,115.02,2017-07-01
AL,CP0411,I15,2017-07,100.55,2017-07-01
AT,CP0411,I15,2017-07,107.6,2017-07-01
BE,CP0411,I15,2017-07,101.98,2017-07-01
BG,CP0411,I15,2017-07,101.66,2017-07-01
CH,CP0411,I15,2017-07,101.51,2017-07-01
CY,CP0411,I15,2017-07,100.35,2017-07-01
CZ,CP0411,I15,2017-07,103.4,2017-07-01
DE,CP0411,I15,2017-07,103.0,2017-07-01
DK,CP0411,I15,2017-07,103.5,2017-07-01
EA,CP0411,I15,2017-07,100.76,2017-07-01
EA19,CP0411,I15,2017-07,100.76,2017-07-01
EA20,CP0411,I15,2017-07,100.76,2017-07-01
EE,CP0411,I15,2017-07,115.38,2017-07-01
EEA,CP0411,I15,2017-07,100.76,2017-07-01
EL,CP0411,I15,2017-07,95.45,2017-07-01
ES,CP0411,I15,2017-07,100.52,2017-07-01
EU,CP0411,I15,2017-07,100.75,2017-07-01
EU27_2020,CP0411,I15,2017-07,100.82,2017-07-01
EU28,CP0411,I15,2017-07,100.75,2017-07-01
FI,CP0411,I15,2017-07,104.78,2017-07-01
FR,CP0411,I15,2017-07,100.51,2017-07-01
HR,CP0411,I15,2017-07,98.22,2017-07-01
HU,CP0411,I15,2017-07,108.77,2017-07-01
IE,CP0411,I15,2017-07,116.1,2017-07-01
IS,CP0411,I15,2017-07,108.45,2017-07-01
IT,CP0411,I15,2017-07,100.4,2017-07-01
LT,CP0411,I15,2017-07,109.79,2017-07-01
LU,CP0411,I15,2017-07,102.09,2017-07-01
LV,CP0411,I15,2017-07,99.66,2017-07-01
ME,CP0411,I15,2017-07,99.09,2017-07-01
MK,CP0411,I15,2017-07,99.63,2017-07-01
MT,CP0411,I15,2017-07,106.25,2017-07-01
NL,CP0411,I15,2017-07,104.75,2017-07-01
NO,CP0411,I15,2017-07,103.9,2017-07-01
PL,CP0411,I15,2017-07,104.6,2017-07-01
PT,CP0411,I15,2017-07,102.59,2017-07-01
RO,CP0411,I15,2017-07,102.27,2017-07-01
RS,CP0411,I15,2017-07,98.0,2017-07-01
SE,CP0411,I15,2017-07,101.84,2017-07-01
SI,CP0411,I15,2017-07,105.5,2017-07-01
SK,CP0411,I15,2017-07,100.67,2017-07-01
XK,CP0411,I15,2017-07,97.8,2017-07-01
FR,CP0411,I96,2017-07,143.0,2017-07-01
LT,CP0411,I96,2017-07,669.0,2017-07-01
BE,CP0411,I05,2017-08,118.86,2017-08-01
FR,CP0411,I05,2017-08,120.73,2017-08-01
LT,CP0411,I05,2017-08,273.55,2017-08-01
SI,CP0411,I05,2017-08,117.51,2017-08-01
AL,CP0411,I15,2017-08,100.55,2017-08-01
AT,CP0411,I15,2017-08,107.99,2017-08-01
BE,CP0411,I15,2017-08,102.06,2017-08-01
BG,CP0411,I15,2017-08,101.66,2017-08-01
CH,CP0411,I15,2017-08,101.79,2017-08-01
CY,CP0411,I15,2017-08,100.44,2017-08-01
CZ,CP0411,I15,2017-08,103.5,2017-08-01
DE,CP0411,I15,2017-08,103.1,2017-08-01
DK,CP0411,I15,2017-08,103.5,2017-08-01
EA,CP0411,I15,2017-08,100.83,2017-08-01
EA19,CP0411,I15,2017-08,100.83,2017-08-01
EA20,CP0411,I15,2017-08,100.83,2017-08-01
EE,CP0411,I15,2017-08,119.46,2017-08-01
EEA,CP0411,I15,2017-08,100.83,2017-08-01
EL,CP0411,I15,2017-08,94.56,2017-08-01
ES,CP0411,I15,2017-08,100.59,2017-08-01
EU,CP0411,I15,2017-08,100.83,2017-08-01
EU27_2020,CP0411,I15,2017-08,100.9,2017-08-01
EU28,CP0411,I15,2017-08,100.83,2017-08-01
FI,CP0411,I15,2017-08,104.93,2017-08-01
FR,CP0411,I15,2017-08,100.54,2017-08-01
HR,CP0411,I15,2017-08,98.29,2017-08-01
HU,CP0411,I15,2017-08,109.61,2017-08-01
IE,CP0411,I15,2017-08,116.8,2017-08-01
IS,CP0411,I15,2017-08,108.5,2017-08-01
IT,CP0411,I15,2017-08,100.5,2017-08-01
LT,CP0411,I15,2017-08,111.77,2017-08-01
LU,CP0411,I15,2017-08,102.13,2017-08-01
LV,CP0411,I15,2017-08,100.49,2017-08-01
ME,CP0411,I15,2017-08,98.72,2017-08-01
MK,CP0411,I15,2017-08,99.63,2017-08-01
MT,CP0411,I15,2017-08,106.26,2017-08-01
NL,CP0411,I15,2017-08,104.75,2017-08-01
NO,CP0411,I15,2017-08,104.1,2017-08-01
PL,CP0411,I15,2017-08,104.9,2017-08-01
PT,CP0411,I15,2017-08,102.72,2017-08-01
RO,CP0411,I15,2017-08,102.62,2017-08-01
RS,CP0411,I15,2017-08,100.4,2017-08-01
SE,CP0411,I15,2017-08,101.84,2017-08-01
SI,CP0411,I15,2017-08,107.79,2017-08-01
SK,CP0411,I15,2017-08,100.67,2017-08-01
XK,CP0411,I15,2017-08,97.8,2017-08-01
FR,CP0411,I96,2017-08,143.0,2017-08-01
LT,CP0411,I96,2017-08,681.0,2017-08-01
BE,CP0411,I05,2017-09,118.93,2017-09-01
FR,CP0411,I05,2017-09,120.74,2017-09-01
LT,CP0411,I05,2017-09,275.55,2017-09-01
SI,CP0411,I05,2017-09,117.85,2017-09-01
AL,CP0411,I15,2017-09,100.55,2017-09-01
AT,CP0411,I15,2017-09,108.38,2017-09-01
BE,CP0411,I15,2017-09,102.12,2017-09-01
BG,CP0411,I15,2017-09,101.66,2017-09-01
CH,CP0411,I15,2017-09,101.89,2017-09-01
CY,CP0411,I15,2017-09,100.44,2017-09-01
CZ,CP0411,I15,2017-09,103.8,2017-09-01
DE,CP0411,I15,2017-09,103.2,2017-09-01
DK,CP0411,I15,2017-09,103.5,2017-09-01
EA,CP0411,I15,2017-09,100.92,2017-09-01
EA19,CP0411,I15,2017-09,100.92,2017-09-01
EA20,CP0411,I15,2017-09,100.91,2017-09-01
EE,CP0411,I15,2017-09,119.2,2017-09-01
EEA,CP0411,I15,2017-09,100.91,2017-09-01
EL,CP0411,I15,2017-09,93.84,2017-09-01
ES,CP0411,I15,2017-09,100.68,2017-09-01
EU,CP0411,I15,2017-09,100.91,2017-09-01
EU27_2020,CP0411,I15,2017-09,100.98,2017-09-01
EU28,CP0411,I15,2017-09,100.91,2017-09-01
FI,CP0411,I15,2017-09,105.1,2017-09-01
FR,CP0411,I15,2017-09,100.55,2017-09-01
HR,CP0411,I15,2017-09,98.72,2017-09-01
HU,CP0411,I15,2017-09,109.49,2017-09-01
IE,CP0411,I15,2017-09,118.1,2017-09-01
IS,CP0411,I15,2017-09,108.9,2017-09-01
IT,CP0411,I15,2017-09,100.5,2017-09-01
LT,CP0411,I15,2017-09,112.59,2017-09-01
LU,CP0411,I15,2017-09,102.15,2017-09-01
LV,CP0411,I15,2017-09,99.56,2017-09-01
ME,CP0411,I15,2017-09,98.72,2017-09-01
MK,CP0411,I15,2017-09,99.63,2017-09-01
MT,CP0411,I15,2017-09,106.33,2017-09-01
NL,CP0411,I15,2017-09,104.75,2017-09-01
NO,CP0411,I15,2017-09,104.1,2017-09-01
PL,CP0411,I15,2017-09,105.3,2017-09-01
PT,CP0411,I15,2017-09,102.88,2017-09-01
RO,CP0411,I15,2017-09,103.03,2017-09-01
RS,CP0411,I15,2017-09,100.0,2017-09-01
SE,CP0411,I15,2017-09,101.86,2017-09-01
SI,CP0411,I15,2017-09,108.09,2017-09-01
SK,CP0411,I15,2017-09,100.67,2017-09-01
XK,CP0411,I15,2017-09,97.8,2017-09-01
FR,CP0411,I96,2017-09,143.1,2017-09-01
LT,CP0411,I96,2017-09,686.0,2017-09-01
BE,CP0411,I05,2017-10,118.99,2017-10-01
FR,CP0411,I05,2017-10,120.8,2017-10-01
LT,CP0411,I05,2017-10,276.39,2017-10-01
SI,CP0411,I05,2017-10,119.21,2017-10-01
AL,CP0411,I15,2017-10,100.55,2017-10-01
AT,CP0411,I15,2017-10,108.97,2017-10-01
BE,CP0411,I15,2017-10,102.17,2017-10-01
BG,CP0411,I15,2017-10,101.86,2017-10-01
CH,CP0411,I15,2017-10,101.98,2017-10-01
CY,CP0411,I15,2017-10,100.6,2017-10-01
CZ,CP0411,I15,2017-10,104.0,2017-10-01
DE,CP0411,I15,2017-10,103.4,2017-10-01
DK,CP0411,I15,2017-10,103.5,2017-10-01
EA,CP0411,I15,2017-10,101.02,2017-10-01
EA19,CP0411,I15,2017-10,101.02,2017-10-01
EA20,CP0411,I15,2017-10,101.02,2017-10-01
EE,CP0411,I15,2017-10,119.61,2017-10-01
EEA,CP0411,I15,2017-10,100.99,2017-10-01
EL,CP0411,I15,2017-10,93.84,2017-10-01
ES,CP0411,I15,2017-10,100.8,2017-10-01
EU,CP0411,I15,2017-10,100.99,2017-10-01
EU27_2020,CP0411,I15,2017-10,101.09,2017-10-01
EU28,CP0411,I15,2017-10,100.99,2017-10-01
FI,CP0411,I15,2017-10,105.21,2017-10-01
FR,CP0411,I15,2017-10,100.6,2017-10-01
HR,CP0411,I15,2017-10,98.82,2017-10-01
HU,CP0411,I15,2017-10,109.68,2017-10-01
IE,CP0411,I15,2017-10,118.6,2017-10-01
IS,CP0411,I15,2017-10,109.18,2017-10-01
IT,CP0411,I15,2017-10,100.5,2017-10-01
LT,CP0411,I15,2017-10,112.93,2017-10-01
LU,CP0411,I15,2017-10,102.32,2017-10-01
LV,CP0411,I15,2017-10,98.82,2017-10-01
ME,CP0411,I15,2017-10,98.57,2017-10-01
MK,CP0411,I15,2017-10,99.63,2017-10-01
MT,CP0411,I15,2017-10,106.34,2017-10-01
NL,CP0411,I15,2017-10,104.75,2017-10-01
NO,CP0411,I15,2017-10,104.2,2017-10-01
PL,CP0411,I15,2017-10,105.6,2017-10-01
PT,CP0411,I15,2017-10,102.9,2017-10-01
RO,CP0411,I15,2017-10,103.36,2017-10-01
RS,CP0411,I15,2017-10,100.3,2017-10-01
SE,CP0411,I15,2017-10,101.87,2017-10-01
SI,CP0411,I15,2017-10,109.35,2017-10-01
SK,CP0411,I15,2017-10,100.67,2017-10-01
XK,CP0411,I15,2017-10,97.8,2017-10-01
FR,CP0411,I96,2017-10,143.1,2017-10-01
LT,CP0411,I96,2017-10,688.1,2017-10-01
BE,CP0411,I05,2017-11,119.12,2017-11-01
FR,CP0411,I05,2017-11,120.83,2017-11-01
LT,CP0411,I05,2017-11,276.56,2017-11-01
SI,CP0411,I05,2017-11,124.97,2017-11-01
AL,CP0411,I15,2017-11,101.17,2017-11-01
AT,CP0411,I15,2017-11,109.16,2017-11-01
BE,CP0411,I15,2017-11,102.28,2017-11-01
BG,CP0411,I15,2017-11,101.86,2017-11-01
CH,CP0411,I15,2017-11,101.71,2017-11-01
CY,CP0411,I15,2017-11,100.66,2017-11-01
CZ,CP0411,I15,2017-11,104.2,2017-11-01
DE,CP0411,I15,2017-11,103.5,2017-11-01
DK,CP0411,I15,2017-11,103.5,2017-11-01
EA,CP0411,I15,2017-11,101.11,2017-11-01
EA19,CP0411,I15,2017-11,101.11,2017-11-01
EA20,CP0411,I15,2017-11,101.11,2017-11-01
EE,CP0411,I15,2017-11,120.03,2017-11-01
EEA,CP0411,I15,2017-11,101.08,2017-11-01
EL,CP0411,I15,2017-11,93.13,2017-11-01
ES,CP0411,I15,2017-11,100.93,2017-11-01
EU,CP0411,I15,2017-11,101.07,2017-11-01
EU27_2020,CP0411,I15,2017-11,101.18,2017-11-01
EU28,CP0411,I15,2017-11,101.07,2017-11-01
FI,CP0411,I15,2017-11,105.33,2017-11-01
FR,CP0411,I15,2017-11,100.63,2017-11-01
HR,CP0411,I15,2017-11,99.22,2017-11-01
HU,CP0411,I15,2017-11,110.0,2017-11-01
IE,CP0411,I15,2017-11,118.6,2017-11-01
IS,CP0411,I15,2017-11,109.3,2017-11-01
IT,CP0411,I15,2017-11,100.6,2017-11-01
LT,CP0411,I15,2017-11,113.0,2017-11-01
LU,CP0411,I15,2017-11,102.54,2017-11-01
LV,CP0411,I15,2017-11,97.87,2017-11-01
ME,CP0411,I15,2017-11,98.57,2017-11-01
MK,CP0411,I15,2017-11,99.64,2017-11-01
MT,CP0411,I15,2017-11,106.35,2017-11-01
NL,CP0411,I15,2017-11,104.75,2017-11-01
NO,CP0411,I15,2017-11,104.5,2017-11-01
PL,CP0411,I15,2017-11,105.8,2017-11-01
PT,CP0411,I15,2017-11,103.0,2017-11-01
RO,CP0411,I15,2017-11,103.87,2017-11-01
RS,CP0411,I15,2017-11,99.6,2017-11-01
SE,CP0411,I15,2017-11,101.87,2017-11-01
SI,CP0411,I15,2017-11,114.63,2017-11-01
SK,CP0411,I15,2017-11,100.67,2017-11-01
XK,CP0411,I15,2017-11,97.8,2017-11-01
FR,CP0411,I96,2017-11,143.2,2017-11-01
LT,CP0411,I96,2017-11,688.5,2017-11-01
BE,CP0411,I05,2017-12,119.22,2017-12-01
FR,CP0411,I05,2017-12,120.85,2017-12-01
LT,CP0411,I05,2017-12,276.71,2017-12-01
SI,CP0411,I05,2017-12,120.14,2017-12-01
AL,CP0411,I15,2017-12,103.14,2017-12-01
AT,CP0411,I15,2017-12,109.36,2017-12-01
BE,CP0411,I15,2017-12,102.37,2017-12-01
BG,CP0411,I15,2017-12,101.93,2017-12-01
CH,CP0411,I15,2017-12,101.8,2017-12-01
CY,CP0411,I15,2017-12,100.66,2017-12-01
CZ,CP0411,I15,2017-12,104.3,2017-12-01
DE,CP0411,I15,2017-12,103.7,2017-12-01
DK,CP0411,I15,2017-12,103.5,2017-12-01
EA,CP0411,I15,2017-12,101.19,2017-12-01
EA19,CP0411,I15,2017-12,101.19,2017-12-01
EA20,CP0411,I15,2017-12,101.19,2017-12-01
EE,CP0411,I15,2017-12,114.98,2017-12-01
EEA,CP0411,I15,2017-12,101.15,2017-12-01
EL,CP0411,I15,2017-12,92.16,2017-12-01
ES,CP0411,I15,2017-12,101.01,2017-12-01
EU,CP0411,I15,2017-12,101.14,2017-12-01
EU27_2020,CP0411,I15,2017-12,101.26,2017-12-01
EU28,CP0411,I15,2017-12,101.14,2017-12-01
FI,CP0411,I15,2017-12,105.44,2017-12-01
FR,CP0411,I15,2017-12,100.64,2017-12-01
HR,CP0411,I15,2017-12,99.55,2017-12-01
HU,CP0411,I15,2017-12,110.42,2017-12-01
IE,CP0411,I15,2017-12,119.3,2017-12-01
IS,CP0411,I15,2017-12,110.39,2017-12-01
IT,CP0411,I15,2017-12,100.6,2017-12-01
LT,CP0411,I15,2017-12,113.06,2017-12-01
LU,CP0411,I15,2017-12,102.64,2017-12-01
LV,CP0411,I15,2017-12,97.91,2017-12-01
ME,CP0411,I15,2017-12,98.46,2017-12-01
MK,CP0411,I15,2017-12,99.64,2017-12-01
MT,CP0411,I15,2017-12,106.36,2017-12-01
NL,CP0411,I15,2017-12,104.75,2017-12-01
NO,CP0411,I15,2017-12,104.5,2017-12-01
PL,CP0411,I15,2017-12,106.0,2017-12-01
PT,CP0411,I15,2017-12,103.14,2017-12-01
RO,CP0411,I15,2017-12,103.89,2017-12-01
RS,CP0411,I15,2017-12,100.3,2017-12-01
SE,CP0411,I15,2017-12,101.87,2017-12-01
SI,CP0411,I15,2017-12,110.2,2017-12-01
SK,CP0411,I15,2017-12,100.67,2017-12-01
XK,CP0411,I15,2017-12,97.8,2017-12-01
FR,CP0411,I96,2017-12,143.2,2017-12-01
LT,CP0411,I96,2017-12,688.9,2017-12-01
BE,CP0411,I05,2018-01,119.58,2018-01-01
FR,CP0411,I05,2018-01,120.93,2018-01-01
LT,CP0411,I05,2018-01,277.63,2018-01-01
SI,CP0411,I05,2018-01,119.85,2018-01-01
AL,CP0411,I15,2018-01,103.42,2018-01-01
AT,CP0411,I15,2018-01,109.75,2018-01-01
BE,CP0411,I15,2018-01,102.68,2018-01-01
BG,CP0411,I15,2018-01,102.22,2018-01-01
CH,CP0411,I15,2018-01,101.9,2018-01-01
CY,CP0411,I15,2018-01,101.26,2018-01-01
CZ,CP0411,I15,2018-01,104.6,2018-01-01
DE,CP0411,I15,2018-01,103.9,2018-01-01
DK,CP0411,I15,2018-01,103.5,2018-01-01
EA,CP0411,I15,2018-01,101.35,2018-01-01
EA19,CP0411,I15,2018-01,101.35,2018-01-01
EA20,CP0411,I15,2018-01,101.35,2018-01-01
EE,CP0411,I15,2018-01,118.6,2018-01-01
EEA,CP0411,I15,2018-01,101.3,2018-01-01
EL,CP0411,I15,2018-01,92.16,2018-01-01
ES,CP0411,I15,2018-01,101.13,2018-01-01
EU,CP0411,I15,2018-01,101.29,2018-01-01
EU27_2020,CP0411,I15,2018-01,101.43,2018-01-01
EU28,CP0411,I15,2018-01,101.29,2018-01-01
FI,CP0411,I15,2018-01,105.57,2018-01-01
FR,CP0411,I15,2018-01,100.71,2018-01-01
HR,CP0411,I15,2018-01,99.65,2018-01-01
HU,CP0411,I15,2018-01,111.72,2018-01-01
IE,CP0411,I15,2018-01,119.5,2018-01-01
IS,CP0411,I15,2018-01,111.36,2018-01-01
IT,CP0411,I15,2018-01,100.7,2018-01-01
LT,CP0411,I15,2018-01,113.44,2018-01-01
LU,CP0411,I15,2018-01,102.84,2018-01-01
LV,CP0411,I15,2018-01,98.16,2018-01-01
ME,CP0411,I15,2018-01,99.25,2018-01-01
MK,CP0411,I15,2018-01,100.41,2018-01-01
MT,CP0411,I15,2018-01,106.63,2018-01-01
NL,CP0411,I15,2018-01,104.75,2018-01-01
NO,CP0411,I15,2018-01,104.8,2018-01-01
PL,CP0411,I15,2018-01,106.4,2018-01-01
PT,CP0411,I15,2018-01,103.35,2018-01-01
RO,CP0411,I15,2018-01,104.04,2018-01-01
RS,CP0411,I15,2018-01,99.6,2018-01-01
SE,CP0411,I15,2018-01,102.2,2018-01-01
SI,CP0411,I15,2018-01,109.93,2018-01-01
SK,CP0411,I15,2018-01,100.67,2018-01-01
XK,CP0411,I15,2018-01,97.48,2018-01-01
FR,CP0411,I96,2018-01,143.3,2018-01-01
LT,CP0411,I96,2018-01,691.2,2018-01-01
BE,CP0411,I05,2018-02,119.71,2018-02-01
FR,CP0411,I05,2018-02,121.12,2018-02-01
LT,CP0411,I05,2018-02,279.35,2018-02-01
SI,CP0411,I05,2018-02,121.04,2018-02-01
AL,CP0411,I15,2018-02,103.42,2018-02-01
AT,CP0411,I15,2018-02,109.94,2018-02-01
BE,CP0411,I15,2018-02,102.79,2018-02-01
BG,CP0411,I15,2018-02,102.37,2018-02-01
CH,CP0411,I15,2018-02,101.82,2018-02-01
CY,CP0411,I15,2018-02,101.6,2018-02-01
CZ,CP0411,I15,2018-02,105.0,2018-02-01
DE,CP0411,I15,2018-02,104.0,2018-02-01
DK,CP0411,I15,2018-02,104.7,2018-02-01
EA,CP0411,I15,2018-02,101.48,2018-02-01
EA19,CP0411,I15,2018-02,101.48,2018-02-01
EA20,CP0411,I15,2018-02,101.48,2018-02-01
EE,CP0411,I15,2018-02,117.06,2018-02-01
EEA,CP0411,I15,2018-02,101.44,2018-02-01
EL,CP0411,I15,2018-02,92.16,2018-02-01
ES,CP0411,I15,2018-02,101.22,2018-02-01
EU,CP0411,I15,2018-02,101.43,2018-02-01
EU27_2020,CP0411,I15,2018-02,101.58,2018-02-01
EU28,CP0411,I15,2018-02,101.43,2018-02-01
FI,CP0411,I15,2018-02,105.79,2018-02-01
FR,CP0411,I15,2018-02,100.86,2018-02-01
HR,CP0411,I15,2018-02,101.06,2018-02-01
HU,CP0411,I15,2018-02,111.63,2018-02-01
IE,CP0411,I15,2018-02,120.7,2018-02-01
IS,CP0411,I15,2018-02,111.65,2018-02-01
IT,CP0411,I15,2018-02,100.7,2018-02-01
LT,CP0411,I15,2018-02,114.14,2018-02-01
LU,CP0411,I15,2018-02,102.87,2018-02-01
LV,CP0411,I15,2018-02,99.2,2018-02-01
ME,CP0411,I15,2018-02,99.25,2018-02-01
MK,CP0411,I15,2018-02,100.41,2018-02-01
MT,CP0411,I15,2018-02,106.9,2018-02-01
NL,CP0411,I15,2018-02,104.75,2018-02-01
NO,CP0411,I15,2018-02,105.0,2018-02-01
PL,CP0411,I15,2018-02,106.8,2018-02-01
PT,CP0411,I15,2018-02,103.6,2018-02-01
RO,CP0411,I15,2018-02,104.13,2018-02-01
RS,CP0411,I15,2018-02,99.4,2018-02-01
SE,CP0411,I15,2018-02,102.29,2018-02-01
SI,CP0411,I15,2018-02,111.03,2018-02-01
SK,CP0411,I15,2018-02,100.8,2018-02-01
XK,CP0411,I15,2018-02,97.48,2018-02-01
FR,CP0411,I96,2018-02,143.5,2018-02-01
LT,CP0411,I96,2018-02,695.5,2018-02-01
BE,CP0411,I05,2018-03,119.83,2018-03-01
FR,CP0411,I05,2018-03,121.14,2018-03-01
LT,CP0411,I05,2018-03,283.12,2018-03-01
SI,CP0411,I05,2018-03,120.19,2018-03-01
AL,CP0411,I15,2018-03,103.42,2018-03-01
AT,CP0411,I15,2018-03,110.14,2018-03-01
BE,CP0411,I15,2018-03,102.89,2018-03-01
BG,CP0411,I15,2018-03,102.42,2018-03-01
CH,CP0411,I15,2018-03,101.87,2018-03-01
CY,CP0411,I15,2018-03,101.85,2018-03-01
CZ,CP0411,I15,2018-03,105.3,2018-03-01
DE,CP0411,I15,2018-03,104.2,2018-03-01
DK,CP0411,I15,2018-03,104.7,2018-03-01
EA,CP0411,I15,2018-03,101.58,2018-03-01
EA19,CP0411,I15,2018-03,101.58,2018-03-01
EA20,CP0411,I15,2018-03,101.58,2018-03-01
EE,CP0411,I15,2018-03,119.27,2018-03-01
EEA,CP0411,I15,2018-03,101.53,2018-03-01
EL,CP0411,I15,2018-03,92.16,2018-03-01
ES,CP0411,I15,2018-03,101.34,2018-03-01
EU,CP0411,I15,2018-03,101.52,2018-03-01
EU27_2020,CP0411,I15,2018-03,101.69,2018-03-01
EU28,CP0411,I15,2018-03,101.52,2018-03-01
FI,CP0411,I15,2018-03,105.99,2018-03-01
FR,CP0411,I15,2018-03,100.88,2018-03-01
HR,CP0411,I15,2018-03,100.8,2018-03-01
HU,CP0411,I15,2018-03,112.26,2018-03-01
IE,CP0411,I15,2018-03,121.5,2018-03-01
IS,CP0411,I15,2018-03,111.93,2018-03-01
IT,CP0411,I15,2018-03,100.8,2018-03-01
LT,CP0411,I15,2018-03,115.68,2018-03-01
LU,CP0411,I15,2018-03,102.9,2018-03-01
LV,CP0411,I15,2018-03,100.32,2018-03-01
ME,CP0411,I15,2018-03,99.25,2018-03-01
MK,CP0411,I15,2018-03,100.41,2018-03-01
MT,CP0411,I15,2018-03,107.17,2018-03-01
NL,CP0411,I15,2018-03,104.75,2018-03-01
NO,CP0411,I15,2018-03,105.2,2018-03-01
PL,CP0411,I15,2018-03,107.2,2018-03-01
PT,CP0411,I15,2018-03,103.84,2018-03-01
RO,CP0411,I15,2018-03,104.17,2018-03-01
RS,CP0411,I15,2018-03,99.5,2018-03-01
SE,CP0411,I15,2018-03,102.46,2018-03-01
SI,CP0411,I15,2018-03,110.24,2018-03-01
SK,CP0411,I15,2018-03,100.8,2018-03-01
XK,CP0411,I15,2018-03,97.48,2018-03-01
FR,CP0411,I96,2018-03,143.5,2018-03-01
LT,CP0411,I96,2018-03,704.9,2018-03-01
BE,CP0411,I05,2018-04,119.9,2018-04-01
FR,CP0411,I05,2018-04,121.18,2018-04-01
LT,CP0411,I05,2018-04,283.28,2018-04-01
SI,CP0411,I05,2018-04,121.52,2018-04-01
AL,CP0411,I15,2018-04,103.12,2018-04-01
AT,CP0411,I15,2018-04,110.33,2018-04-01
BE,CP0411,I15,2018-04,102.95,2018-04-01
BG,CP0411,I15,2018-04,103.09,2018-04-01
CH,CP0411,I15,2018-04,101.93,2018-04-01
CY,CP0411,I15,2018-04,102.09,2018-04-01
CZ,CP0411,I15,2018-04,105.7,2018-04-01
DE,CP0411,I15,2018-04,104.3,2018-04-01
DK,CP0411,I15,2018-04,104.7,2018-04-01
EA,CP0411,I15,2018-04,101.68,2018-04-01
EA19,CP0411,I15,2018-04,101.68,2018-04-01
EA20,CP0411,I15,2018-04,101.68,2018-04-01
EE,CP0411,I15,2018-04,120.05,2018-04-01
EEA,CP0411,I15,2018-04,101.59,2018-04-01
EL,CP0411,I15,2018-04,92.16,2018-04-01
ES,CP0411,I15,2018-04,101.47,2018-04-01
EU,CP0411,I15,2018-04,101.58,2018-04-01
EU27_2020,CP0411,I15,2018-04,101.8,2018-04-01
EU28,CP0411,I15,2018-04,101.58,2018-04-01
FI,CP0411,I15,2018-04,106.25,2018-04-01
FR,CP0411,I15,2018-04,100.92,2018-04-01
HR,CP0411,I15,2018-04,100.93,2018-04-01
HU,CP0411,I15,2018-04,112.4,2018-04-01
IE,CP0411,I15,2018-04,122.1,2018-04-01
IS,CP0411,I15,2018-04,112.38,2018-04-01
IT,CP0411,I15,2018-04,100.8,2018-04-01
LT,CP0411,I15,2018-04,115.75,2018-04-01
LU,CP0411,I15,2018-04,102.96,2018-04-01
LV,CP0411,I15,2018-04,98.08,2018-04-01
ME,CP0411,I15,2018-04,99.25,2018-04-01
MK,CP0411,I15,2018-04,100.41,2018-04-01
MT,CP0411,I15,2018-04,107.44,2018-04-01
NL,CP0411,I15,2018-04,104.75,2018-04-01
NO,CP0411,I15,2018-04,105.3,2018-04-01
PL,CP0411,I15,2018-04,107.7,2018-04-01
PT,CP0411,I15,2018-04,104.03,2018-04-01
RO,CP0411,I15,2018-04,104.14,2018-04-01
RS,CP0411,I15,2018-04,99.3,2018-04-01
SE,CP0411,I15,2018-04,102.66,2018-04-01
SI,CP0411,I15,2018-04,111.46,2018-04-01
SK,CP0411,I15,2018-04,100.8,2018-04-01
XK,CP0411,I15,2018-04,97.48,2018-04-01
FR,CP0411,I96,2018-04,143.6,2018-04-01
LT,CP0411,I96,2018-04,705.3,2018-04-01
BE,CP0411,I05,2018-05,119.9,2018-05-01
FR,CP0411,I05,2018-05,121.28,2018-05-01
LT,CP0411,I05,2018-05,284.04,2018-05-01
SI,CP0411,I05,2018-05,124.36,2018-05-01
AL,CP0411,I15,2018-05,103.13,2018-05-01
AT,CP0411,I15,2018-05,110.72,2018-05-01
BE,CP0411,I15,2018-05,102.95,2018-05-01
BG,CP0411,I15,2018-05,103.09,2018-05-01
CH,CP0411,I15,2018-05,101.99,2018-05-01
CY,CP0411,I15,2018-05,102.14,2018-05-01
CZ,CP0411,I15,2018-05,106.1,2018-05-01
DE,CP0411,I15,2018-05,104.4,2018-05-01
DK,CP0411,I15,2018-05,104.7,2018-05-01
EA,CP0411,I15,2018-05,101.79,2018-05-01
EA19,CP0411,I15,2018-05,101.79,2018-05-01
EA20,CP0411,I15,2018-05,101.79,2018-05-01
EE,CP0411,I15,2018-05,118.51,2018-05-01
EEA,CP0411,I15,2018-05,101.7,2018-05-01
EL,CP0411,I15,2018-05,92.16,2018-05-01
ES,CP0411,I15,2018-05,101.61,2018-05-01
EU,CP0411,I15,2018-05,101.69,2018-05-01
EU27_2020,CP0411,I15,2018-05,101.92,2018-05-01
EU28,CP0411,I15,2018-05,101.69,2018-05-01
FI,CP0411,I15,2018-05,106.46,2018-05-01
FR,CP0411,I15,2018-05,101.0,2018-05-01
HR,CP0411,I15,2018-05,100.89,2018-05-01
HU,CP0411,I15,2018-05,112.68,2018-05-01
IE,CP0411,I15,2018-05,122.6,2018-05-01
IS,CP0411,I15,2018-05,112.8,2018-05-01
IT,CP0411,I15,2018-05,100.8,2018-05-01
LT,CP0411,I15,2018-05,116.06,2018-05-01
LU,CP0411,I15,2018-05,103.0,2018-05-01
LV,CP0411,I15,2018-05,99.56,2018-05-01
ME,CP0411,I15,2018-05,99.25,2018-05-01
MK,CP0411,I15,2018-05,100.41,2018-05-01
MT,CP0411,I15,2018-05,107.72,2018-05-01
NL,CP0411,I15,2018-05,104.75,2018-05-01
NO,CP0411,I15,2018-05,105.5,2018-05-01
PL,CP0411,I15,2018-05,108.3,2018-05-01
PT,CP0411,I15,2018-05,104.3,2018-05-01
RO,CP0411,I15,2018-05,104.14,2018-05-01
RS,CP0411,I15,2018-05,99.4,2018-05-01
SE,CP0411,I15,2018-05,102.76,2018-05-01
SI,CP0411,I15,2018-05,114.07,2018-05-01
SK,CP0411,I15,2018-05,100.84,2018-05-01
XK,CP0411,I15,2018-05,97.48,2018-05-01
FR,CP0411,I96,2018-05,143.7,2018-05-01
LT,CP0411,I96,2018-05,707.2,2018-05-01
BE,CP0411,I05,2018-06,119.94,2018-06-01
FR,CP0411,I05,2018-06,119.9,2018-06-01
LT,CP0411,I05,2018-06,285.61,2018-06-01
SI,CP0411,I05,2018-06,122.28,2018-06-01
AL,CP0411,I15,2018-06,103.16,2018-06-01
AT,CP0411,I15,2018-06,111.11,2018-06-01
BE,CP0411,I15,2018-06,102.98,2018-06-01
BG,CP0411,I15,2018-06,103.09,2018-06-01
CH,CP0411,I15,2018-06,102.06,2018-06-01
CY,CP0411,I15,2018-06,102.46,2018-06-01
CZ,CP0411,I15,2018-06,106.3,2018-06-01
DE,CP0411,I15,2018-06,104.6,2018-06-01
DK,CP0411,I15,2018-06,104.7,2018-06-01
EA,CP0411,I15,2018-06,101.62,2018-06-01
EA19,CP0411,I15,2018-06,101.62,2018-06-01
EA20,CP0411,I15,2018-06,101.62,2018-06-01
EE,CP0411,I15,2018-06,125.15,2018-06-01
EEA,CP0411,I15,2018-06,101.6,2018-06-01
EL,CP0411,I15,2018-06,92.16,2018-06-01
ES,CP0411,I15,2018-06,101.71,2018-06-01
EU,CP0411,I15,2018-06,101.59,2018-06-01
EU27_2020,CP0411,I15,2018-06,101.78,2018-06-01
EU28,CP0411,I15,2018-06,101.59,2018-06-01
FI,CP0411,I15,2018-06,106.65,2018-06-01
FR,CP0411,I15,2018-06,99.85,2018-06-01
HR,CP0411,I15,2018-06,100.92,2018-06-01
HU,CP0411,I15,2018-06,113.14,2018-06-01
IE,CP0411,I15,2018-06,122.8,2018-06-01
IS,CP0411,I15,2018-06,113.43,2018-06-01
IT,CP0411,I15,2018-06,100.8,2018-06-01
LT,CP0411,I15,2018-06,116.7,2018-06-01
LU,CP0411,I15,2018-06,103.02,2018-06-01
LV,CP0411,I15,2018-06,102.39,2018-06-01
ME,CP0411,I15,2018-06,99.25,2018-06-01
MK,CP0411,I15,2018-06,100.41,2018-06-01
MT,CP0411,I15,2018-06,107.99,2018-06-01
NL,CP0411,I15,2018-06,104.75,2018-06-01
NO,CP0411,I15,2018-06,105.6,2018-06-01
PL,CP0411,I15,2018-06,108.6,2018-06-01
PT,CP0411,I15,2018-06,104.5,2018-06-01
RO,CP0411,I15,2018-06,104.31,2018-06-01
RS,CP0411,I15,2018-06,99.3,2018-06-01
SE,CP0411,I15,2018-06,102.87,2018-06-01
SI,CP0411,I15,2018-06,112.16,2018-06-01
SK,CP0411,I15,2018-06,100.84,2018-06-01
XK,CP0411,I15,2018-06,97.48,2018-06-01
FR,CP0411,I96,2018-06,142.1,2018-06-01
LT,CP0411,I96,2018-06,711.1,2018-06-01
BE,CP0411,I05,2018-07,120.03,2018-07-01
FR,CP0411,I05,2018-07,119.82,2018-07-01
LT,CP0411,I05,2018-07,288.64,2018-07-01
SI,CP0411,I05,2018-07,122.62,2018-07-01
AL,CP0411,I15,2018-07,103.16,2018-07-01
AT,CP0411,I15,2018-07,111.51,2018-07-01
BE,CP0411,I15,2018-07,103.07,2018-07-01
BG,CP0411,I15,2018-07,103.09,2018-07-01
CH,CP0411,I15,2018-07,102.13,2018-07-01
CY,CP0411,I15,2018-07,102.57,2018-07-01
CZ,CP0411,I15,2018-07,106.7,2018-07-01
DE,CP0411,I15,2018-07,104.7,2018-07-01
DK,CP0411,I15,2018-07,104.7,2018-07-01
EA,CP0411,I15,2018-07,101.87,2018-07-01
EA19,CP0411,I15,2018-07,101.87,2018-07-01
EA20,CP0411,I15,2018-07,101.87,2018-07-01
EE,CP0411,I15,2018-07,126.84,2018-07-01
EEA,CP0411,I15,2018-07,101.83,2018-07-01
EL,CP0411,I15,2018-07,92.16,2018-07-01
ES,CP0411,I15,2018-07,101.85,2018-07-01
EU,CP0411,I15,2018-07,101.81,2018-07-01
EU27_2020,CP0411,I15,2018-07,102.02,2018-07-01
EU28,CP0411,I15,2018-07,101.81,2018-07-01
FI,CP0411,I15,2018-07,106.82,2018-07-01
FR,CP0411,I15,2018-07,99.79,2018-07-01
HR,CP0411,I15,2018-07,100.85,2018-07-01
HU,CP0411,I15,2018-07,114.0,2018-07-01
IE,CP0411,I15,2018-07,123.0,2018-07-01
IS,CP0411,I15,2018-07,113.8,2018-07-01
IT,CP0411,I15,2018-07,100.9,2018-07-01
LT,CP0411,I15,2018-07,117.94,2018-07-01
LU,CP0411,I15,2018-07,103.45,2018-07-01
LV,CP0411,I15,2018-07,103.04,2018-07-01
ME,CP0411,I15,2018-07,99.25,2018-07-01
MK,CP0411,I15,2018-07,100.41,2018-07-01
MT,CP0411,I15,2018-07,108.27,2018-07-01
NL,CP0411,I15,2018-07,107.16,2018-07-01
NO,CP0411,I15,2018-07,105.7,2018-07-01
PL,CP0411,I15,2018-07,108.9,2018-07-01
PT,CP0411,I15,2018-07,104.75,2018-07-01
RO,CP0411,I15,2018-07,104.7,2018-07-01
RS,CP0411,I15,2018-07,99.2,2018-07-01
SE,CP0411,I15,2018-07,102.95,2018-07-01
SI,CP0411,I15,2018-07,112.47,2018-07-01
SK,CP0411,I15,2018-07,100.84,2018-07-01
XK,CP0411,I15,2018-07,97.48,2018-07-01
FR,CP0411,I96,2018-07,142.0,2018-07-01
LT,CP0411,I96,2018-07,718.6,2018-07-01
BE,CP0411,I05,2018-08,120.08,2018-08-01
FR,CP0411,I05,2018-08,119.71,2018-08-01
LT,CP0411,I05,2018-08,289.54,2018-08-01
SI,CP0411,I05,2018-08,123.74,2018-08-01
AL,CP0411,I15,2018-08,103.18,2018-08-01
AT,CP0411,I15,2018-08,111.9,2018-08-01
BE,CP0411,I15,2018-08,103.1,2018-08-01
BG,CP0411,I15,2018-08,104.08,2018-08-01
CH,CP0411,I15,2018-08,102.23,2018-08-01
CY,CP0411,I15,2018-08,103.23,2018-08-01
CZ,CP0411,I15,2018-08,107.1,2018-08-01
DE,CP0411,I15,2018-08,104.8,2018-08-01
DK,CP0411,I15,2018-08,104.7,2018-08-01
EA,CP0411,I15,2018-08,101.94,2018-08-01
EA19,CP0411,I15,2018-08,101.94,2018-08-01
EA20,CP0411,I15,2018-08,101.94,2018-08-01
EE,CP0411,I15,2018-08,123.48,2018-08-01
EEA,CP0411,I15,2018-08,101.91,2018-08-01
EL,CP0411,I15,2018-08,92.16,2018-08-01
ES,CP0411,I15,2018-08,101.97,2018-08-01
EU,CP0411,I15,2018-08,101.9,2018-08-01
EU27_2020,CP0411,I15,2018-08,102.1,2018-08-01
EU28,CP0411,I15,2018-08,101.9,2018-08-01
FI,CP0411,I15,2018-08,106.98,2018-08-01
FR,CP0411,I15,2018-08,99.69,2018-08-01
HR,CP0411,I15,2018-08,100.98,2018-08-01
HU,CP0411,I15,2018-08,114.79,2018-08-01
IE,CP0411,I15,2018-08,124.2,2018-08-01
IS,CP0411,I15,2018-08,114.19,2018-08-01
IT,CP0411,I15,2018-08,100.9,2018-08-01
LT,CP0411,I15,2018-08,118.31,2018-08-01
LU,CP0411,I15,2018-08,103.64,2018-08-01
LV,CP0411,I15,2018-08,108.07,2018-08-01
ME,CP0411,I15,2018-08,99.25,2018-08-01
MK,CP0411,I15,2018-08,100.41,2018-08-01
MT,CP0411,I15,2018-08,108.36,2018-08-01
NL,CP0411,I15,2018-08,107.16,2018-08-01
NO,CP0411,I15,2018-08,105.7,2018-08-01
PL,CP0411,I15,2018-08,109.2,2018-08-01
PT,CP0411,I15,2018-08,104.98,2018-08-01
RO,CP0411,I15,2018-08,104.92,2018-08-01
RS,CP0411,I15,2018-08,103.6,2018-08-01
SE,CP0411,I15,2018-08,102.96,2018-08-01
SI,CP0411,I15,2018-08,113.5,2018-08-01
SK,CP0411,I15,2018-08,100.85,2018-08-01
XK,CP0411,I15,2018-08,97.48,2018-08-01
FR,CP0411,I96,2018-08,141.8,2018-08-01
LT,CP0411,I96,2018-08,720.9,2018-08-01
BE,CP0411,I05,2018-09,120.14,2018-09-01
FR,CP0411,I05,2018-09,119.74,2018-09-01
LT,CP0411,I05,2018-09,288.35,2018-09-01
SI,CP0411,I05,2018-09,126.03,2018-09-01
AL,CP0411,I15,2018-09,103.2,2018-09-01
AT,CP0411,I15,2018-09,112.29,2018-09-01
BE,CP0411,I15,2018-09,103.15,2018-09-01
BG,CP0411,I15,2018-09,104.2,2018-09-01
CH,CP0411,I15,2018-09,102.31,2018-09-01
CY,CP0411,I15,2018-09,103.93,2018-09-01
CZ,CP0411,I15,2018-09,107.4,2018-09-01
DE,CP0411,I15,2018-09,104.9,2018-09-01
DK,CP0411,I15,2018-09,104.7,2018-09-01
EA,CP0411,I15,2018-09,102.03,2018-09-01
EA19,CP0411,I15,2018-09,102.03,2018-09-01
EA20,CP0411,I15,2018-09,102.03,2018-09-01
EE,CP0411,I15,2018-09,128.38,2018-09-01
EEA,CP0411,I15,2018-09,102.01,2018-09-01
EL,CP0411,I15,2018-09,92.16,2018-09-01
ES,CP0411,I15,2018-09,102.11,2018-09-01
EU,CP0411,I15,2018-09,102.0,2018-09-01
EU27_2020,CP0411,I15,2018-09,102.2,2018-09-01
EU28,CP0411,I15,2018-09,102.0,2018-09-01
FI,CP0411,I15,2018-09,107.13,2018-09-01
FR,CP0411,I15,2018-09,99.71,2018-09-01
HR,CP0411,I15,2018-09,101.43,2018-09-01
HU,CP0411,I15,2018-09,115.17,2018-09-01
IE,CP0411,I15,2018-09,125.0,2018-09-01
IS,CP0411,I15,2018-09,115.32,2018-09-01
IT,CP0411,I15,2018-09,101.0,2018-09-01
LT,CP0411,I15,2018-09,117.82,2018-09-01
LU,CP0411,I15,2018-09,103.65,2018-09-01
LV,CP0411,I15,2018-09,105.05,2018-09-01
ME,CP0411,I15,2018-09,99.25,2018-09-01
MK,CP0411,I15,2018-09,100.41,2018-09-01
MT,CP0411,I15,2018-09,108.55,2018-09-01
NL,CP0411,I15,2018-09,107.16,2018-09-01
NO,CP0411,I15,2018-09,106.0,2018-09-01
PL,CP0411,I15,2018-09,109.7,2018-09-01
PT,CP0411,I15,2018-09,105.28,2018-09-01
RO,CP0411,I15,2018-09,105.54,2018-09-01
RS,CP0411,I15,2018-09,103.8,2018-09-01
SE,CP0411,I15,2018-09,102.97,2018-09-01
SI,CP0411,I15,2018-09,115.6,2018-09-01
SK,CP0411,I15,2018-09,100.88,2018-09-01
XK,CP0411,I15,2018-09,97.48,2018-09-01
FR,CP0411,I96,2018-09,141.9,2018-09-01
LT,CP0411,I96,2018-09,717.9,2018-09-01
BE,CP0411,I05,2018-10,120.22,2018-10-01
FR,CP0411,I05,2018-10,119.87,2018-10-01
LT,CP0411,I05,2018-10,289.52,2018-10-01
SI,CP0411,I05,2018-10,129.5,2018-10-01
AL,CP0411,I15,2018-10,104.45,2018-10-01
AT,CP0411,I15,2018-10,112.68,2018-10-01
BE,CP0411,I15,2018-10,103.23,2018-10-01
BG,CP0411,I15,2018-10,104.2,2018-10-01
CH,CP0411,I15,2018-10,102.39,2018-10-01
CY,CP0411,I15,2018-10,103.93,2018-10-01
CZ,CP0411,I15,2018-10,107.5,2018-10-01
DE,CP0411,I15,2018-10,105.0,2018-10-01
DK,CP0411,I15,2018-10,104.7,2018-10-01
EA,CP0411,I15,2018-10,102.17,2018-10-01
EA19,CP0411,I15,2018-10,102.17,2018-10-01
EA20,CP0411,I15,2018-10,102.17,2018-10-01
EE,CP0411,I15,2018-10,123.48,2018-10-01
EEA,CP0411,I15,2018-10,102.12,2018-10-01
EL,CP0411,I15,2018-10,92.16,2018-10-01
ES,CP0411,I15,2018-10,102.29,2018-10-01
EU,CP0411,I15,2018-10,102.1,2018-10-01
EU27_2020,CP0411,I15,2018-10,102.33,2018-10-01
EU28,CP0411,I15,2018-10,102.1,2018-10-01
FI,CP0411,I15,2018-10,107.26,2018-10-01
FR,CP0411,I15,2018-10,99.83,2018-10-01
HR,CP0411,I15,2018-10,101.23,2018-10-01
HU,CP0411,I15,2018-10,115.53,2018-10-01
IE,CP0411,I15,2018-10,125.9,2018-10-01
IS,CP0411,I15,2018-10,115.88,2018-10-01
IT,CP0411,I15,2018-10,101.0,2018-10-01
LT,CP0411,I15,2018-10,118.3,2018-10-01
LU,CP0411,I15,2018-10,103.83,2018-10-01
LV,CP0411,I15,2018-10,105.68,2018-10-01
ME,CP0411,I15,2018-10,99.25,2018-10-01
MK,CP0411,I15,2018-10,100.41,2018-10-01
MT,CP0411,I15,2018-10,108.82,2018-10-01
NL,CP0411,I15,2018-10,107.2,2018-10-01
NO,CP0411,I15,2018-10,106.1,2018-10-01
PL,CP0411,I15,2018-10,110.1,2018-10-01
PT,CP0411,I15,2018-10,105.51,2018-10-01
RO,CP0411,I15,2018-10,106.22,2018-10-01
RS,CP0411,I15,2018-10,104.1,2018-10-01
SE,CP0411,I15,2018-10,102.99,2018-10-01
SI,CP0411,I15,2018-10,118.78,2018-10-01
SK,CP0411,I15,2018-10,100.88,2018-10-01
XK,CP0411,I15,2018-10,97.48,2018-10-01
FR,CP0411,I96,2018-10,142.0,2018-10-01
LT,CP0411,I96,2018-10,720.8,2018-10-01
BE,CP0411,I05,2018-11,120.27,2018-11-01
FR,CP0411,I05,2018-11,119.9,2018-11-01
LT,CP0411,I05,2018-11,292.2,2018-11-01
SI,CP0411,I05,2018-11,128.44,2018-11-01
AL,CP0411,I15,2018-11,104.47,2018-11-01
AT,CP0411,I15,2018-11,112.87,2018-11-01
BE,CP0411,I15,2018-11,103.27,2018-11-01
BG,CP0411,I15,2018-11,104.23,2018-11-01
CH,CP0411,I15,2018-11,102.23,2018-11-01
CY,CP0411,I15,2018-11,103.93,2018-11-01
CZ,CP0411,I15,2018-11,107.6,2018-11-01
DE,CP0411,I15,2018-11,105.2,2018-11-01
DK,CP0411,I15,2018-11,104.7,2018-11-01
EA,CP0411,I15,2018-11,102.26,2018-11-01
EA19,CP0411,I15,2018-11,102.26,2018-11-01
EA20,CP0411,I15,2018-11,102.26,2018-11-01
EE,CP0411,I15,2018-11,123.6,2018-11-01
EEA,CP0411,I15,2018-11,102.21,2018-11-01
EL,CP0411,I15,2018-11,92.16,2018-11-01
ES,CP0411,I15,2018-11,102.48,2018-11-01
EU,CP0411,I15,2018-11,102.2,2018-11-01
EU27_2020,CP0411,I15,2018-11,102.43,2018-11-01
EU28,CP0411,I15,2018-11,102.2,2018-11-01
FI,CP0411,I15,2018-11,107.39,2018-11-01
FR,CP0411,I15,2018-11,99.85,2018-11-01
HR,CP0411,I15,2018-11,101.82,2018-11-01
HU,CP0411,I15,2018-11,116.49,2018-11-01
IE,CP0411,I15,2018-11,126.4,2018-11-01
IS,CP0411,I15,2018-11,116.68,2018-11-01
IT,CP0411,I15,2018-11,101.1,2018-11-01
LT,CP0411,I15,2018-11,119.39,2018-11-01
LU,CP0411,I15,2018-11,103.85,2018-11-01
LV,CP0411,I15,2018-11,104.15,2018-11-01
ME,CP0411,I15,2018-11,99.94,2018-11-01
MK,CP0411,I15,2018-11,100.41,2018-11-01
MT,CP0411,I15,2018-11,109.1,2018-11-01
NL,CP0411,I15,2018-11,107.2,2018-11-01
NO,CP0411,I15,2018-11,106.1,2018-11-01
PL,CP0411,I15,2018-11,110.5,2018-11-01
PT,CP0411,I15,2018-11,105.77,2018-11-01
RO,CP0411,I15,2018-11,106.36,2018-11-01
RS,CP0411,I15,2018-11,104.2,2018-11-01
SE,CP0411,I15,2018-11,102.99,2018-11-01
SI,CP0411,I15,2018-11,117.81,2018-11-01
SK,CP0411,I15,2018-11,100.97,2018-11-01
XK,CP0411,I15,2018-11,97.48,2018-11-01
FR,CP0411,I96,2018-11,142.1,2018-11-01
LT,CP0411,I96,2018-11,727.5,2018-11-01
BE,CP0411,I05,2018-12,120.28,2018-12-01
FR,CP0411,I05,2018-12,119.95,2018-12-01
LT,CP0411,I05,2018-12,297.47,2018-12-01
SI,CP0411,I05,2018-12,127.97,2018-12-01
AL,CP0411,I15,2018-12,104.47,2018-12-01
AT,CP0411,I15,2018-12,113.07,2018-12-01
BE,CP0411,I15,2018-12,103.28,2018-12-01
BG,CP0411,I15,2018-12,104.18,2018-12-01
CH,CP0411,I15,2018-12,102.31,2018-12-01
CY,CP0411,I15,2018-12,103.93,2018-12-01
CZ,CP0411,I15,2018-12,107.8,2018-12-01
DE,CP0411,I15,2018-12,105.3,2018-12-01
DK,CP0411,I15,2018-12,104.7,2018-12-01
EA,CP0411,I15,2018-12,102.34,2018-12-01
EA19,CP0411,I15,2018-12,102.34,2018-12-01
EA20,CP0411,I15,2018-12,102.34,2018-12-01
EE,CP0411,I15,2018-12,123.5,2018-12-01
EEA,CP0411,I15,2018-12,102.3,2018-12-01
EL,CP0411,I15,2018-12,92.16,2018-12-01
ES,CP0411,I15,2018-12,102.61,2018-12-01
EU,CP0411,I15,2018-12,102.28,2018-12-01
EU27_2020,CP0411,I15,2018-12,102.51,2018-12-01
EU28,CP0411,I15,2018-12,102.28,2018-12-01
FI,CP0411,I15,2018-12,107.51,2018-12-01
FR,CP0411,I15,2018-12,99.89,2018-12-01
HR,CP0411,I15,2018-12,103.46,2018-12-01
HU,CP0411,I15,2018-12,116.95,2018-12-01
IE,CP0411,I15,2018-12,126.7,2018-12-01
IS,CP0411,I15,2018-12,117.17,2018-12-01
IT,CP0411,I15,2018-12,101.1,2018-12-01
LT,CP0411,I15,2018-12,121.55,2018-12-01
LU,CP0411,I15,2018-12,103.91,2018-12-01
LV,CP0411,I15,2018-12,104.73,2018-12-01
ME,CP0411,I15,2018-12,99.94,2018-12-01
MK,CP0411,I15,2018-12,100.41,2018-12-01
MT,CP0411,I15,2018-12,109.67,2018-12-01
NL,CP0411,I15,2018-12,107.2,2018-12-01
NO,CP0411,I15,2018-12,106.2,2018-12-01
PL,CP0411,I15,2018-12,110.7,2018-12-01
PT,CP0411,I15,2018-12,105.98,2018-12-01
RO,CP0411,I15,2018-12,106.57,2018-12-01
RS,CP0411,I15,2018-12,104.2,2018-12-01
SE,CP0411,I15,2018-12,102.99,2018-12-01
SI,CP0411,I15,2018-12,117.38,2018-12-01
SK,CP0411,I15,2018-12,100.97,2018-12-01
XK,CP0411,I15,2018-12,97.48,2018-12-01
FR,CP0411,I96,2018-12,142.1,2018-12-01
LT,CP0411,I96,2018-12,740.6,2018-12-01
BE,CP0411,I05,2019-01,120.73,2019-01-01
FR,CP0411,I05,2019-01,120.04,2019-01-01
LT,CP0411,I05,2019-01,291.06,2019-01-01
SI,CP0411,I05,2019-01,128.2,2019-01-01
AL,CP0411,I15,2019-01,104.43,2019-01-01
AT,CP0411,I15,2019-01,113.26,2019-01-01
BE,CP0411,I15,2019-01,103.66,2019-01-01
BG,CP0411,I15,2019-01,104.71,2019-01-01
CH,CP0411,I15,2019-01,102.39,2019-01-01
CY,CP0411,I15,2019-01,105.17,2019-01-01
CZ,CP0411,I15,2019-01,108.6,2019-01-01
DE,CP0411,I15,2019-01,105.5,2019-01-01
DK,CP0411,I15,2019-01,104.7,2019-01-01
EA,CP0411,I15,2019-01,102.48,2019-01-01
EA19,CP0411,I15,2019-01,102.48,2019-01-01
EA20,CP0411,I15,2019-01,102.48,2019-01-01
EE,CP0411,I15,2019-01,123.36,2019-01-01
EEA,CP0411,I15,2019-01,102.43,2019-01-01
EL,CP0411,I15,2019-01,92.16,2019-01-01
ES,CP0411,I15,2019-01,102.77,2019-01-01
EU,CP0411,I15,2019-01,102.42,2019-01-01
EU27_2020,CP0411,I15,2019-01,102.67,2019-01-01
EU28,CP0411,I15,2019-01,102.42,2019-01-01
FI,CP0411,I15,2019-01,107.6,2019-01-01
FR,CP0411,I15,2019-01,99.96,2019-01-01
HR,CP0411,I15,2019-01,105.32,2019-01-01
HU,CP0411,I15,2019-01,118.42,2019-01-01
IE,CP0411,I15,2019-01,127.1,2019-01-01
IS,CP0411,I15,2019-01,117.71,2019-01-01
IT,CP0411,I15,2019-01,101.0,2019-01-01
LT,CP0411,I15,2019-01,118.93,2019-01-01
LU,CP0411,I15,2019-01,104.09,2019-01-01
LV,CP0411,I15,2019-01,105.68,2019-01-01
ME,CP0411,I15,2019-01,99.94,2019-01-01
MK,CP0411,I15,2019-01,100.41,2019-01-01
MT,CP0411,I15,2019-01,109.67,2019-01-01
NL,CP0411,I15,2019-01,107.2,2019-01-01
NO,CP0411,I15,2019-01,106.5,2019-01-01
PL,CP0411,I15,2019-01,111.2,2019-01-01
PT,CP0411,I15,2019-01,106.34,2019-01-01
RO,CP0411,I15,2019-01,106.81,2019-01-01
RS,CP0411,I15,2019-01,104.3,2019-01-01
SE,CP0411,I15,2019-01,103.6,2019-01-01
SI,CP0411,I15,2019-01,117.59,2019-01-01
SK,CP0411,I15,2019-01,101.16,2019-01-01
XK,CP0411,I15,2019-01,97.48,2019-01-01
FR,CP0411,I96,2019-01,142.2,2019-01-01
LT,CP0411,I96,2019-01,724.6,2019-01-01
BE,CP0411,I05,2019-02,120.98,2019-02-01
FR,CP0411,I05,2019-02,120.65,2019-02-01
LT,CP0411,I05,2019-02,303.93,2019-02-01
SI,CP0411,I05,2019-02,127.18,2019-02-01
AL,CP0411,I15,2019-02,104.43,2019-02-01
AT,CP0411,I15,2019-02,113.46,2019-02-01
BE,CP0411,I15,2019-02,103.87,2019-02-01
BG,CP0411,I15,2019-02,104.79,2019-02-01
CH,CP0411,I15,2019-02,102.32,2019-02-01
CY,CP0411,I15,2019-02,105.32,2019-02-01
CZ,CP0411,I15,2019-02,109.0,2019-02-01
DE,CP0411,I15,2019-02,105.6,2019-02-01
DK,CP0411,I15,2019-02,105.6,2019-02-01
EA,CP0411,I15,2019-02,102.7,2019-02-01
EA19,CP0411,I15,2019-02,102.7,2019-02-01
EA20,CP0411,I15,2019-02,102.7,2019-02-01
EE,CP0411,I15,2019-02,126.99,2019-02-01
EEA,CP0411,I15,2019-02,102.65,2019-02-01
EL,CP0411,I15,2019-02,92.16,2019-02-01
ES,CP0411,I15,2019-02,102.91,2019-02-01
EU,CP0411,I15,2019-02,102.64,2019-02-01
EU27_2020,CP0411,I15,2019-02,102.93,2019-02-01
EU28,CP0411,I15,2019-02,102.64,2019-02-01
FI,CP0411,I15,2019-02,107.86,2019-02-01
FR,CP0411,I15,2019-02,100.47,2019-02-01
HR,CP0411,I15,2019-02,105.25,2019-02-01
HU,CP0411,I15,2019-02,120.43,2019-02-01
IE,CP0411,I15,2019-02,127.4,2019-02-01
IS,CP0411,I15,2019-02,118.25,2019-02-01
IT,CP0411,I15,2019-02,101.0,2019-02-01
LT,CP0411,I15,2019-02,124.19,2019-02-01
LU,CP0411,I15,2019-02,104.24,2019-02-01
LV,CP0411,I15,2019-02,104.71,2019-02-01
ME,CP0411,I15,2019-02,100.08,2019-02-01
MK,CP0411,I15,2019-02,100.41,2019-02-01
MT,CP0411,I15,2019-02,110.19,2019-02-01
NL,CP0411,I15,2019-02,107.2,2019-02-01
NO,CP0411,I15,2019-02,106.7,2019-02-01
PL,CP0411,I15,2019-02,112.2,2019-02-01
PT,CP0411,I15,2019-02,106.62,2019-02-01
RO,CP0411,I15,2019-02,107.01,2019-02-01
RS,CP0411,I15,2019-02,104.1,2019-02-01
SE,CP0411,I15,2019-02,103.82,2019-02-01
SI,CP0411,I15,2019-02,116.65,2019-02-01
SK,CP0411,I15,2019-02,101.16,2019-02-01
XK,CP0411,I15,2019-02,97.48,2019-02-01
FR,CP0411,I96,2019-02,143.0,2019-02-01
LT,CP0411,I96,2019-02,756.7,2019-02-01
BE,CP0411,I05,2019-03,121.01,2019-03-01
FR,CP0411,I05,2019-03,120.7,2019-03-01
LT,CP0411,I05,2019-03,304.52,2019-03-01
SI,CP0411,I05,2019-03,129.57,2019-03-01
AL,CP0411,I15,2019-03,104.43,2019-03-01
AT,CP0411,I15,2019-03,113.65,2019-03-01
BE,CP0411,I15,2019-03,103.91,2019-03-01
BG,CP0411,I15,2019-03,106.47,2019-03-01
CH,CP0411,I15,2019-03,102.38,2019-03-01
CY,CP0411,I15,2019-03,105.32,2019-03-01
CZ,CP0411,I15,2019-03,109.1,2019-03-01
DE,CP0411,I15,2019-03,105.7,2019-03-01
DK,CP0411,I15,2019-03,105.6,2019-03-01
EA,CP0411,I15,2019-03,102.78,2019-03-01
EA19,CP0411,I15,2019-03,102.78,2019-03-01
EA20,CP0411,I15,2019-03,102.78,2019-03-01
EE,CP0411,I15,2019-03,129.38,2019-03-01
EEA,CP0411,I15,2019-03,102.74,2019-03-01
EL,CP0411,I15,2019-03,92.16,2019-03-01
ES,CP0411,I15,2019-03,103.01,2019-03-01
EU,CP0411,I15,2019-03,102.73,2019-03-01
EU27_2020,CP0411,I15,2019-03,103.03,2019-03-01
EU28,CP0411,I15,2019-03,102.73,2019-03-01
FI,CP0411,I15,2019-03,108.14,2019-03-01
FR,CP0411,I15,2019-03,100.52,2019-03-01
HR,CP0411,I15,2019-03,105.76,2019-03-01
HU,CP0411,I15,2019-03,121.78,2019-03-01
IE,CP0411,I15,2019-03,128.0,2019-03-01
IS,CP0411,I15,2019-03,119.03,2019-03-01
IT,CP0411,I15,2019-03,101.1,2019-03-01
LT,CP0411,I15,2019-03,124.43,2019-03-01
LU,CP0411,I15,2019-03,104.35,2019-03-01
LV,CP0411,I15,2019-03,104.46,2019-03-01
ME,CP0411,I15,2019-03,100.65,2019-03-01
MK,CP0411,I15,2019-03,100.41,2019-03-01
MT,CP0411,I15,2019-03,111.09,2019-03-01
NL,CP0411,I15,2019-03,107.2,2019-03-01
NO,CP0411,I15,2019-03,106.9,2019-03-01
PL,CP0411,I15,2019-03,112.8,2019-03-01
PT,CP0411,I15,2019-03,106.98,2019-03-01
RO,CP0411,I15,2019-03,107.39,2019-03-01
RS,CP0411,I15,2019-03,104.1,2019-03-01
SE,CP0411,I15,2019-03,104.05,2019-03-01
SI,CP0411,I15,2019-03,118.84,2019-03-01
SK,CP0411,I15,2019-03,101.16,2019-03-01
XK,CP0411,I15,2019-03,97.48,2019-03-01
FR,CP0411,I96,2019-03,143.0,2019-03-01
LT,CP0411,I96,2019-03,758.2,2019-03-01
BE,CP0411,I05,2019-04,121.01,2019-04-01
FR,CP0411,I05,2019-04,120.84,2019-04-01
LT,CP0411,I05,2019-04,304.91,2019-04-01
SI,CP0411,I05,2019-04,130.47,2019-04-01
AL,CP0411,I15,2019-04,104.43,2019-04-01
AT,CP0411,I15,2019-04,113.85,2019-04-01
BE,CP0411,I15,2019-04,103.9,2019-04-01
BG,CP0411,I15,2019-04,106.7,2019-04-01
CH,CP0411,I15,2019-04,102.45,2019-04-01
CY,CP0411,I15,2019-04,105.95,2019-04-01
CZ,CP0411,I15,2019-04,109.2,2019-04-01
DE,CP0411,I15,2019-04,105.9,2019-04-01
DK,CP0411,I15,2019-04,105.6,2019-04-01
EA,CP0411,I15,2019-04,102.91,2019-04-01
EA19,CP0411,I15,2019-04,102.91,2019-04-01
EA20,CP0411,I15,2019-04,102.91,2019-04-01
EE,CP0411,I15,2019-04,128.04,2019-04-01
EEA,CP0411,I15,2019-04,102.85,2019-04-01
EL,CP0411,I15,2019-04,92.16,2019-04-01
ES,CP0411,I15,2019-04,103.13,2019-04-01
EU,CP0411,I15,2019-04,102.83,2019-04-01
EU27_2020,CP0411,I15,2019-04,103.17,2019-04-01
EU28,CP0411,I15,2019-04,102.83,2019-04-01
FI,CP0411,I15,2019-04,108.44,2019-04-01
FR,CP0411,I15,2019-04,100.63,2019-04-01
HR,CP0411,I15,2019-04,105.77,2019-04-01
HU,CP0411,I15,2019-04,122.39,2019-04-01
IE,CP0411,I15,2019-04,128.5,2019-04-01
IS,CP0411,I15,2019-04,119.36,2019-04-01
IT,CP0411,I15,2019-04,101.0,2019-04-01
LT,CP0411,I15,2019-04,124.59,2019-04-01
LU,CP0411,I15,2019-04,104.7,2019-04-01
LV,CP0411,I15,2019-04,105.36,2019-04-01
ME,CP0411,I15,2019-04,100.65,2019-04-01
MK,CP0411,I15,2019-04,100.41,2019-04-01
MT,CP0411,I15,2019-04,111.73,2019-04-01
NL,CP0411,I15,2019-04,107.2,2019-04-01
NO,CP0411,I15,2019-04,107.0,2019-04-01
PL,CP0411,I15,2019-04,113.1,2019-04-01
PT,CP0411,I15,2019-04,107.24,2019-04-01
RO,CP0411,I15,2019-04,107.58,2019-04-01
RS,CP0411,I15,2019-04,103.9,2019-04-01
SE,CP0411,I15,2019-04,104.5,2019-04-01
SI,CP0411,I15,2019-04,119.67,2019-04-01
SK,CP0411,I15,2019-04,101.16,2019-04-01
XK,CP0411,I15,2019-04,97.48,2019-04-01
FR,CP0411,I96,2019-04,143.2,2019-04-01
LT,CP0411,I96,2019-04,759.1,2019-04-01
BE,CP0411,I05,2019-05,121.13,2019-05-01
FR,CP0411,I05,2019-05,120.84,2019-05-01
LT,CP0411,I05,2019-05,308.96,2019-05-01
SI,CP0411,I05,2019-05,127.43,2019-05-01
AL,CP0411,I15,2019-05,104.43,2019-05-01
AT,CP0411,I15,2019-05,114.43,2019-05-01
BE,CP0411,I15,2019-05,104.01,2019-05-01
BG,CP0411,I15,2019-05,106.7,2019-05-01
CH,CP0411,I15,2019-05,102.55,2019-05-01
CY,CP0411,I15,2019-05,106.04,2019-05-01
CZ,CP0411,I15,2019-05,109.6,2019-05-01
DE,CP0411,I15,2019-05,106.0,2019-05-01
DK,CP0411,I15,2019-05,105.6,2019-05-01
EA,CP0411,I15,2019-05,102.99,2019-05-01
EA19,CP0411,I15,2019-05,102.99,2019-05-01
EA20,CP0411,I15,2019-05,102.99,2019-05-01
EE,CP0411,I15,2019-05,128.36,2019-05-01
EEA,CP0411,I15,2019-05,102.94,2019-05-01
EL,CP0411,I15,2019-05,92.16,2019-05-01
ES,CP0411,I15,2019-05,103.25,2019-05-01
EU,CP0411,I15,2019-05,102.92,2019-05-01
EU27_2020,CP0411,I15,2019-05,103.26,2019-05-01
EU28,CP0411,I15,2019-05,102.92,2019-05-01
FI,CP0411,I15,2019-05,108.67,2019-05-01
FR,CP0411,I15,2019-05,100.63,2019-05-01
HR,CP0411,I15,2019-05,105.71,2019-05-01
HU,CP0411,I15,2019-05,123.49,2019-05-01
IE,CP0411,I15,2019-05,128.8,2019-05-01
IS,CP0411,I15,2019-05,120.0,2019-05-01
IT,CP0411,I15,2019-05,101.0,2019-05-01
LT,CP0411,I15,2019-05,126.24,2019-05-01
LU,CP0411,I15,2019-05,104.71,2019-05-01
LV,CP0411,I15,2019-05,105.57,2019-05-01
ME,CP0411,I15,2019-05,100.65,2019-05-01
MK,CP0411,I15,2019-05,100.41,2019-05-01
MT,CP0411,I15,2019-05,112.0,2019-05-01
NL,CP0411,I15,2019-05,107.2,2019-05-01
NO,CP0411,I15,2019-05,107.3,2019-05-01
PL,CP0411,I15,2019-05,113.3,2019-05-01
PT,CP0411,I15,2019-05,107.51,2019-05-01
RO,CP0411,I15,2019-05,107.68,2019-05-01
RS,CP0411,I15,2019-05,105.3,2019-05-01
SE,CP0411,I15,2019-05,104.64,2019-05-01
SI,CP0411,I15,2019-05,116.89,2019-05-01
SK,CP0411,I15,2019-05,101.16,2019-05-01
XK,CP0411,I15,2019-05,97.48,2019-05-01
FR,CP0411,I96,2019-05,143.2,2019-05-01
LT,CP0411,I96,2019-05,769.2,2019-05-01
BE,CP0411,I05,2019-06,121.18,2019-06-01
FR,CP0411,I05,2019-06,120.88,2019-06-01
LT,CP0411,I05,2019-06,310.89,2019-06-01
SI,CP0411,I05,2019-06,127.68,2019-06-01
AL,CP0411,I15,2019-06,104.27,2019-06-01
AT,CP0411,I15,2019-06,114.83,2019-06-01
BE,CP0411,I15,2019-06,104.05,2019-06-01
BG,CP0411,I15,2019-06,106.9,2019-06-01
CH,CP0411,I15,2019-06,102.61,2019-06-01
CY,CP0411,I15,2019-06,106.32,2019-06-01
CZ,CP0411,I15,2019-06,110.4,2019-06-01
DE,CP0411,I15,2019-06,106.1,2019-06-01
DK,CP0411,I15,2019-06,105.6,2019-06-01
EA,CP0411,I15,2019-06,103.09,2019-06-01
EA19,CP0411,I15,2019-06,103.09,2019-06-01
EA20,CP0411,I15,2019-06,103.09,2019-06-01
EE,CP0411,I15,2019-06,134.3,2019-06-01
EEA,CP0411,I15,2019-06,103.05,2019-06-01
EL,CP0411,I15,2019-06,92.16,2019-06-01
ES,CP0411,I15,2019-06,103.39,2019-06-01
EU,CP0411,I15,2019-06,103.03,2019-06-01
EU27_2020,CP0411,I15,2019-06,103.36,2019-06-01
EU28,CP0411,I15,2019-06,103.03,2019-06-01
FI,CP0411,I15,2019-06,108.9,2019-06-01
FR,CP0411,I15,2019-06,100.67,2019-06-01
HR,CP0411,I15,2019-06,105.67,2019-06-01
HU,CP0411,I15,2019-06,124.1,2019-06-01
IE,CP0411,I15,2019-06,129.5,2019-06-01
IS,CP0411,I15,2019-06,120.62,2019-06-01
IT,CP0411,I15,2019-06,101.0,2019-06-01
LT,CP0411,I15,2019-06,127.03,2019-06-01
LU,CP0411,I15,2019-06,104.72,2019-06-01
LV,CP0411,I15,2019-06,106.86,2019-06-01
ME,CP0411,I15,2019-06,100.65,2019-06-01
MK,CP0411,I15,2019-06,100.41,2019-06-01
MT,CP0411,I15,2019-06,111.56,2019-06-01
NL,CP0411,I15,2019-06,107.2,2019-06-01
NO,CP0411,I15,2019-06,107.3,2019-06-01
PL,CP0411,I15,2019-06,113.3,2019-06-01
PT,CP0411,I15,2019-06,107.81,2019-06-01
RO,CP0411,I15,2019-06,107.6,2019-06-01
RS,CP0411,I15,2019-06,106.0,2019-06-01
SE,CP0411,I15,2019-06,104.74,2019-06-01
SI,CP0411,I15,2019-06,117.11,2019-06-01
SK,CP0411,I15,2019-06,101.51,2019-06-01
XK,CP0411,I15,2019-06,97.48,2019-06-01
FR,CP0411,I96,2019-06,143.2,2019-06-01
LT,CP0411,I96,2019-06,774.0,2019-06-01
BE,CP0411,I05,2019-07,121.24,2019-07-01
FR,CP0411,I05,2019-07,120.95,2019-07-01
LT,CP0411,I05,2019-07,312.08,2019-07-01
SI,CP0411,I05,2019-07,130.04,2019-07-01
AL,CP0411,I15,2019-07,104.27,2019-07-01
AT,CP0411,I15,2019-07,115.22,2019-07-01
BE,CP0411,I15,2019-07,104.1,2019-07-01
BG,CP0411,I15,2019-07,107.0,2019-07-01
CH,CP0411,I15,2019-07,102.68,2019-07-01
CY,CP0411,I15,2019-07,106.36,2019-07-01
CZ,CP0411,I15,2019-07,111.0,2019-07-01
DE,CP0411,I15,2019-07,106.3,2019-07-01
DK,CP0411,I15,2019-07,105.6,2019-07-01
EA,CP0411,I15,2019-07,103.4,2019-07-01
EA19,CP0411,I15,2019-07,103.4,2019-07-01
EA20,CP0411,I15,2019-07,103.41,2019-07-01
EE,CP0411,I15,2019-07,131.26,2019-07-01
EEA,CP0411,I15,2019-07,103.29,2019-07-01
EL,CP0411,I15,2019-07,92.16,2019-07-01
ES,CP0411,I15,2019-07,103.52,2019-07-01
EU,CP0411,I15,2019-07,103.28,2019-07-01
EU27_2020,CP0411,I15,2019-07,103.67,2019-07-01
EU28,CP0411,I15,2019-07,103.28,2019-07-01
FI,CP0411,I15,2019-07,109.08,2019-07-01
FR,CP0411,I15,2019-07,100.73,2019-07-01
HR,CP0411,I15,2019-07,105.62,2019-07-01
HU,CP0411,I15,2019-07,125.17,2019-07-01
IE,CP0411,I15,2019-07,130.0,2019-07-01
IS,CP0411,I15,2019-07,121.26,2019-07-01
IT,CP0411,I15,2019-07,101.1,2019-07-01
LT,CP0411,I15,2019-07,127.52,2019-07-01
LU,CP0411,I15,2019-07,104.72,2019-07-01
LV,CP0411,I15,2019-07,108.35,2019-07-01
ME,CP0411,I15,2019-07,100.65,2019-07-01
MK,CP0411,I15,2019-07,100.41,2019-07-01
MT,CP0411,I15,2019-07,112.65,2019-07-01
NL,CP0411,I15,2019-07,109.91,2019-07-01
NO,CP0411,I15,2019-07,107.4,2019-07-01
PL,CP0411,I15,2019-07,114.1,2019-07-01
PT,CP0411,I15,2019-07,108.1,2019-07-01
RO,CP0411,I15,2019-07,107.42,2019-07-01
RS,CP0411,I15,2019-07,105.8,2019-07-01
SE,CP0411,I15,2019-07,104.82,2019-07-01
SI,CP0411,I15,2019-07,119.28,2019-07-01
SK,CP0411,I15,2019-07,101.6,2019-07-01
XK,CP0411,I15,2019-07,97.48,2019-07-01
FR,CP0411,I96,2019-07,143.3,2019-07-01
LT,CP0411,I96,2019-07,777.0,2019-07-01
BE,CP0411,I05,2019-08,121.3,2019-08-01
FR,CP0411,I05,2019-08,121.03,2019-08-01
LT,CP0411,I05,2019-08,312.87,2019-08-01
SI,CP0411,I05,2019-08,131.88,2019-08-01
AL,CP0411,I15,2019-08,104.27,2019-08-01
AT,CP0411,I15,2019-08,115.22,2019-08-01
BE,CP0411,I15,2019-08,104.16,2019-08-01
BG,CP0411,I15,2019-08,107.0,2019-08-01
CH,CP0411,I15,2019-08,102.77,2019-08-01
CY,CP0411,I15,2019-08,106.36,2019-08-01
CZ,CP0411,I15,2019-08,111.3,2019-08-01
DE,CP0411,I15,2019-08,106.4,2019-08-01
DK,CP0411,I15,2019-08,105.6,2019-08-01
EA,CP0411,I15,2019-08,103.49,2019-08-01
EA19,CP0411,I15,2019-08,103.49,2019-08-01
EA20,CP0411,I15,2019-08,103.49,2019-08-01
EE,CP0411,I15,2019-08,138.71,2019-08-01
EEA,CP0411,I15,2019-08,103.38,2019-08-01
EL,CP0411,I15,2019-08,92.16,2019-08-01
ES,CP0411,I15,2019-08,103.63,2019-08-01
EU,CP0411,I15,2019-08,103.36,2019-08-01
EU27_2020,CP0411,I15,2019-08,103.77,2019-08-01
EU28,CP0411,I15,2019-08,103.36,2019-08-01
FI,CP0411,I15,2019-08,109.24,2019-08-01
FR,CP0411,I15,2019-08,100.79,2019-08-01
HR,CP0411,I15,2019-08,106.49,2019-08-01
HU,CP0411,I15,2019-08,126.24,2019-08-01
IE,CP0411,I15,2019-08,130.7,2019-08-01
IS,CP0411,I15,2019-08,121.73,2019-08-01
IT,CP0411,I15,2019-08,101.2,2019-08-01
LT,CP0411,I15,2019-08,127.84,2019-08-01
LU,CP0411,I15,2019-08,104.72,2019-08-01
LV,CP0411,I15,2019-08,111.28,2019-08-01
ME,CP0411,I15,2019-08,100.65,2019-08-01
MK,CP0411,I15,2019-08,100.41,2019-08-01
MT,CP0411,I15,2019-08,113.39,2019-08-01
NL,CP0411,I15,2019-08,109.91,2019-08-01
NO,CP0411,I15,2019-08,107.6,2019-08-01
PL,CP0411,I15,2019-08,114.5,2019-08-01
PT,CP0411,I15,2019-08,108.39,2019-08-01
RO,CP0411,I15,2019-08,107.68,2019-08-01
RS,CP0411,I15,2019-08,105.8,2019-08-01
SE,CP0411,I15,2019-08,104.9,2019-08-01
SI,CP0411,I15,2019-08,120.96,2019-08-01
SK,CP0411,I15,2019-08,101.6,2019-08-01
XK,CP0411,I15,2019-08,97.48,2019-08-01
FR,CP0411,I96,2019-08,143.4,2019-08-01
LT,CP0411,I96,2019-08,778.9,2019-08-01
BE,CP0411,I05,2019-09,121.37,2019-09-01
FR,CP0411,I05,2019-09,121.08,2019-09-01
LT,CP0411,I05,2019-09,314.09,2019-09-01
SI,CP0411,I05,2019-09,130.88,2019-09-01
AL,CP0411,I15,2019-09,104.27,2019-09-01
AT,CP0411,I15,2019-09,115.22,2019-09-01
BE,CP0411,I15,2019-09,104.21,2019-09-01
BG,CP0411,I15,2019-09,107.05,2019-09-01
CH,CP0411,I15,2019-09,102.85,2019-09-01
CY,CP0411,I15,2019-09,106.47,2019-09-01
CZ,CP0411,I15,2019-09,111.5,2019-09-01
DE,CP0411,I15,2019-09,106.5,2019-09-01
DK,CP0411,I15,2019-09,105.6,2019-09-01
EA,CP0411,I15,2019-09,103.58,2019-09-01
EA19,CP0411,I15,2019-09,103.58,2019-09-01
EA20,CP0411,I15,2019-09,103.59,2019-09-01
EE,CP0411,I15,2019-09,131.21,2019-09-01
EEA,CP0411,I15,2019-09,103.48,2019-09-01
EL,CP0411,I15,2019-09,92.16,2019-09-01
ES,CP0411,I15,2019-09,103.73,2019-09-01
EU,CP0411,I15,2019-09,103.47,2019-09-01
EU27_2020,CP0411,I15,2019-09,103.87,2019-09-01
EU28,CP0411,I15,2019-09,103.47,2019-09-01
FI,CP0411,I15,2019-09,109.39,2019-09-01
FR,CP0411,I15,2019-09,100.84,2019-09-01
HR,CP0411,I15,2019-09,106.36,2019-09-01
HU,CP0411,I15,2019-09,127.54,2019-09-01
IE,CP0411,I15,2019-09,132.0,2019-09-01
IS,CP0411,I15,2019-09,121.01,2019-09-01
IT,CP0411,I15,2019-09,101.2,2019-09-01
LT,CP0411,I15,2019-09,128.34,2019-09-01
LU,CP0411,I15,2019-09,104.72,2019-09-01
LV,CP0411,I15,2019-09,109.22,2019-09-01
ME,CP0411,I15,2019-09,100.65,2019-09-01
MK,CP0411,I15,2019-09,100.41,2019-09-01
MT,CP0411,I15,2019-09,114.29,2019-09-01
NL,CP0411,I15,2019-09,109.91,2019-09-01
NO,CP0411,I15,2019-09,107.8,2019-09-01
PL,CP0411,I15,2019-09,115.5,2019-09-01
PT,CP0411,I15,2019-09,108.71,2019-09-01
RO,CP0411,I15,2019-09,107.85,2019-09-01
RS,CP0411,I15,2019-09,106.8,2019-09-01
SE,CP0411,I15,2019-09,104.91,2019-09-01
SI,CP0411,I15,2019-09,120.05,2019-09-01
SK,CP0411,I15,2019-09,101.63,2019-09-01
XK,CP0411,I15,2019-09,97.48,2019-09-01
FR,CP0411,I96,2019-09,143.5,2019-09-01
LT,CP0411,I96,2019-09,782.0,2019-09-01
BE,CP0411,I05,2019-10,121.41,2019-10-01
FR,CP0411,I05,2019-10,121.17,2019-10-01
LT,CP0411,I05,2019-10,313.94,2019-10-01
SI,CP0411,I05,2019-10,128.94,2019-10-01
AL,CP0411,I15,2019-10,104.27,2019-10-01
AT,CP0411,I15,2019-10,115.22,2019-10-01
BE,CP0411,I15,2019-10,104.24,2019-10-01
BG,CP0411,I15,2019-10,107.14,2019-10-01
CH,CP0411,I15,2019-10,102.93,2019-10-01
CY,CP0411,I15,2019-10,106.8,2019-10-01
CZ,CP0411,I15,2019-10,111.6,2019-10-01
DE,CP0411,I15,2019-10,106.6,2019-10-01
DK,CP0411,I15,2019-10,105.6,2019-10-01
EA,CP0411,I15,2019-10,103.7,2019-10-01
EA19,CP0411,I15,2019-10,103.7,2019-10-01
EA20,CP0411,I15,2019-10,103.7,2019-10-01
EE,CP0411,I15,2019-10,133.24,2019-10-01
EEA,CP0411,I15,2019-10,103.59,2019-10-01
EL,CP0411,I15,2019-10,92.16,2019-10-01
ES,CP0411,I15,2019-10,103.83,2019-10-01
EU,CP0411,I15,2019-10,103.57,2019-10-01
EU27_2020,CP0411,I15,2019-10,103.99,2019-10-01
EU28,CP0411,I15,2019-10,103.57,2019-10-01
FI,CP0411,I15,2019-10,109.52,2019-10-01
FR,CP0411,I15,2019-10,100.91,2019-10-01
HR,CP0411,I15,2019-10,106.57,2019-10-01
HU,CP0411,I15,2019-10,128.17,2019-10-01
IE,CP0411,I15,2019-10,132.2,2019-10-01
IS,CP0411,I15,2019-10,121.65,2019-10-01
IT,CP0411,I15,2019-10,101.3,2019-10-01
LT,CP0411,I15,2019-10,128.28,2019-10-01
LU,CP0411,I15,2019-10,105.24,2019-10-01
LV,CP0411,I15,2019-10,109.49,2019-10-01
ME,CP0411,I15,2019-10,100.65,2019-10-01
MK,CP0411,I15,2019-10,100.41,2019-10-01
MT,CP0411,I15,2019-10,114.93,2019-10-01
NL,CP0411,I15,2019-10,109.91,2019-10-01
NO,CP0411,I15,2019-10,108.0,2019-10-01
PL,CP0411,I15,2019-10,115.8,2019-10-01
PT,CP0411,I15,2019-10,109.05,2019-10-01
RO,CP0411,I15,2019-10,108.2,2019-10-01
RS,CP0411,I15,2019-10,106.7,2019-10-01
SE,CP0411,I15,2019-10,104.97,2019-10-01
SI,CP0411,I15,2019-10,118.27,2019-10-01
SK,CP0411,I15,2019-10,101.63,2019-10-01
XK,CP0411,I15,2019-10,97.48,2019-10-01
FR,CP0411,I96,2019-10,143.6,2019-10-01
LT,CP0411,I96,2019-10,781.6,2019-10-01
BE,CP0411,I05,2019-11,121.47,2019-11-01
FR,CP0411,I05,2019-11,121.18,2019-11-01
LT,CP0411,I05,2019-11,313.22,2019-11-01
SI,CP0411,I05,2019-11,129.39,2019-11-01
AL,CP0411,I15,2019-11,104.18,2019-11-01
AT,CP0411,I15,2019-11,115.61,2019-11-01
BE,CP0411,I15,2019-11,104.3,2019-11-01
BG,CP0411,I15,2019-11,107.2,2019-11-01
CH,CP0411,I15,2019-11,103.25,2019-11-01
CY,CP0411,I15,2019-11,107.21,2019-11-01
CZ,CP0411,I15,2019-11,111.7,2019-11-01
DE,CP0411,I15,2019-11,106.8,2019-11-01
DK,CP0411,I15,2019-11,105.6,2019-11-01
EA,CP0411,I15,2019-11,103.78,2019-11-01
EA19,CP0411,I15,2019-11,103.78,2019-11-01
EA20,CP0411,I15,2019-11,103.78,2019-11-01
EE,CP0411,I15,2019-11,131.02,2019-11-01
EEA,CP0411,I15,2019-11,103.68,2019-11-01
EL,CP0411,I15,2019-11,92.16,2019-11-01
ES,CP0411,I15,2019-11,103.94,2019-11-01
EU,CP0411,I15,2019-11,103.66,2019-11-01
EU27_2020,CP0411,I15,2019-11,104.07,2019-11-01
EU28,CP0411,I15,2019-11,103.66,2019-11-01
FI,CP0411,I15,2019-11,109.63,2019-11-01
FR,CP0411,I15,2019-11,100.91,2019-11-01
HR,CP0411,I15,2019-11,106.52,2019-11-01
HU,CP0411,I15,2019-11,128.17,2019-11-01
IE,CP0411,I15,2019-11,132.2,2019-11-01
IS,CP0411,I15,2019-11,122.12,2019-11-01
IT,CP0411,I15,2019-11,101.3,2019-11-01
LT,CP0411,I15,2019-11,127.98,2019-11-01
LU,CP0411,I15,2019-11,105.36,2019-11-01
LV,CP0411,I15,2019-11,107.89,2019-11-01
ME,CP0411,I15,2019-11,100.65,2019-11-01
MK,CP0411,I15,2019-11,100.41,2019-11-01
MT,CP0411,I15,2019-11,116.82,2019-11-01
NL,CP0411,I15,2019-11,109.91,2019-11-01
NO,CP0411,I15,2019-11,108.1,2019-11-01
PL,CP0411,I15,2019-11,116.5,2019-11-01
PT,CP0411,I15,2019-11,109.35,2019-11-01
RO,CP0411,I15,2019-11,108.53,2019-11-01
RS,CP0411,I15,2019-11,107.1,2019-11-01
SE,CP0411,I15,2019-11,104.97,2019-11-01
SI,CP0411,I15,2019-11,118.68,2019-11-01
SK,CP0411,I15,2019-11,101.63,2019-11-01
XK,CP0411,I15,2019-11,97.48,2019-11-01
FR,CP0411,I96,2019-11,143.6,2019-11-01
LT,CP0411,I96,2019-11,779.8,2019-11-01
BE,CP0411,I05,2019-12,121.52,2019-12-01
FR,CP0411,I05,2019-12,121.22,2019-12-01
LT,CP0411,I05,2019-12,312.12,2019-12-01
SI,CP0411,I05,2019-12,128.69,2019-12-01
AL,CP0411,I15,2019-12,104.46,2019-12-01
AT,CP0411,I15,2019-12,116.0,2019-12-01
BE,CP0411,I15,2019-12,104.34,2019-12-01
BG,CP0411,I15,2019-12,107.2,2019-12-01
CH,CP0411,I15,2019-12,103.33,2019-12-01
CY,CP0411,I15,2019-12,107.21,2019-12-01
CZ,CP0411,I15,2019-12,111.8,2019-12-01
DE,CP0411,I15,2019-12,106.9,2019-12-01
DK,CP0411,I15,2019-12,105.6,2019-12-01
EA,CP0411,I15,2019-12,103.86,2019-12-01
EA19,CP0411,I15,2019-12,103.86,2019-12-01
EA20,CP0411,I15,2019-12,103.86,2019-12-01
EE,CP0411,I15,2019-12,132.29,2019-12-01
EEA,CP0411,I15,2019-12,103.77,2019-12-01
EL,CP0411,I15,2019-12,92.16,2019-12-01
ES,CP0411,I15,2019-12,104.07,2019-12-01
EU,CP0411,I15,2019-12,103.75,2019-12-01
EU27_2020,CP0411,I15,2019-12,104.16,2019-12-01
EU28,CP0411,I15,2019-12,103.75,2019-12-01
FI,CP0411,I15,2019-12,109.75,2019-12-01
FR,CP0411,I15,2019-12,100.95,2019-12-01
HR,CP0411,I15,2019-12,108.06,2019-12-01
HU,CP0411,I15,2019-12,129.25,2019-12-01
IE,CP0411,I15,2019-12,132.4,2019-12-01
IS,CP0411,I15,2019-12,121.75,2019-12-01
IT,CP0411,I15,2019-12,101.4,2019-12-01
LT,CP0411,I15,2019-12,127.53,2019-12-01
LU,CP0411,I15,2019-12,105.36,2019-12-01
LV,CP0411,I15,2019-12,106.57,2019-12-01
ME,CP0411,I15,2019-12,100.65,2019-12-01
MK,CP0411,I15,2019-12,100.41,2019-12-01
MT,CP0411,I15,2019-12,117.76,2019-12-01
NL,CP0411,I15,2019-12,109.91,2019-12-01
NO,CP0411,I15,2019-12,108.3,2019-12-01
PL,CP0411,I15,2019-12,116.5,2019-12-01
PT,CP0411,I15,2019-12,109.54,2019-12-01
RO,CP0411,I15,2019-12,108.62,2019-12-01
RS,CP0411,I15,2019-12,107.1,2019-12-01
SE,CP0411,I15,2019-12,104.97,2019-12-01
SI,CP0411,I15,2019-12,118.04,2019-12-01
SK,CP0411,I15,2019-12,101.63,2019-12-01
XK,CP0411,I15,2019-12,97.48,2019-12-01
FR,CP0411,I96,2019-12,143.6,2019-12-01
LT,CP0411,I96,2019-12,777.1,2019-12-01
BE,CP0411,I05,2020-01,123.94,2020-01-01
FR,CP0411,I05,2020-01,121.3,2020-01-01
LT,CP0411,I05,2020-01,312.75,2020-01-01
SI,CP0411,I05,2020-01,128.04,2020-01-01
AL,CP0411,I15,2020-01,106.48,2020-01-01
AT,CP0411,I15,2020-01,116.39,2020-01-01
BE,CP0411,I15,2020-01,106.42,2020-01-01
BG,CP0411,I15,2020-01,108.0,2020-01-01
CH,CP0411,I15,2020-01,103.42,2020-01-01
CY,CP0411,I15,2020-01,108.26,2020-01-01
CZ,CP0411,I15,2020-01,113.2,2020-01-01
DE,CP0411,I15,2020-01,107.1,2020-01-01
DK,CP0411,I15,2020-01,105.6,2020-01-01
EA,CP0411,I15,2020-01,104.07,2020-01-01
EA19,CP0411,I15,2020-01,104.07,2020-01-01
EA20,CP0411,I15,2020-01,104.07,2020-01-01
EE,CP0411,I15,2020-01,134.98,2020-01-01
EEA,CP0411,I15,2020-01,103.98,2020-01-01
EL,CP0411,I15,2020-01,92.16,2020-01-01
ES,CP0411,I15,2020-01,104.19,2020-01-01
EU,CP0411,I15,2020-01,103.96,2020-01-01
EU27_2020,CP0411,I15,2020-01,104.41,2020-01-01
EU28,CP0411,I15,2020-01,103.96,2020-01-01
FI,CP0411,I15,2020-01,109.88,2020-01-01
FR,CP0411,I15,2020-01,101.02,2020-01-01
HR,CP0411,I15,2020-01,108.65,2020-01-01
HU,CP0411,I15,2020-01,130.59,2020-01-01
IE,CP0411,I15,2020-01,132.4,2020-01-01
IS,CP0411,I15,2020-01,120.52,2020-01-01
IT,CP0411,I15,2020-01,101.4,2020-01-01
LT,CP0411,I15,2020-01,127.79,2020-01-01
LU,CP0411,I15,2020-01,105.48,2020-01-01
LV,CP0411,I15,2020-01,109.18,2020-01-01
ME,CP0411,I15,2020-01,100.65,2020-01-01
MK,CP0411,I15,2020-01,100.41,2020-01-01
MT,CP0411,I15,2020-01,116.8,2020-01-01
NL,CP0411,I15,2020-01,109.91,2020-01-01
NO,CP0411,I15,2020-01,108.6,2020-01-01
PL,CP0411,I15,2020-01,118.3,2020-01-01
PT,CP0411,I15,2020-01,109.9,2020-01-01
RO,CP0411,I15,2020-01,109.01,2020-01-01
RS,CP0411,I15,2020-01,107.2,2020-01-01
SE,CP0411,I15,2020-01,105.5,2020-01-01
SI,CP0411,I15,2020-01,117.44,2020-01-01
SK,CP0411,I15,2020-01,101.75,2020-01-01
XK,CP0411,I15,2020-01,97.5,2020-01-01
FR,CP0411,I96,2020-01,143.7,2020-01-01
LT,CP0411,I96,2020-01,778.7,2020-01-01
BE,CP0411,I05,2020-02,123.34,2020-02-01
FR,CP0411,I05,2020-02,121.3,2020-02-01
LT,CP0411,I05,2020-02,314.28,2020-02-01
SI,CP0411,I05,2020-02,130.66,2020-02-01
AL,CP0411,I15,2020-02,106.48,2020-02-01
AT,CP0411,I15,2020-02,116.78,2020-02-01
BE,CP0411,I15,2020-02,105.9,2020-02-01
BG,CP0411,I15,2020-02,108.95,2020-02-01
CH,CP0411,I15,2020-02,103.46,2020-02-01
CY,CP0411,I15,2020-02,108.39,2020-02-01
CZ,CP0411,I15,2020-02,113.7,2020-02-01
DE,CP0411,I15,2020-02,107.2,2020-02-01
DK,CP0411,I15,2020-02,106.6,2020-02-01
EA,CP0411,I15,2020-02,104.12,2020-02-01
EA19,CP0411,I15,2020-02,104.12,2020-02-01
EA20,CP0411,I15,2020-02,104.13,2020-02-01
EE,CP0411,I15,2020-02,134.41,2020-02-01
EEA,CP0411,I15,2020-02,104.09,2020-02-01
EL,CP0411,I15,2020-02,92.16,2020-02-01
ES,CP0411,I15,2020-02,104.32,2020-02-01
EU,CP0411,I15,2020-02,104.06,2020-02-01
EU27_2020,CP0411,I15,2020-02,104.52,2020-02-01
FI,CP0411,I15,2020-02,109.76,2020-02-01
FR,CP0411,I15,2020-02,101.02,2020-02-01
HR,CP0411,I15,2020-02,108.72,2020-02-01
HU,CP0411,I15,2020-02,132.29,2020-02-01
IE,CP0411,I15,2020-02,132.7,2020-02-01
IS,CP0411,I15,2020-02,122.7,2020-02-01
IT,CP0411,I15,2020-02,101.4,2020-02-01
LT,CP0411,I15,2020-02,128.42,2020-02-01
LU,CP0411,I15,2020-02,105.65,2020-02-01
LV,CP0411,I15,2020-02,109.91,2020-02-01
ME,CP0411,I15,2020-02,100.65,2020-02-01
MK,CP0411,I15,2020-02,100.41,2020-02-01
MT,CP0411,I15,2020-02,117.88,2020-02-01
NL,CP0411,I15,2020-02,109.91,2020-02-01
NO,CP0411,I15,2020-02,108.6,2020-02-01
PL,CP0411,I15,2020-02,119.6,2020-02-01
PT,CP0411,I15,2020-02,110.16,2020-02-01
RO,CP0411,I15,2020-02,109.24,2020-02-01
RS,CP0411,I15,2020-02,107.2,2020-02-01
SE,CP0411,I15,2020-02,105.63,2020-02-01
SI,CP0411,I15,2020-02,119.84,2020-02-01
SK,CP0411,I15,2020-02,101.79,2020-02-01
XK,CP0411,I15,2020-02,97.5,2020-02-01
FR,CP0411,I96,2020-02,143.7,2020-02-01
LT,CP0411,I96,2020-02,782.5,2020-02-01
BE,CP0411,I05,2020-03,123.9,2020-03-01
FR,CP0411,I05,2020-03,121.36,2020-03-01
LT,CP0411,I05,2020-03,315.18,2020-03-01
SI,CP0411,I05,2020-03,131.7,2020-03-01
AL,CP0411,I15,2020-03,106.74,2020-03-01
AT,CP0411,I15,2020-03,116.97,2020-03-01
BE,CP0411,I15,2020-03,106.38,2020-03-01
BG,CP0411,I15,2020-03,109.05,2020-03-01
CH,CP0411,I15,2020-03,103.55,2020-03-01
CY,CP0411,I15,2020-03,108.39,2020-03-01
CZ,CP0411,I15,2020-03,113.7,2020-03-01
DE,CP0411,I15,2020-03,107.4,2020-03-01
DK,CP0411,I15,2020-03,106.6,2020-03-01
EA,CP0411,I15,2020-03,104.23,2020-03-01
EA19,CP0411,I15,2020-03,104.23,2020-03-01
EA20,CP0411,I15,2020-03,104.23,2020-03-01
EE,CP0411,I15,2020-03,135.27,2020-03-01
EEA,CP0411,I15,2020-03,104.2,2020-03-01
EL,CP0411,I15,2020-03,92.16,2020-03-01
ES,CP0411,I15,2020-03,104.38,2020-03-01
EU,CP0411,I15,2020-03,104.17,2020-03-01
EU27_2020,CP0411,I15,2020-03,104.63,2020-03-01
FI,CP0411,I15,2020-03,109.96,2020-03-01
FR,CP0411,I15,2020-03,101.06,2020-03-01
HR,CP0411,I15,2020-03,108.86,2020-03-01
HU,CP0411,I15,2020-03,132.42,2020-03-01
IE,CP0411,I15,2020-03,132.4,2020-03-01
IS,CP0411,I15,2020-03,123.34,2020-03-01
IT,CP0411,I15,2020-03,101.4,2020-03-01
LT,CP0411,I15,2020-03,128.78,2020-03-01
LU,CP0411,I15,2020-03,105.65,2020-03-01
LV,CP0411,I15,2020-03,108.9,2020-03-01
ME,CP0411,I15,2020-03,100.09,2020-03-01
MK,CP0411,I15,2020-03,100.41,2020-03-01
MT,CP0411,I15,2020-03,118.18,2020-03-01
NL,CP0411,I15,2020-03,109.91,2020-03-01
NO,CP0411,I15,2020-03,108.8,2020-03-01
PL,CP0411,I15,2020-03,119.9,2020-03-01
PT,CP0411,I15,2020-03,110.48,2020-03-01
RO,CP0411,I15,2020-03,109.48,2020-03-01
RS,CP0411,I15,2020-03,107.3,2020-03-01
SE,CP0411,I15,2020-03,105.84,2020-03-01
SI,CP0411,I15,2020-03,120.8,2020-03-01
SK,CP0411,I15,2020-03,101.87,2020-03-01
XK,CP0411,I15,2020-03,97.5,2020-03-01
FR,CP0411,I96,2020-03,143.8,2020-03-01
LT,CP0411,I96,2020-03,784.7,2020-03-01
BE,CP0411,I05,2020-04,124.3,2020-04-01
FR,CP0411,I05,2020-04,121.34,2020-04-01
LT,CP0411,I05,2020-04,314.72,2020-04-01
SI,CP0411,I05,2020-04,126.71,2020-04-01
AL,CP0411,I15,2020-04,106.74,2020-04-01
AT,CP0411,I15,2020-04,117.36,2020-04-01
BE,CP0411,I15,2020-04,106.73,2020-04-01
BG,CP0411,I15,2020-04,109.16,2020-04-01
CH,CP0411,I15,2020-04,103.65,2020-04-01
CY,CP0411,I15,2020-04,108.39,2020-04-01
CZ,CP0411,I15,2020-04,113.9,2020-04-01
DE,CP0411,I15,2020-04,107.5,2020-04-01
DK,CP0411,I15,2020-04,106.6,2020-04-01
EA,CP0411,I15,2020-04,104.27,2020-04-01
EA19,CP0411,I15,2020-04,104.27,2020-04-01
EA20,CP0411,I15,2020-04,104.28,2020-04-01
EE,CP0411,I15,2020-04,124.57,2020-04-01
EEA,CP0411,I15,2020-04,104.25,2020-04-01
EL,CP0411,I15,2020-04,92.16,2020-04-01
ES,CP0411,I15,2020-04,104.41,2020-04-01
EU,CP0411,I15,2020-04,104.23,2020-04-01
EU27_2020,CP0411,I15,2020-04,104.68,2020-04-01
FI,CP0411,I15,2020-04,110.32,2020-04-01
FR,CP0411,I15,2020-04,101.05,2020-04-01
HR,CP0411,I15,2020-04,108.92,2020-04-01
HU,CP0411,I15,2020-04,129.28,2020-04-01
IE,CP0411,I15,2020-04,130.4,2020-04-01
IS,CP0411,I15,2020-04,123.31,2020-04-01
IT,CP0411,I15,2020-04,101.4,2020-04-01
LT,CP0411,I15,2020-04,128.6,2020-04-01
LU,CP0411,I15,2020-04,105.73,2020-04-01
LV,CP0411,I15,2020-04,101.15,2020-04-01
ME,CP0411,I15,2020-04,100.2,2020-04-01
MK,CP0411,I15,2020-04,100.41,2020-04-01
MT,CP0411,I15,2020-04,117.49,2020-04-01
NL,CP0411,I15,2020-04,109.91,2020-04-01
NO,CP0411,I15,2020-04,108.7,2020-04-01
PL,CP0411,I15,2020-04,119.9,2020-04-01
PT,CP0411,I15,2020-04,110.6,2020-04-01
RO,CP0411,I15,2020-04,109.49,2020-04-01
RS,CP0411,I15,2020-04,107.2,2020-04-01
SE,CP0411,I15,2020-04,106.4,2020-04-01
SI,CP0411,I15,2020-04,116.22,2020-04-01
SK,CP0411,I15,2020-04,101.93,2020-04-01
XK,CP0411,I15,2020-04,97.5,2020-04-01
FR,CP0411,I96,2020-04,143.8,2020-04-01
LT,CP0411,I96,2020-04,783.5,2020-04-01
BE,CP0411,I05,2020-05,124.24,2020-05-01
FR,CP0411,I05,2020-05,121.23,2020-05-01
LT,CP0411,I05,2020-05,314.69,2020-05-01
SI,CP0411,I05,2020-05,127.78,2020-05-01
AL,CP0411,I15,2020-05,106.67,2020-05-01
AT,CP0411,I15,2020-05,118.14,2020-05-01
BE,CP0411,I15,2020-05,106.68,2020-05-01
BG,CP0411,I15,2020-05,109.37,2020-05-01
CH,CP0411,I15,2020-05,103.65,2020-05-01
CY,CP0411,I15,2020-05,108.67,2020-05-01
CZ,CP0411,I15,2020-05,113.8,2020-05-01
DE,CP0411,I15,2020-05,107.6,2020-05-01
DK,CP0411,I15,2020-05,106.6,2020-05-01
EA,CP0411,I15,2020-05,104.28,2020-05-01
EA19,CP0411,I15,2020-05,104.28,2020-05-01
EA20,CP0411,I15,2020-05,104.29,2020-05-01
EE,CP0411,I15,2020-05,118.48,2020-05-01
EEA,CP0411,I15,2020-05,104.25,2020-05-01
EL,CP0411,I15,2020-05,92.16,2020-05-01
ES,CP0411,I15,2020-05,104.45,2020-05-01
EU,CP0411,I15,2020-05,104.23,2020-05-01
EU27_2020,CP0411,I15,2020-05,104.69,2020-05-01
FI,CP0411,I15,2020-05,110.37,2020-05-01
FR,CP0411,I15,2020-05,100.95,2020-05-01
HR,CP0411,I15,2020-05,109.55,2020-05-01
HU,CP0411,I15,2020-05,128.75,2020-05-01
IE,CP0411,I15,2020-05,129.2,2020-05-01
IS,CP0411,I15,2020-05,124.48,2020-05-01
IT,CP0411,I15,2020-05,101.4,2020-05-01
LT,CP0411,I15,2020-05,128.58,2020-05-01
LU,CP0411,I15,2020-05,105.76,2020-05-01
LV,CP0411,I15,2020-05,99.95,2020-05-01
ME,CP0411,I15,2020-05,100.2,2020-05-01
MK,CP0411,I15,2020-05,100.41,2020-05-01
MT,CP0411,I15,2020-05,117.43,2020-05-01
NL,CP0411,I15,2020-05,109.91,2020-05-01
NO,CP0411,I15,2020-05,108.5,2020-05-01
PL,CP0411,I15,2020-05,119.7,2020-05-01
PT,CP0411,I15,2020-05,110.39,2020-05-01
RO,CP0411,I15,2020-05,109.48,2020-05-01
RS,CP0411,I15,2020-05,107.2,2020-05-01
SE,CP0411,I15,2020-05,106.53,2020-05-01
SI,CP0411,I15,2020-05,117.2,2020-05-01
SK,CP0411,I15,2020-05,103.19,2020-05-01
XK,CP0411,I15,2020-05,97.5,2020-05-01
FR,CP0411,I96,2020-05,143.6,2020-05-01
LT,CP0411,I96,2020-05,783.5,2020-05-01
BE,CP0411,I05,2020-06,124.39,2020-06-01
FR,CP0411,I05,2020-06,121.26,2020-06-01
LT,CP0411,I05,2020-06,315.15,2020-06-01
SI,CP0411,I05,2020-06,124.05,2020-06-01
AL,CP0411,I15,2020-06,106.64,2020-06-01
AT,CP0411,I15,2020-06,119.12,2020-06-01
BE,CP0411,I15,2020-06,106.8,2020-06-01
BG,CP0411,I15,2020-06,109.37,2020-06-01
CH,CP0411,I15,2020-06,103.73,2020-06-01
CY,CP0411,I15,2020-06,108.67,2020-06-01
CZ,CP0411,I15,2020-06,113.8,2020-06-01
DE,CP0411,I15,2020-06,107.7,2020-06-01
DK,CP0411,I15,2020-06,106.6,2020-06-01
EA,CP0411,I15,2020-06,104.37,2020-06-01
EA19,CP0411,I15,2020-06,104.37,2020-06-01
EA20,CP0411,I15,2020-06,104.37,2020-06-01
EE,CP0411,I15,2020-06,118.57,2020-06-01
EEA,CP0411,I15,2020-06,104.34,2020-06-01
EL,CP0411,I15,2020-06,92.16,2020-06-01
ES,CP0411,I15,2020-06,104.55,2020-06-01
EU,CP0411,I15,2020-06,104.32,2020-06-01
EU27_2020,CP0411,I15,2020-06,104.77,2020-06-01
FI,CP0411,I15,2020-06,110.39,2020-06-01
FR,CP0411,I15,2020-06,100.98,2020-06-01
HR,CP0411,I15,2020-06,108.01,2020-06-01
HU,CP0411,I15,2020-06,129.66,2020-06-01
IE,CP0411,I15,2020-06,129.0,2020-06-01
IS,CP0411,I15,2020-06,124.7,2020-06-01
IT,CP0411,I15,2020-06,101.4,2020-06-01
LT,CP0411,I15,2020-06,128.77,2020-06-01
LU,CP0411,I15,2020-06,105.79,2020-06-01
LV,CP0411,I15,2020-06,100.91,2020-06-01
ME,CP0411,I15,2020-06,100.2,2020-06-01
MK,CP0411,I15,2020-06,100.41,2020-06-01
MT,CP0411,I15,2020-06,117.55,2020-06-01
NL,CP0411,I15,2020-06,109.91,2020-06-01
NO,CP0411,I15,2020-06,108.7,2020-06-01
PL,CP0411,I15,2020-06,119.9,2020-06-01
PT,CP0411,I15,2020-06,110.36,2020-06-01
RO,CP0411,I15,2020-06,109.92,2020-06-01
RS,CP0411,I15,2020-06,107.2,2020-06-01
SE,CP0411,I15,2020-06,106.65,2020-06-01
SI,CP0411,I15,2020-06,113.79,2020-06-01
SK,CP0411,I15,2020-06,103.57,2020-06-01
XK,CP0411,I15,2020-06,97.5,2020-06-01
FR,CP0411,I96,2020-06,143.7,2020-06-01
LT,CP0411,I96,2020-06,784.6,2020-06-01
BE,CP0411,I05,2020-07,123.88,2020-07-01
FR,CP0411,I05,2020-07,121.29,2020-07-01
LT,CP0411,I05,2020-07,315.97,2020-07-01
SI,CP0411,I05,2020-07,124.3,2020-07-01
AL,CP0411,I15,2020-07,106.6,2020-07-01
AT,CP0411,I15,2020-07,119.9,2020-07-01
BE,CP0411,I15,2020-07,106.37,2020-07-01
BG,CP0411,I15,2020-07,109.53,2020-07-01
CH,CP0411,I15,2020-07,103.81,2020-07-01
CY,CP0411,I15,2020-07,109.01,2020-07-01
CZ,CP0411,I15,2020-07,114.1,2020-07-01
DE,CP0411,I15,2020-07,107.8,2020-07-01
DK,CP0411,I15,2020-07,106.6,2020-07-01
EA,CP0411,I15,2020-07,104.66,2020-07-01
EA19,CP0411,I15,2020-07,104.66,2020-07-01
EA20,CP0411,I15,2020-07,104.66,2020-07-01
EE,CP0411,I15,2020-07,119.57,2020-07-01
EEA,CP0411,I15,2020-07,104.62,2020-07-01
EL,CP0411,I15,2020-07,92.16,2020-07-01
ES,CP0411,I15,2020-07,104.68,2020-07-01
EU,CP0411,I15,2020-07,104.6,2020-07-01
EU27_2020,CP0411,I15,2020-07,105.05,2020-07-01
FI,CP0411,I15,2020-07,110.51,2020-07-01
FR,CP0411,I15,2020-07,101.01,2020-07-01
HR,CP0411,I15,2020-07,107.81,2020-07-01
HU,CP0411,I15,2020-07,129.13,2020-07-01
IE,CP0411,I15,2020-07,129.2,2020-07-01
IS,CP0411,I15,2020-07,125.04,2020-07-01
IT,CP0411,I15,2020-07,101.4,2020-07-01
LT,CP0411,I15,2020-07,129.1,2020-07-01
LU,CP0411,I15,2020-07,105.87,2020-07-01
LV,CP0411,I15,2020-07,103.36,2020-07-01
ME,CP0411,I15,2020-07,100.2,2020-07-01
MK,CP0411,I15,2020-07,100.41,2020-07-01
MT,CP0411,I15,2020-07,118.04,2020-07-01
NL,CP0411,I15,2020-07,113.08,2020-07-01
NO,CP0411,I15,2020-07,108.7,2020-07-01
PL,CP0411,I15,2020-07,120.2,2020-07-01
PT,CP0411,I15,2020-07,110.6,2020-07-01
RO,CP0411,I15,2020-07,110.14,2020-07-01
RS,CP0411,I15,2020-07,107.2,2020-07-01
SE,CP0411,I15,2020-07,106.82,2020-07-01
SI,CP0411,I15,2020-07,114.01,2020-07-01
SK,CP0411,I15,2020-07,103.57,2020-07-01
XK,CP0411,I15,2020-07,97.5,2020-07-01
FR,CP0411,I96,2020-07,143.7,2020-07-01
LT,CP0411,I96,2020-07,786.6,2020-07-01
BE,CP0411,I05,2020-08,124.01,2020-08-01
FR,CP0411,I05,2020-08,121.32,2020-08-01
LT,CP0411,I05,2020-08,316.9,2020-08-01
SI,CP0411,I05,2020-08,124.83,2020-08-01
AL,CP0411,I15,2020-08,106.6,2020-08-01
AT,CP0411,I15,2020-08,120.49,2020-08-01
BE,CP0411,I15,2020-08,106.48,2020-08-01
BG,CP0411,I15,2020-08,109.53,2020-08-01
CH,CP0411,I15,2020-08,103.57,2020-08-01
CY,CP0411,I15,2020-08,109.01,2020-08-01
CZ,CP0411,I15,2020-08,114.2,2020-08-01
DE,CP0411,I15,2020-08,107.9,2020-08-01
DK,CP0411,I15,2020-08,106.6,2020-08-01
EA,CP0411,I15,2020-08,104.74,2020-08-01
EA19,CP0411,I15,2020-08,104.74,2020-08-01
EA20,CP0411,I15,2020-08,104.74,2020-08-01
EE,CP0411,I15,2020-08,119.25,2020-08-01
EEA,CP0411,I15,2020-08,104.7,2020-08-01
EL,CP0411,I15,2020-08,92.16,2020-08-01
ES,CP0411,I15,2020-08,104.74,2020-08-01
EU,CP0411,I15,2020-08,104.68,2020-08-01
EU27_2020,CP0411,I15,2020-08,105.14,2020-08-01
FI,CP0411,I15,2020-08,110.57,2020-08-01
FR,CP0411,I15,2020-08,101.03,2020-08-01
HR,CP0411,I15,2020-08,107.87,2020-08-01
HU,CP0411,I15,2020-08,130.59,2020-08-01
IE,CP0411,I15,2020-08,129.4,2020-08-01
IS,CP0411,I15,2020-08,125.66,2020-08-01
IT,CP0411,I15,2020-08,101.4,2020-08-01
LT,CP0411,I15,2020-08,129.49,2020-08-01
LU,CP0411,I15,2020-08,105.89,2020-08-01
LV,CP0411,I15,2020-08,105.34,2020-08-01
ME,CP0411,I15,2020-08,100.2,2020-08-01
MK,CP0411,I15,2020-08,100.47,2020-08-01
MT,CP0411,I15,2020-08,117.36,2020-08-01
NL,CP0411,I15,2020-08,113.08,2020-08-01
NO,CP0411,I15,2020-08,109.1,2020-08-01
PL,CP0411,I15,2020-08,120.6,2020-08-01
PT,CP0411,I15,2020-08,110.89,2020-08-01
RO,CP0411,I15,2020-08,110.39,2020-08-01
RS,CP0411,I15,2020-08,107.8,2020-08-01
SE,CP0411,I15,2020-08,106.84,2020-08-01
SI,CP0411,I15,2020-08,114.5,2020-08-01
SK,CP0411,I15,2020-08,103.57,2020-08-01
XK,CP0411,I15,2020-08,97.5,2020-08-01
FR,CP0411,I96,2020-08,143.8,2020-08-01
LT,CP0411,I96,2020-08,789.0,2020-08-01
BE,CP0411,I05,2020-09,124.41,2020-09-01
FR,CP0411,I05,2020-09,121.36,2020-09-01
LT,CP0411,I05,2020-09,318.8,2020-09-01
SI,CP0411,I05,2020-09,125.35,2020-09-01
AL,CP0411,I15,2020-09,106.61,2020-09-01
AT,CP0411,I15,2020-09,121.07,2020-09-01
BE,CP0411,I15,2020-09,106.82,2020-09-01
BG,CP0411,I15,2020-09,109.67,2020-09-01
CH,CP0411,I15,2020-09,103.65,2020-09-01
CY,CP0411,I15,2020-09,109.01,2020-09-01
CZ,CP0411,I15,2020-09,113.7,2020-09-01
DE,CP0411,I15,2020-09,107.9,2020-09-01
DK,CP0411,I15,2020-09,106.6,2020-09-01
EA,CP0411,I15,2020-09,104.83,2020-09-01
EA19,CP0411,I15,2020-09,104.83,2020-09-01
EA20,CP0411,I15,2020-09,104.83,2020-09-01
EE,CP0411,I15,2020-09,124.1,2020-09-01
EEA,CP0411,I15,2020-09,104.79,2020-09-01
EL,CP0411,I15,2020-09,92.16,2020-09-01
ES,CP0411,I15,2020-09,104.82,2020-09-01
EU,CP0411,I15,2020-09,104.76,2020-09-01
EU27_2020,CP0411,I15,2020-09,105.22,2020-09-01
FI,CP0411,I15,2020-09,110.65,2020-09-01
FR,CP0411,I15,2020-09,101.07,2020-09-01
HR,CP0411,I15,2020-09,108.05,2020-09-01
HU,CP0411,I15,2020-09,129.14,2020-09-01
IE,CP0411,I15,2020-09,129.6,2020-09-01
IS,CP0411,I15,2020-09,125.84,2020-09-01
IT,CP0411,I15,2020-09,101.4,2020-09-01
LT,CP0411,I15,2020-09,130.26,2020-09-01
LU,CP0411,I15,2020-09,105.97,2020-09-01
LV,CP0411,I15,2020-09,106.06,2020-09-01
ME,CP0411,I15,2020-09,100.2,2020-09-01
MK,CP0411,I15,2020-09,100.47,2020-09-01
MT,CP0411,I15,2020-09,118.46,2020-09-01
NL,CP0411,I15,2020-09,113.08,2020-09-01
NO,CP0411,I15,2020-09,109.3,2020-09-01
PL,CP0411,I15,2020-09,121.3,2020-09-01
PT,CP0411,I15,2020-09,111.16,2020-09-01
RO,CP0411,I15,2020-09,110.59,2020-09-01
RS,CP0411,I15,2020-09,107.8,2020-09-01
SE,CP0411,I15,2020-09,106.9,2020-09-01
SI,CP0411,I15,2020-09,114.97,2020-09-01
SK,CP0411,I15,2020-09,103.57,2020-09-01
XK,CP0411,I15,2020-09,97.5,2020-09-01
FR,CP0411,I96,2020-09,143.8,2020-09-01
LT,CP0411,I96,2020-09,793.7,2020-09-01
BE,CP0411,I05,2020-10,124.88,2020-10-01
FR,CP0411,I05,2020-10,121.44,2020-10-01
LT,CP0411,I05,2020-10,320.24,2020-10-01
SI,CP0411,I05,2020-10,124.38,2020-10-01
AL,CP0411,I15,2020-10,106.77,2020-10-01
AT,CP0411,I15,2020-10,121.66,2020-10-01
BE,CP0411,I15,2020-10,107.23,2020-10-01
BG,CP0411,I15,2020-10,109.72,2020-10-01
CH,CP0411,I15,2020-10,103.73,2020-10-01
CY,CP0411,I15,2020-10,109.01,2020-10-01
CZ,CP0411,I15,2020-10,113.8,2020-10-01
DE,CP0411,I15,2020-10,108.1,2020-10-01
DK,CP0411,I15,2020-10,106.6,2020-10-01
EA,CP0411,I15,2020-10,104.93,2020-10-01
EA19,CP0411,I15,2020-10,104.93,2020-10-01
EA20,CP0411,I15,2020-10,104.94,2020-10-01
EE,CP0411,I15,2020-10,125.58,2020-10-01
EEA,CP0411,I15,2020-10,104.89,2020-10-01
EL,CP0411,I15,2020-10,92.16,2020-10-01
ES,CP0411,I15,2020-10,104.84,2020-10-01
EU,CP0411,I15,2020-10,104.87,2020-10-01
EU27_2020,CP0411,I15,2020-10,105.32,2020-10-01
FI,CP0411,I15,2020-10,110.75,2020-10-01
FR,CP0411,I15,2020-10,101.13,2020-10-01
HR,CP0411,I15,2020-10,108.28,2020-10-01
HU,CP0411,I15,2020-10,129.0,2020-10-01
IE,CP0411,I15,2020-10,129.0,2020-10-01
IS,CP0411,I15,2020-10,126.38,2020-10-01
IT,CP0411,I15,2020-10,101.4,2020-10-01
LT,CP0411,I15,2020-10,130.85,2020-10-01
LU,CP0411,I15,2020-10,106.06,2020-10-01
LV,CP0411,I15,2020-10,104.84,2020-10-01
ME,CP0411,I15,2020-10,100.2,2020-10-01
MK,CP0411,I15,2020-10,100.47,2020-10-01
MT,CP0411,I15,2020-10,116.37,2020-10-01
NL,CP0411,I15,2020-10,113.15,2020-10-01
NO,CP0411,I15,2020-10,109.3,2020-10-01
PL,CP0411,I15,2020-10,121.5,2020-10-01
PT,CP0411,I15,2020-10,111.39,2020-10-01
RO,CP0411,I15,2020-10,111.13,2020-10-01
RS,CP0411,I15,2020-10,107.8,2020-10-01
SE,CP0411,I15,2020-10,106.92,2020-10-01
SI,CP0411,I15,2020-10,114.09,2020-10-01
SK,CP0411,I15,2020-10,103.57,2020-10-01
XK,CP0411,I15,2020-10,97.5,2020-10-01
FR,CP0411,I96,2020-10,143.9,2020-10-01
LT,CP0411,I96,2020-10,797.3,2020-10-01
BE,CP0411,I05,2020-11,124.88,2020-11-01
FR,CP0411,I05,2020-11,121.48,2020-11-01
LT,CP0411,I05,2020-11,321.56,2020-11-01
SI,CP0411,I05,2020-11,123.79,2020-11-01
AL,CP0411,I15,2020-11,106.66,2020-11-01
AT,CP0411,I15,2020-11,122.05,2020-11-01
BE,CP0411,I15,2020-11,107.22,2020-11-01
BG,CP0411,I15,2020-11,109.79,2020-11-01
CH,CP0411,I15,2020-11,103.67,2020-11-01
CY,CP0411,I15,2020-11,109.63,2020-11-01
CZ,CP0411,I15,2020-11,113.9,2020-11-01
DE,CP0411,I15,2020-11,108.2,2020-11-01
DK,CP0411,I15,2020-11,106.6,2020-11-01
EA,CP0411,I15,2020-11,105.01,2020-11-01
EA19,CP0411,I15,2020-11,105.01,2020-11-01
EA20,CP0411,I15,2020-11,105.01,2020-11-01
EE,CP0411,I15,2020-11,124.02,2020-11-01
EEA,CP0411,I15,2020-11,104.95,2020-11-01
EL,CP0411,I15,2020-11,92.16,2020-11-01
ES,CP0411,I15,2020-11,104.92,2020-11-01
EU,CP0411,I15,2020-11,104.93,2020-11-01
EU27_2020,CP0411,I15,2020-11,105.38,2020-11-01
FI,CP0411,I15,2020-11,110.76,2020-11-01
FR,CP0411,I15,2020-11,101.16,2020-11-01
HR,CP0411,I15,2020-11,108.26,2020-11-01
HU,CP0411,I15,2020-11,128.76,2020-11-01
IE,CP0411,I15,2020-11,129.0,2020-11-01
IS,CP0411,I15,2020-11,126.53,2020-11-01
IT,CP0411,I15,2020-11,101.4,2020-11-01
LT,CP0411,I15,2020-11,131.39,2020-11-01
LU,CP0411,I15,2020-11,106.2,2020-11-01
LV,CP0411,I15,2020-11,103.98,2020-11-01
ME,CP0411,I15,2020-11,100.2,2020-11-01
MK,CP0411,I15,2020-11,100.47,2020-11-01
MT,CP0411,I15,2020-11,116.75,2020-11-01
NL,CP0411,I15,2020-11,113.15,2020-11-01
NO,CP0411,I15,2020-11,109.5,2020-11-01
PL,CP0411,I15,2020-11,121.2,2020-11-01
PT,CP0411,I15,2020-11,111.55,2020-11-01
RO,CP0411,I15,2020-11,111.31,2020-11-01
RS,CP0411,I15,2020-11,107.8,2020-11-01
SE,CP0411,I15,2020-11,106.92,2020-11-01
SI,CP0411,I15,2020-11,113.55,2020-11-01
SK,CP0411,I15,2020-11,103.57,2020-11-01
XK,CP0411,I15,2020-11,97.5,2020-11-01
FR,CP0411,I96,2020-11,143.9,2020-11-01
LT,CP0411,I96,2020-11,800.6,2020-11-01
BE,CP0411,I05,2020-12,125.86,2020-12-01
FR,CP0411,I05,2020-12,121.51,2020-12-01
LT,CP0411,I05,2020-12,320.48,2020-12-01
SI,CP0411,I05,2020-12,123.39,2020-12-01
AL,CP0411,I15,2020-12,106.72,2020-12-01
AT,CP0411,I15,2020-12,122.44,2020-12-01
BE,CP0411,I15,2020-12,108.07,2020-12-01
BG,CP0411,I15,2020-12,109.84,2020-12-01
CH,CP0411,I15,2020-12,103.73,2020-12-01
CY,CP0411,I15,2020-12,109.63,2020-12-01
CZ,CP0411,I15,2020-12,114.0,2020-12-01
DE,CP0411,I15,2020-12,108.3,2020-12-01
DK,CP0411,I15,2020-12,106.6,2020-12-01
EA,CP0411,I15,2020-12,105.09,2020-12-01
EA19,CP0411,I15,2020-12,105.09,2020-12-01
EA20,CP0411,I15,2020-12,105.09,2020-12-01
EE,CP0411,I15,2020-12,123.85,2020-12-01
EEA,CP0411,I15,2020-12,105.03,2020-12-01
EL,CP0411,I15,2020-12,92.16,2020-12-01
ES,CP0411,I15,2020-12,104.94,2020-12-01
EU,CP0411,I15,2020-12,105.01,2020-12-01
EU27_2020,CP0411,I15,2020-12,105.46,2020-12-01
FI,CP0411,I15,2020-12,110.73,2020-12-01
FR,CP0411,I15,2020-12,101.19,2020-12-01
HR,CP0411,I15,2020-12,107.84,2020-12-01
HU,CP0411,I15,2020-12,129.51,2020-12-01
IE,CP0411,I15,2020-12,129.4,2020-12-01
IS,CP0411,I15,2020-12,126.75,2020-12-01
IT,CP0411,I15,2020-12,101.4,2020-12-01
LT,CP0411,I15,2020-12,130.95,2020-12-01
LU,CP0411,I15,2020-12,106.22,2020-12-01
LV,CP0411,I15,2020-12,104.14,2020-12-01
ME,CP0411,I15,2020-12,100.2,2020-12-01
MK,CP0411,I15,2020-12,101.0,2020-12-01
MT,CP0411,I15,2020-12,118.0,2020-12-01
NL,CP0411,I15,2020-12,113.15,2020-12-01
NO,CP0411,I15,2020-12,109.7,2020-12-01
PL,CP0411,I15,2020-12,121.1,2020-12-01
PT,CP0411,I15,2020-12,111.65,2020-12-01
RO,CP0411,I15,2020-12,111.34,2020-12-01
RS,CP0411,I15,2020-12,107.8,2020-12-01
SE,CP0411,I15,2020-12,106.92,2020-12-01
SI,CP0411,I15,2020-12,113.18,2020-12-01
SK,CP0411,I15,2020-12,103.57,2020-12-01
XK,CP0411,I15,2020-12,97.5,2020-12-01
FR,CP0411,I96,2020-12,144.0,2020-12-01
LT,CP0411,I96,2020-12,797.9,2020-12-01
BE,CP0411,I05,2021-01,125.59,2021-01-01
FR,CP0411,I05,2021-01,121.56,2021-01-01
LT,CP0411,I05,2021-01,320.22,2021-01-01
SI,CP0411,I05,2021-01,123.55,2021-01-01
AL,CP0411,I15,2021-01,106.91,2021-01-01
AT,CP0411,I15,2021-01,122.84,2021-01-01
BE,CP0411,I15,2021-01,107.84,2021-01-01
BG,CP0411,I15,2021-01,110.47,2021-01-01
CH,CP0411,I15,2021-01,103.79,2021-01-01
CY,CP0411,I15,2021-01,109.63,2021-01-01
CZ,CP0411,I15,2021-01,114.7,2021-01-01
DE,CP0411,I15,2021-01,108.5,2021-01-01
DK,CP0411,I15,2021-01,106.6,2021-01-01
EA,CP0411,I15,2021-01,105.19,2021-01-01
EA19,CP0411,I15,2021-01,105.19,2021-01-01
EA20,CP0411,I15,2021-01,105.19,2021-01-01
EE,CP0411,I15,2021-01,123.31,2021-01-01
EEA,CP0411,I15,2021-01,105.15,2021-01-01
EL,CP0411,I15,2021-01,92.16,2021-01-01
ES,CP0411,I15,2021-01,105.0,2021-01-01
EU,CP0411,I15,2021-01,105.13,2021-01-01
EU27_2020,CP0411,I15,2021-01,105.58,2021-01-01
FI,CP0411,I15,2021-01,110.79,2021-01-01
FR,CP0411,I15,2021-01,101.23,2021-01-01
HR,CP0411,I15,2021-01,109.03,2021-01-01
HU,CP0411,I15,2021-01,129.49,2021-01-01
IE,CP0411,I15,2021-01,129.8,2021-01-01
IS,CP0411,I15,2021-01,126.82,2021-01-01
IT,CP0411,I15,2021-01,101.4,2021-01-01
LT,CP0411,I15,2021-01,130.84,2021-01-01
LU,CP0411,I15,2021-01,106.33,2021-01-01
LV,CP0411,I15,2021-01,105.33,2021-01-01
ME,CP0411,I15,2021-01,100.2,2021-01-01
MK,CP0411,I15,2021-01,100.65,2021-01-01
MT,CP0411,I15,2021-01,116.35,2021-01-01
NL,CP0411,I15,2021-01,113.15,2021-01-01
NO,CP0411,I15,2021-01,109.8,2021-01-01
PL,CP0411,I15,2021-01,122.1,2021-01-01
PT,CP0411,I15,2021-01,111.88,2021-01-01
RO,CP0411,I15,2021-01,111.53,2021-01-01
RS,CP0411,I15,2021-01,107.8,2021-01-01
SE,CP0411,I15,2021-01,107.07,2021-01-01
SI,CP0411,I15,2021-01,113.33,2021-01-01
SK,CP0411,I15,2021-01,103.57,2021-01-01
XK,CP0411,I15,2021-01,97.5,2021-01-01
FR,CP0411,I96,2021-01,144.0,2021-01-01
LT,CP0411,I96,2021-01,797.2,2021-01-01
BE,CP0411,I05,2021-02,125.81,2021-02-01
FR,CP0411,I05,2021-02,122.36,2021-02-01
LT,CP0411,I05,2021-02,320.47,2021-02-01
SI,CP0411,I05,2021-02,123.42,2021-02-01
AL,CP0411,I15,2021-02,106.81,2021-02-01
AT,CP0411,I15,2021-02,123.07,2021-02-01
BE,CP0411,I15,2021-02,108.02,2021-02-01
BG,CP0411,I15,2021-02,110.55,2021-02-01
CH,CP0411,I15,2021-02,104.03,2021-02-01
CY,CP0411,I15,2021-02,109.63,2021-02-01
CZ,CP0411,I15,2021-02,115.0,2021-02-01
DE,CP0411,I15,2021-02,108.6,2021-02-01
DK,CP0411,I15,2021-02,108.0,2021-02-01
EA,CP0411,I15,2021-02,105.41,2021-02-01
EA19,CP0411,I15,2021-02,105.41,2021-02-01
EA20,CP0411,I15,2021-02,105.42,2021-02-01
EE,CP0411,I15,2021-02,122.81,2021-02-01
EEA,CP0411,I15,2021-02,105.39,2021-02-01
EL,CP0411,I15,2021-02,92.16,2021-02-01
ES,CP0411,I15,2021-02,105.05,2021-02-01
EU,CP0411,I15,2021-02,105.37,2021-02-01
EU27_2020,CP0411,I15,2021-02,105.83,2021-02-01
FI,CP0411,I15,2021-02,110.81,2021-02-01
FR,CP0411,I15,2021-02,101.9,2021-02-01
HR,CP0411,I15,2021-02,108.97,2021-02-01
HU,CP0411,I15,2021-02,130.07,2021-02-01
IE,CP0411,I15,2021-02,130.0,2021-02-01
IS,CP0411,I15,2021-02,127.18,2021-02-01
IT,CP0411,I15,2021-02,101.2,2021-02-01
LT,CP0411,I15,2021-02,130.95,2021-02-01
LU,CP0411,I15,2021-02,106.72,2021-02-01
LV,CP0411,I15,2021-02,103.33,2021-02-01
ME,CP0411,I15,2021-02,100.2,2021-02-01
MK,CP0411,I15,2021-02,100.65,2021-02-01
MT,CP0411,I15,2021-02,118.87,2021-02-01
NL,CP0411,I15,2021-02,113.15,2021-02-01
NO,CP0411,I15,2021-02,109.8,2021-02-01
PL,CP0411,I15,2021-02,122.5,2021-02-01
PT,CP0411,I15,2021-02,111.97,2021-02-01
RO,CP0411,I15,2021-02,111.54,2021-02-01
RS,CP0411,I15,2021-02,107.8,2021-02-01
SE,CP0411,I15,2021-02,107.22,2021-02-01
SI,CP0411,I15,2021-02,113.2,2021-02-01
SK,CP0411,I15,2021-02,103.61,2021-02-01
XK,CP0411,I15,2021-02,97.5,2021-02-01
FR,CP0411,I96,2021-02,145.0,2021-02-01
LT,CP0411,I96,2021-02,797.9,2021-02-01
BE,CP0411,I05,2021-03,125.95,2021-03-01
FR,CP0411,I05,2021-03,122.38,2021-03-01
LT,CP0411,I05,2021-03,318.63,2021-03-01
SI,CP0411,I05,2021-03,123.71,2021-03-01
AL,CP0411,I15,2021-03,106.81,2021-03-01
AT,CP0411,I15,2021-03,123.21,2021-03-01
BE,CP0411,I15,2021-03,108.15,2021-03-01
BG,CP0411,I15,2021-03,110.73,2021-03-01
CH,CP0411,I15,2021-03,104.1,2021-03-01
CY,CP0411,I15,2021-03,110.11,2021-03-01
CZ,CP0411,I15,2021-03,115.2,2021-03-01
DE,CP0411,I15,2021-03,108.8,2021-03-01
DK,CP0411,I15,2021-03,108.0,2021-03-01
EA,CP0411,I15,2021-03,105.52,2021-03-01
EA19,CP0411,I15,2021-03,105.52,2021-03-01
EA20,CP0411,I15,2021-03,105.52,2021-03-01
EE,CP0411,I15,2021-03,122.6,2021-03-01
EEA,CP0411,I15,2021-03,105.5,2021-03-01
EL,CP0411,I15,2021-03,92.16,2021-03-01
ES,CP0411,I15,2021-03,105.09,2021-03-01
EU,CP0411,I15,2021-03,105.48,2021-03-01
EU27_2020,CP0411,I15,2021-03,105.94,2021-03-01
FI,CP0411,I15,2021-03,110.96,2021-03-01
FR,CP0411,I15,2021-03,101.92,2021-03-01
HR,CP0411,I15,2021-03,108.72,2021-03-01
HU,CP0411,I15,2021-03,130.13,2021-03-01
IE,CP0411,I15,2021-03,131.1,2021-03-01
IS,CP0411,I15,2021-03,127.44,2021-03-01
IT,CP0411,I15,2021-03,101.2,2021-03-01
LT,CP0411,I15,2021-03,130.19,2021-03-01
LU,CP0411,I15,2021-03,106.73,2021-03-01
LV,CP0411,I15,2021-03,102.89,2021-03-01
ME,CP0411,I15,2021-03,100.25,2021-03-01
MK,CP0411,I15,2021-03,100.65,2021-03-01
MT,CP0411,I15,2021-03,114.89,2021-03-01
NL,CP0411,I15,2021-03,113.15,2021-03-01
NO,CP0411,I15,2021-03,109.9,2021-03-01
PL,CP0411,I15,2021-03,123.1,2021-03-01
PT,CP0411,I15,2021-03,112.13,2021-03-01
RO,CP0411,I15,2021-03,111.71,2021-03-01
RS,CP0411,I15,2021-03,108.6,2021-03-01
SE,CP0411,I15,2021-03,107.41,2021-03-01
SI,CP0411,I15,2021-03,113.47,2021-03-01
SK,CP0411,I15,2021-03,103.61,2021-03-01
XK,CP0411,I15,2021-03,97.5,2021-03-01
FR,CP0411,I96,2021-03,145.0,2021-03-01
LT,CP0411,I96,2021-03,793.3,2021-03-01
BE,CP0411,I05,2021-04,125.86,2021-04-01
FR,CP0411,I05,2021-04,122.48,2021-04-01
LT,CP0411,I05,2021-04,320.41,2021-04-01
SI,CP0411,I05,2021-04,123.82,2021-04-01
AL,CP0411,I15,2021-04,106.84,2021-04-01
AT,CP0411,I15,2021-04,123.27,2021-04-01
BE,CP0411,I15,2021-04,108.07,2021-04-01
BG,CP0411,I15,2021-04,110.77,2021-04-01
CH,CP0411,I15,2021-04,104.17,2021-04-01
CY,CP0411,I15,2021-04,110.11,2021-04-01
CZ,CP0411,I15,2021-04,115.6,2021-04-01
DE,CP0411,I15,2021-04,108.9,2021-04-01
DK,CP0411,I15,2021-04,108.0,2021-04-01
EA,CP0411,I15,2021-04,105.62,2021-04-01
EA19,CP0411,I15,2021-04,105.62,2021-04-01
EA20,CP0411,I15,2021-04,105.62,2021-04-01
EE,CP0411,I15,2021-04,120.66,2021-04-01
EEA,CP0411,I15,2021-04,105.62,2021-04-01
EL,CP0411,I15,2021-04,92.16,2021-04-01
ES,CP0411,I15,2021-04,105.12,2021-04-01
EU,CP0411,I15,2021-04,105.6,2021-04-01
EU27_2020,CP0411,I15,2021-04,106.06,2021-04-01
FI,CP0411,I15,2021-04,111.3,2021-04-01
FR,CP0411,I15,2021-04,102.0,2021-04-01
HR,CP0411,I15,2021-04,108.71,2021-04-01
HU,CP0411,I15,2021-04,130.07,2021-04-01
IE,CP0411,I15,2021-04,132.5,2021-04-01
IS,CP0411,I15,2021-04,127.56,2021-04-01
IT,CP0411,I15,2021-04,101.3,2021-04-01
LT,CP0411,I15,2021-04,130.92,2021-04-01
LU,CP0411,I15,2021-04,106.97,2021-04-01
LV,CP0411,I15,2021-04,105.37,2021-04-01
ME,CP0411,I15,2021-04,99.61,2021-04-01
MK,CP0411,I15,2021-04,100.65,2021-04-01
MT,CP0411,I15,2021-04,113.57,2021-04-01
NL,CP0411,I15,2021-04,113.15,2021-04-01
NO,CP0411,I15,2021-04,109.8,2021-04-01
PL,CP0411,I15,2021-04,123.6,2021-04-01
PT,CP0411,I15,2021-04,112.23,2021-04-01
RO,CP0411,I15,2021-04,112.29,2021-04-01
RS,CP0411,I15,2021-04,109.2,2021-04-01
SE,CP0411,I15,2021-04,107.9,2021-04-01
SI,CP0411,I15,2021-04,113.57,2021-04-01
SK,CP0411,I15,2021-04,103.61,2021-04-01
XK,CP0411,I15,2021-04,97.5,2021-04-01
FR,CP0411,I96,2021-04,145.1,2021-04-01
LT,CP0411,I96,2021-04,797.7,2021-04-01
BE,CP0411,I05,2021-05,126.57,2021-05-01
FR,CP0411,I05,2021-05,122.35,2021-05-01
LT,CP0411,I05,2021-05,320.57,2021-05-01
SI,CP0411,I05,2021-05,123.8,2021-05-01
AL,CP0411,I15,2021-05,106.91,2021-05-01
AT,CP0411,I15,2021-05,122.84,2021-05-01
BE,CP0411,I15,2021-05,108.68,2021-05-01
BG,CP0411,I15,2021-05,111.24,2021-05-01
CH,CP0411,I15,2021-05,104.63,2021-05-01
CY,CP0411,I15,2021-05,110.43,2021-05-01
CZ,CP0411,I15,2021-05,115.9,2021-05-01
DE,CP0411,I15,2021-05,109.0,2021-05-01
DK,CP0411,I15,2021-05,108.0,2021-05-01
EA,CP0411,I15,2021-05,105.67,2021-05-01
EA19,CP0411,I15,2021-05,105.67,2021-05-01
EA20,CP0411,I15,2021-05,105.67,2021-05-01
EE,CP0411,I15,2021-05,124.41,2021-05-01
EEA,CP0411,I15,2021-05,105.69,2021-05-01
EL,CP0411,I15,2021-05,92.21,2021-05-01
ES,CP0411,I15,2021-05,105.13,2021-05-01
EU,CP0411,I15,2021-05,105.66,2021-05-01
EU27_2020,CP0411,I15,2021-05,106.12,2021-05-01
FI,CP0411,I15,2021-05,111.32,2021-05-01
FR,CP0411,I15,2021-05,101.89,2021-05-01
HR,CP0411,I15,2021-05,108.21,2021-05-01
HU,CP0411,I15,2021-05,130.73,2021-05-01
IE,CP0411,I15,2021-05,132.3,2021-05-01
IS,CP0411,I15,2021-05,127.99,2021-05-01
IT,CP0411,I15,2021-05,101.3,2021-05-01
LT,CP0411,I15,2021-05,130.99,2021-05-01
LU,CP0411,I15,2021-05,107.18,2021-05-01
LV,CP0411,I15,2021-05,106.02,2021-05-01
ME,CP0411,I15,2021-05,99.48,2021-05-01
MK,CP0411,I15,2021-05,100.65,2021-05-01
MT,CP0411,I15,2021-05,112.69,2021-05-01
NL,CP0411,I15,2021-05,113.15,2021-05-01
NO,CP0411,I15,2021-05,110.1,2021-05-01
PL,CP0411,I15,2021-05,124.0,2021-05-01
PT,CP0411,I15,2021-05,112.39,2021-05-01
RO,CP0411,I15,2021-05,112.5,2021-05-01
RS,CP0411,I15,2021-05,109.5,2021-05-01
SE,CP0411,I15,2021-05,108.11,2021-05-01
SI,CP0411,I15,2021-05,113.56,2021-05-01
SK,CP0411,I15,2021-05,103.62,2021-05-01
XK,CP0411,I15,2021-05,97.5,2021-05-01
FR,CP0411,I96,2021-05,145.0,2021-05-01
LT,CP0411,I96,2021-05,798.1,2021-05-01
BE,CP0411,I05,2021-06,126.71,2021-06-01
FR,CP0411,I05,2021-06,122.37,2021-06-01
LT,CP0411,I05,2021-06,320.77,2021-06-01
SI,CP0411,I05,2021-06,124.58,2021-06-01
AL,CP0411,I15,2021-06,106.93,2021-06-01
AT,CP0411,I15,2021-06,122.22,2021-06-01
BE,CP0411,I15,2021-06,108.8,2021-06-01
BG,CP0411,I15,2021-06,111.23,2021-06-01
CH,CP0411,I15,2021-06,104.72,2021-06-01
CY,CP0411,I15,2021-06,110.52,2021-06-01
CZ,CP0411,I15,2021-06,116.2,2021-06-01
DE,CP0411,I15,2021-06,109.1,2021-06-01
DK,CP0411,I15,2021-06,108.0,2021-06-01
EA,CP0411,I15,2021-06,105.71,2021-06-01
EA19,CP0411,I15,2021-06,105.71,2021-06-01
EA20,CP0411,I15,2021-06,105.71,2021-06-01
EE,CP0411,I15,2021-06,126.64,2021-06-01
EEA,CP0411,I15,2021-06,105.73,2021-06-01
EL,CP0411,I15,2021-06,92.25,2021-06-01
ES,CP0411,I15,2021-06,105.19,2021-06-01
EU,CP0411,I15,2021-06,105.71,2021-06-01
EU27_2020,CP0411,I15,2021-06,106.17,2021-06-01
FI,CP0411,I15,2021-06,111.4,2021-06-01
FR,CP0411,I15,2021-06,101.91,2021-06-01
HR,CP0411,I15,2021-06,108.58,2021-06-01
HU,CP0411,I15,2021-06,131.45,2021-06-01
IE,CP0411,I15,2021-06,131.6,2021-06-01
IS,CP0411,I15,2021-06,128.31,2021-06-01
IT,CP0411,I15,2021-06,101.3,2021-06-01
LT,CP0411,I15,2021-06,131.07,2021-06-01
LU,CP0411,I15,2021-06,107.53,2021-06-01
LV,CP0411,I15,2021-06,104.33,2021-06-01
ME,CP0411,I15,2021-06,99.74,2021-06-01
MK,CP0411,I15,2021-06,100.65,2021-06-01
MT,CP0411,I15,2021-06,112.6,2021-06-01
NL,CP0411,I15,2021-06,113.15,2021-06-01
NO,CP0411,I15,2021-06,110.1,2021-06-01
PL,CP0411,I15,2021-06,124.5,2021-06-01
PT,CP0411,I15,2021-06,112.55,2021-06-01
RO,CP0411,I15,2021-06,112.59,2021-06-01
RS,CP0411,I15,2021-06,110.2,2021-06-01
SE,CP0411,I15,2021-06,108.26,2021-06-01
SI,CP0411,I15,2021-06,114.27,2021-06-01
SK,CP0411,I15,2021-06,103.62,2021-06-01
XK,CP0411,I15,2021-06,97.5,2021-06-01
FR,CP0411,I96,2021-06,145.0,2021-06-01
LT,CP0411,I96,2021-06,798.6,2021-06-01
BE,CP0411,I05,2021-07,126.18,2021-07-01
FR,CP0411,I05,2021-07,122.45,2021-07-01
LT,CP0411,I05,2021-07,319.72,2021-07-01
SI,CP0411,I05,2021-07,131.92,2021-07-01
AL,CP0411,I15,2021-07,106.95,2021-07-01
AT,CP0411,I15,2021-07,121.39,2021-07-01
BE,CP0411,I15,2021-07,108.34,2021-07-01
BG,CP0411,I15,2021-07,111.16,2021-07-01
CH,CP0411,I15,2021-07,104.81,2021-07-01
CY,CP0411,I15,2021-07,110.69,2021-07-01
CZ,CP0411,I15,2021-07,116.9,2021-07-01
DE,CP0411,I15,2021-07,109.2,2021-07-01
DK,CP0411,I15,2021-07,108.0,2021-07-01
EA,CP0411,I15,2021-07,105.82,2021-07-01
EA19,CP0411,I15,2021-07,105.82,2021-07-01
EA20,CP0411,I15,2021-07,105.82,2021-07-01
EE,CP0411,I15,2021-07,130.13,2021-07-01
EEA,CP0411,I15,2021-07,105.85,2021-07-01
EL,CP0411,I15,2021-07,92.24,2021-07-01
ES,CP0411,I15,2021-07,105.25,2021-07-01
EU,CP0411,I15,2021-07,105.83,2021-07-01
EU27_2020,CP0411,I15,2021-07,106.29,2021-07-01
FI,CP0411,I15,2021-07,111.53,2021-07-01
FR,CP0411,I15,2021-07,101.97,2021-07-01
HR,CP0411,I15,2021-07,108.0,2021-07-01
HU,CP0411,I15,2021-07,131.9,2021-07-01
IE,CP0411,I15,2021-07,131.8,2021-07-01
IS,CP0411,I15,2021-07,128.53,2021-07-01
IT,CP0411,I15,2021-07,101.4,2021-07-01
LT,CP0411,I15,2021-07,130.64,2021-07-01
LU,CP0411,I15,2021-07,107.53,2021-07-01
LV,CP0411,I15,2021-07,106.37,2021-07-01
ME,CP0411,I15,2021-07,99.74,2021-07-01
MK,CP0411,I15,2021-07,100.65,2021-07-01
MT,CP0411,I15,2021-07,113.31,2021-07-01
NL,CP0411,I15,2021-07,114.0,2021-07-01
NO,CP0411,I15,2021-07,110.3,2021-07-01
PL,CP0411,I15,2021-07,125.2,2021-07-01
PT,CP0411,I15,2021-07,112.75,2021-07-01
RO,CP0411,I15,2021-07,112.64,2021-07-01
RS,CP0411,I15,2021-07,110.1,2021-07-01
SE,CP0411,I15,2021-07,108.38,2021-07-01
SI,CP0411,I15,2021-07,121.0,2021-07-01
SK,CP0411,I15,2021-07,103.62,2021-07-01
XK,CP0411,I15,2021-07,97.44,2021-07-01
FR,CP0411,I96,2021-07,145.1,2021-07-01
LT,CP0411,I96,2021-07,796.0,2021-07-01
BE,CP0411,I05,2021-08,126.7,2021-08-01
FR,CP0411,I05,2021-08,122.59,2021-08-01
LT,CP0411,I05,2021-08,323.0,2021-08-01
SI,CP0411,I05,2021-08,133.93,2021-08-01
AL,CP0411,I15,2021-08,107.03,2021-08-01
AT,CP0411,I15,2021-08,120.99,2021-08-01
BE,CP0411,I15,2021-08,108.79,2021-08-01
BG,CP0411,I15,2021-08,111.28,2021-08-01
CH,CP0411,I15,2021-08,105.0,2021-08-01
CY,CP0411,I15,2021-08,110.69,2021-08-01
CZ,CP0411,I15,2021-08,117.1,2021-08-01
DE,CP0411,I15,2021-08,109.3,2021-08-01
DK,CP0411,I15,2021-08,108.0,2021-08-01
EA,CP0411,I15,2021-08,105.95,2021-08-01
EA19,CP0411,I15,2021-08,105.95,2021-08-01
EA20,CP0411,I15,2021-08,105.95,2021-08-01
EE,CP0411,I15,2021-08,135.34,2021-08-01
EEA,CP0411,I15,2021-08,105.99,2021-08-01
EL,CP0411,I15,2021-08,92.27,2021-08-01
ES,CP0411,I15,2021-08,105.27,2021-08-01
EU,CP0411,I15,2021-08,105.96,2021-08-01
EU27_2020,CP0411,I15,2021-08,106.42,2021-08-01
FI,CP0411,I15,2021-08,111.57,2021-08-01
FR,CP0411,I15,2021-08,102.09,2021-08-01
HR,CP0411,I15,2021-08,108.64,2021-08-01
HU,CP0411,I15,2021-08,133.19,2021-08-01
IE,CP0411,I15,2021-08,133.6,2021-08-01
IS,CP0411,I15,2021-08,128.72,2021-08-01
IT,CP0411,I15,2021-08,101.4,2021-08-01
LT,CP0411,I15,2021-08,131.98,2021-08-01
LU,CP0411,I15,2021-08,107.66,2021-08-01
LV,CP0411,I15,2021-08,109.83,2021-08-01
ME,CP0411,I15,2021-08,99.74,2021-08-01
MK,CP0411,I15,2021-08,100.65,2021-08-01
MT,CP0411,I15,2021-08,115.22,2021-08-01
NL,CP0411,I15,2021-08,114.0,2021-08-01
NO,CP0411,I15,2021-08,110.4,2021-08-01
PL,CP0411,I15,2021-08,125.4,2021-08-01
PT,CP0411,I15,2021-08,112.97,2021-08-01
RO,CP0411,I15,2021-08,112.71,2021-08-01
RS,CP0411,I15,2021-08,110.1,2021-08-01
SE,CP0411,I15,2021-08,108.37,2021-08-01
SI,CP0411,I15,2021-08,122.85,2021-08-01
SK,CP0411,I15,2021-08,103.62,2021-08-01
XK,CP0411,I15,2021-08,97.44,2021-08-01
FR,CP0411,I96,2021-08,145.3,2021-08-01
LT,CP0411,I96,2021-08,804.2,2021-08-01
BE,CP0411,I05,2021-09,127.34,2021-09-01
FR,CP0411,I05,2021-09,122.62,2021-09-01
LT,CP0411,I05,2021-09,327.73,2021-09-01
SI,CP0411,I05,2021-09,133.62,2021-09-01
AL,CP0411,I15,2021-09,107.02,2021-09-01
AT,CP0411,I15,2021-09,120.6,2021-09-01
BE,CP0411,I15,2021-09,109.33,2021-09-01
BG,CP0411,I15,2021-09,111.51,2021-09-01
CH,CP0411,I15,2021-09,105.11,2021-09-01
CY,CP0411,I15,2021-09,111.36,2021-09-01
CZ,CP0411,I15,2021-09,117.4,2021-09-01
DE,CP0411,I15,2021-09,109.5,2021-09-01
DK,CP0411,I15,2021-09,108.0,2021-09-01
EA,CP0411,I15,2021-09,106.08,2021-09-01
EA19,CP0411,I15,2021-09,106.08,2021-09-01
EA20,CP0411,I15,2021-09,106.09,2021-09-01
EE,CP0411,I15,2021-09,136.47,2021-09-01
EEA,CP0411,I15,2021-09,106.13,2021-09-01
EL,CP0411,I15,2021-09,92.33,2021-09-01
ES,CP0411,I15,2021-09,105.33,2021-09-01
EU,CP0411,I15,2021-09,106.1,2021-09-01
EU27_2020,CP0411,I15,2021-09,106.56,2021-09-01
FI,CP0411,I15,2021-09,111.64,2021-09-01
FR,CP0411,I15,2021-09,102.11,2021-09-01
HR,CP0411,I15,2021-09,109.25,2021-09-01
HU,CP0411,I15,2021-09,134.3,2021-09-01
IE,CP0411,I15,2021-09,136.7,2021-09-01
IS,CP0411,I15,2021-09,129.29,2021-09-01
IT,CP0411,I15,2021-09,101.5,2021-09-01
LT,CP0411,I15,2021-09,133.91,2021-09-01
LU,CP0411,I15,2021-09,107.71,2021-09-01
LV,CP0411,I15,2021-09,108.45,2021-09-01
ME,CP0411,I15,2021-09,99.74,2021-09-01
MK,CP0411,I15,2021-09,100.65,2021-09-01
MT,CP0411,I15,2021-09,115.21,2021-09-01
NL,CP0411,I15,2021-09,114.0,2021-09-01
NO,CP0411,I15,2021-09,110.7,2021-09-01
PL,CP0411,I15,2021-09,126.2,2021-09-01
PT,CP0411,I15,2021-09,113.25,2021-09-01
RO,CP0411,I15,2021-09,113.71,2021-09-01
RS,CP0411,I15,2021-09,110.1,2021-09-01
SE,CP0411,I15,2021-09,108.38,2021-09-01
SI,CP0411,I15,2021-09,122.57,2021-09-01
SK,CP0411,I15,2021-09,103.64,2021-09-01
XK,CP0411,I15,2021-09,97.44,2021-09-01
FR,CP0411,I96,2021-09,145.3,2021-09-01
LT,CP0411,I96,2021-09,815.9,2021-09-01
BE,CP0411,I05,2021-10,127.8,2021-10-01
FR,CP0411,I05,2021-10,122.61,2021-10-01
LT,CP0411,I05,2021-10,330.91,2021-10-01
SI,CP0411,I05,2021-10,135.6,2021-10-01
AL,CP0411,I15,2021-10,107.02,2021-10-01
AT,CP0411,I15,2021-10,120.0,2021-10-01
BE,CP0411,I15,2021-10,109.73,2021-10-01
BG,CP0411,I15,2021-10,111.51,2021-10-01
CH,CP0411,I15,2021-10,105.21,2021-10-01
CY,CP0411,I15,2021-10,112.38,2021-10-01
CZ,CP0411,I15,2021-10,117.8,2021-10-01
DE,CP0411,I15,2021-10,109.6,2021-10-01
DK,CP0411,I15,2021-10,108.0,2021-10-01
EA,CP0411,I15,2021-10,106.2,2021-10-01
EA19,CP0411,I15,2021-10,106.2,2021-10-01
EA20,CP0411,I15,2021-10,106.2,2021-10-01
EE,CP0411,I15,2021-10,140.3,2021-10-01
EEA,CP0411,I15,2021-10,106.24,2021-10-01
EL,CP0411,I15,2021-10,92.33,2021-10-01
ES,CP0411,I15,2021-10,105.37,2021-10-01
EU,CP0411,I15,2021-10,106.22,2021-10-01
EU27_2020,CP0411,I15,2021-10,106.68,2021-10-01
FI,CP0411,I15,2021-10,111.76,2021-10-01
FR,CP0411,I15,2021-10,102.11,2021-10-01
HR,CP0411,I15,2021-10,109.28,2021-10-01
HU,CP0411,I15,2021-10,135.22,2021-10-01
IE,CP0411,I15,2021-10,137.8,2021-10-01
IS,CP0411,I15,2021-10,129.3,2021-10-01
IT,CP0411,I15,2021-10,101.5,2021-10-01
LT,CP0411,I15,2021-10,135.21,2021-10-01
LU,CP0411,I15,2021-10,107.73,2021-10-01
LV,CP0411,I15,2021-10,109.26,2021-10-01
ME,CP0411,I15,2021-10,99.74,2021-10-01
MK,CP0411,I15,2021-10,101.09,2021-10-01
MT,CP0411,I15,2021-10,116.32,2021-10-01
NL,CP0411,I15,2021-10,114.0,2021-10-01
NO,CP0411,I15,2021-10,110.9,2021-10-01
PL,CP0411,I15,2021-10,126.7,2021-10-01
PT,CP0411,I15,2021-10,113.48,2021-10-01
RO,CP0411,I15,2021-10,114.44,2021-10-01
RS,CP0411,I15,2021-10,112.9,2021-10-01
SE,CP0411,I15,2021-10,108.39,2021-10-01
SI,CP0411,I15,2021-10,124.37,2021-10-01
SK,CP0411,I15,2021-10,104.61,2021-10-01
XK,CP0411,I15,2021-10,97.44,2021-10-01
FR,CP0411,I96,2021-10,145.3,2021-10-01
LT,CP0411,I96,2021-10,823.9,2021-10-01
BE,CP0411,I05,2021-11,127.55,2021-11-01
FR,CP0411,I05,2021-11,122.37,2021-11-01
LT,CP0411,I05,2021-11,307.64,2021-11-01
SI,CP0411,I05,2021-11,146.8,2021-11-01
AL,CP0411,I15,2021-11,107.02,2021-11-01
AT,CP0411,I15,2021-11,120.0,2021-11-01
BE,CP0411,I15,2021-11,109.52,2021-11-01
BG,CP0411,I15,2021-11,111.78,2021-11-01
CH,CP0411,I15,2021-11,105.27,2021-11-01
CY,CP0411,I15,2021-11,112.65,2021-11-01
CZ,CP0411,I15,2021-11,118.1,2021-11-01
DE,CP0411,I15,2021-11,109.7,2021-11-01
DK,CP0411,I15,2021-11,108.0,2021-11-01
EA,CP0411,I15,2021-11,106.2,2021-11-01
EA19,CP0411,I15,2021-11,106.2,2021-11-01
EA20,CP0411,I15,2021-11,106.2,2021-11-01
EE,CP0411,I15,2021-11,137.85,2021-11-01
EEA,CP0411,I15,2021-11,106.26,2021-11-01
EL,CP0411,I15,2021-11,92.4,2021-11-01
ES,CP0411,I15,2021-11,105.44,2021-11-01
EU,CP0411,I15,2021-11,106.23,2021-11-01
EU27_2020,CP0411,I15,2021-11,106.69,2021-11-01
FI,CP0411,I15,2021-11,111.79,2021-11-01
FR,CP0411,I15,2021-11,101.9,2021-11-01
HR,CP0411,I15,2021-11,109.29,2021-11-01
HU,CP0411,I15,2021-11,135.65,2021-11-01
IE,CP0411,I15,2021-11,138.5,2021-11-01
IS,CP0411,I15,2021-11,130.21,2021-11-01
IT,CP0411,I15,2021-11,101.6,2021-11-01
LT,CP0411,I15,2021-11,125.7,2021-11-01
LU,CP0411,I15,2021-11,107.96,2021-11-01
LV,CP0411,I15,2021-11,109.06,2021-11-01
ME,CP0411,I15,2021-11,99.74,2021-11-01
MK,CP0411,I15,2021-11,101.33,2021-11-01
MT,CP0411,I15,2021-11,116.57,2021-11-01
NL,CP0411,I15,2021-11,114.0,2021-11-01
NO,CP0411,I15,2021-11,111.0,2021-11-01
PL,CP0411,I15,2021-11,127.6,2021-11-01
PT,CP0411,I15,2021-11,113.68,2021-11-01
RO,CP0411,I15,2021-11,114.66,2021-11-01
RS,CP0411,I15,2021-11,112.9,2021-11-01
SE,CP0411,I15,2021-11,108.39,2021-11-01
SI,CP0411,I15,2021-11,134.65,2021-11-01
SK,CP0411,I15,2021-11,104.61,2021-11-01
XK,CP0411,I15,2021-11,97.44,2021-11-01
FR,CP0411,I96,2021-11,145.0,2021-11-01
LT,CP0411,I96,2021-11,765.9,2021-11-01
BE,CP0411,I05,2021-12,128.57,2021-12-01
FR,CP0411,I05,2021-12,122.42,2021-12-01
LT,CP0411,I05,2021-12,339.23,2021-12-01
SI,CP0411,I05,2021-12,145.62,2021-12-01
AL,CP0411,I15,2021-12,107.17,2021-12-01
AT,CP0411,I15,2021-12,120.04,2021-12-01
BE,CP0411,I15,2021-12,110.4,2021-12-01
BG,CP0411,I15,2021-12,112.43,2021-12-01
CH,CP0411,I15,2021-12,105.36,2021-12-01
CY,CP0411,I15,2021-12,112.65,2021-12-01
CZ,CP0411,I15,2021-12,118.5,2021-12-01
DE,CP0411,I15,2021-12,109.8,2021-12-01
DK,CP0411,I15,2021-12,108.0,2021-12-01
EA,CP0411,I15,2021-12,106.3,2021-12-01
EA19,CP0411,I15,2021-12,106.3,2021-12-01
EA20,CP0411,I15,2021-12,106.3,2021-12-01
EE,CP0411,I15,2021-12,138.05,2021-12-01
EEA,CP0411,I15,2021-12,106.38,2021-12-01
EL,CP0411,I15,2021-12,92.6,2021-12-01
ES,CP0411,I15,2021-12,105.51,2021-12-01
EU,CP0411,I15,2021-12,106.35,2021-12-01
EU27_2020,CP0411,I15,2021-12,106.81,2021-12-01
FI,CP0411,I15,2021-12,111.29,2021-12-01
FR,CP0411,I15,2021-12,101.95,2021-12-01
HR,CP0411,I15,2021-12,110.09,2021-12-01
HU,CP0411,I15,2021-12,136.23,2021-12-01
IE,CP0411,I15,2021-12,139.4,2021-12-01
IS,CP0411,I15,2021-12,130.45,2021-12-01
IT,CP0411,I15,2021-12,101.6,2021-12-01
LT,CP0411,I15,2021-12,138.61,2021-12-01
LU,CP0411,I15,2021-12,107.98,2021-12-01
LV,CP0411,I15,2021-12,107.31,2021-12-01
ME,CP0411,I15,2021-12,99.74,2021-12-01
MK,CP0411,I15,2021-12,101.33,2021-12-01
MT,CP0411,I15,2021-12,116.76,2021-12-01
NL,CP0411,I15,2021-12,114.0,2021-12-01
NO,CP0411,I15,2021-12,111.1,2021-12-01
PL,CP0411,I15,2021-12,129.0,2021-12-01
PT,CP0411,I15,2021-12,113.83,2021-12-01
RO,CP0411,I15,2021-12,114.78,2021-12-01
RS,CP0411,I15,2021-12,115.1,2021-12-01
SE,CP0411,I15,2021-12,108.39,2021-12-01
SI,CP0411,I15,2021-12,133.57,2021-12-01
SK,CP0411,I15,2021-12,104.61,2021-12-01
XK,CP0411,I15,2021-12,97.5,2021-12-01
FR,CP0411,I96,2021-12,145.1,2021-12-01
LT,CP0411,I96,2021-12,844.6,2021-12-01
BE,CP0411,I05,2022-01,128.14,2022-01-01
FR,CP0411,I05,2022-01,122.43,2022-01-01
LT,CP0411,I05,2022-01,342.75,2022-01-01
SI,CP0411,I05,2022-01,146.17,2022-01-01
AL,CP0411,I15,2022-01,107.17,2022-01-01
AT,CP0411,I15,2022-01,120.07,2022-01-01
BE,CP0411,I15,2022-01,110.03,2022-01-01
BG,CP0411,I15,2022-01,113.14,2022-01-01
CH,CP0411,I15,2022-01,105.45,2022-01-01
CY,CP0411,I15,2022-01,112.65,2022-01-01
CZ,CP0411,I15,2022-01,119.6,2022-01-01
DE,CP0411,I15,2022-01,110.0,2022-01-01
DK,CP0411,I15,2022-01,108.0,2022-01-01
EA,CP0411,I15,2022-01,106.43,2022-01-01
EA19,CP0411,I15,2022-01,106.43,2022-01-01
EA20,CP0411,I15,2022-01,106.43,2022-01-01
EE,CP0411,I15,2022-01,142.14,2022-01-01
EEA,CP0411,I15,2022-01,106.55,2022-01-01
EL,CP0411,I15,2022-01,92.78,2022-01-01
ES,CP0411,I15,2022-01,105.65,2022-01-01
EU,CP0411,I15,2022-01,106.52,2022-01-01
EU27_2020,CP0411,I15,2022-01,106.99,2022-01-01
FI,CP0411,I15,2022-01,111.36,2022-01-01
FR,CP0411,I15,2022-01,101.96,2022-01-01
HR,CP0411,I15,2022-01,111.02,2022-01-01
HU,CP0411,I15,2022-01,137.37,2022-01-01
IE,CP0411,I15,2022-01,139.9,2022-01-01
IS,CP0411,I15,2022-01,131.12,2022-01-01
IT,CP0411,I15,2022-01,101.8,2022-01-01
LT,CP0411,I15,2022-01,140.05,2022-01-01
LU,CP0411,I15,2022-01,108.36,2022-01-01
LV,CP0411,I15,2022-01,107.56,2022-01-01
ME,CP0411,I15,2022-01,99.34,2022-01-01
MK,CP0411,I15,2022-01,101.67,2022-01-01
MT,CP0411,I15,2022-01,117.84,2022-01-01
NL,CP0411,I15,2022-01,114.0,2022-01-01
NO,CP0411,I15,2022-01,111.4,2022-01-01
PL,CP0411,I15,2022-01,131.5,2022-01-01
PT,CP0411,I15,2022-01,114.18,2022-01-01
RO,CP0411,I15,2022-01,115.36,2022-01-01
RS,CP0411,I15,2022-01,118.9,2022-01-01
SE,CP0411,I15,2022-01,108.85,2022-01-01
SI,CP0411,I15,2022-01,134.07,2022-01-01
SK,CP0411,I15,2022-01,104.27,2022-01-01
XK,CP0411,I15,2022-01,97.5,2022-01-01
FR,CP0411,I96,2022-01,145.1,2022-01-01
LT,CP0411,I96,2022-01,853.3,2022-01-01
BE,CP0411,I05,2022-02,128.81,2022-02-01
FR,CP0411,I05,2022-02,122.83,2022-02-01
LT,CP0411,I05,2022-02,348.09,2022-02-01
SI,CP0411,I05,2022-02,145.92,2022-02-01
AL,CP0411,I15,2022-02,106.91,2022-02-01
AT,CP0411,I15,2022-02,120.38,2022-02-01
BE,CP0411,I15,2022-02,110.6,2022-02-01
BG,CP0411,I15,2022-02,115.42,2022-02-01
CH,CP0411,I15,2022-02,105.66,2022-02-01
CY,CP0411,I15,2022-02,113.1,2022-02-01
CZ,CP0411,I15,2022-02,120.0,2022-02-01
DE,CP0411,I15,2022-02,110.2,2022-02-01
DK,CP0411,I15,2022-02,109.8,2022-02-01
EA,CP0411,I15,2022-02,106.65,2022-02-01
EA19,CP0411,I15,2022-02,106.65,2022-02-01
EA20,CP0411,I15,2022-02,106.66,2022-02-01
EE,CP0411,I15,2022-02,139.22,2022-02-01
EEA,CP0411,I15,2022-02,106.84,2022-02-01
EL,CP0411,I15,2022-02,92.81,2022-02-01
ES,CP0411,I15,2022-02,105.81,2022-02-01
EU,CP0411,I15,2022-02,106.81,2022-02-01
EU27_2020,CP0411,I15,2022-02,107.27,2022-02-01
FI,CP0411,I15,2022-02,111.41,2022-02-01
FR,CP0411,I15,2022-02,102.29,2022-02-01
HR,CP0411,I15,2022-02,110.99,2022-02-01
HU,CP0411,I15,2022-02,139.51,2022-02-01
IE,CP0411,I15,2022-02,141.0,2022-02-01
IS,CP0411,I15,2022-02,131.47,2022-02-01
IT,CP0411,I15,2022-02,101.9,2022-02-01
LT,CP0411,I15,2022-02,142.23,2022-02-01
LU,CP0411,I15,2022-02,108.47,2022-02-01
LV,CP0411,I15,2022-02,106.58,2022-02-01
ME,CP0411,I15,2022-02,99.43,2022-02-01
MK,CP0411,I15,2022-02,101.67,2022-02-01
MT,CP0411,I15,2022-02,118.2,2022-02-01
NL,CP0411,I15,2022-02,114.0,2022-02-01
NO,CP0411,I15,2022-02,111.5,2022-02-01
PL,CP0411,I15,2022-02,132.7,2022-02-01
PT,CP0411,I15,2022-02,114.39,2022-02-01
RO,CP0411,I15,2022-02,115.45,2022-02-01
RS,CP0411,I15,2022-02,118.9,2022-02-01
SE,CP0411,I15,2022-02,109.3,2022-02-01
SI,CP0411,I15,2022-02,133.84,2022-02-01
SK,CP0411,I15,2022-02,104.55,2022-02-01
XK,CP0411,I15,2022-02,97.5,2022-02-01
FR,CP0411,I96,2022-02,145.5,2022-02-01
LT,CP0411,I96,2022-02,866.6,2022-02-01
BE,CP0411,I05,2022-03,129.16,2022-03-01
FR,CP0411,I05,2022-03,122.88,2022-03-01
LT,CP0411,I05,2022-03,351.9,2022-03-01
SI,CP0411,I05,2022-03,144.81,2022-03-01
AL,CP0411,I15,2022-03,107.22,2022-03-01
AT,CP0411,I15,2022-03,120.7,2022-03-01
BE,CP0411,I15,2022-03,110.9,2022-03-01
BG,CP0411,I15,2022-03,117.05,2022-03-01
CH,CP0411,I15,2022-03,105.74,2022-03-01
CY,CP0411,I15,2022-03,113.1,2022-03-01
CZ,CP0411,I15,2022-03,120.3,2022-03-01
DE,CP0411,I15,2022-03,110.4,2022-03-01
DK,CP0411,I15,2022-03,109.8,2022-03-01
EA,CP0411,I15,2022-03,106.81,2022-03-01
EA19,CP0411,I15,2022-03,106.81,2022-03-01
EA20,CP0411,I15,2022-03,106.82,2022-03-01
EE,CP0411,I15,2022-03,144.18,2022-03-01
EEA,CP0411,I15,2022-03,107.03,2022-03-01
EL,CP0411,I15,2022-03,92.87,2022-03-01
ES,CP0411,I15,2022-03,106.04,2022-03-01
EU,CP0411,I15,2022-03,107.01,2022-03-01
EU27_2020,CP0411,I15,2022-03,107.47,2022-03-01
FI,CP0411,I15,2022-03,112.07,2022-03-01
FR,CP0411,I15,2022-03,102.33,2022-03-01
HR,CP0411,I15,2022-03,111.71,2022-03-01
HU,CP0411,I15,2022-03,139.74,2022-03-01
IE,CP0411,I15,2022-03,142.2,2022-03-01
IS,CP0411,I15,2022-03,131.99,2022-03-01
IT,CP0411,I15,2022-03,102.0,2022-03-01
LT,CP0411,I15,2022-03,143.79,2022-03-01
LU,CP0411,I15,2022-03,108.74,2022-03-01
LV,CP0411,I15,2022-03,106.37,2022-03-01
ME,CP0411,I15,2022-03,100.22,2022-03-01
MK,CP0411,I15,2022-03,103.19,2022-03-01
MT,CP0411,I15,2022-03,119.0,2022-03-01
NL,CP0411,I15,2022-03,114.0,2022-03-01
NO,CP0411,I15,2022-03,111.8,2022-03-01
PL,CP0411,I15,2022-03,135.3,2022-03-01
PT,CP0411,I15,2022-03,114.63,2022-03-01
RO,CP0411,I15,2022-03,115.86,2022-03-01
RS,CP0411,I15,2022-03,120.4,2022-03-01
SE,CP0411,I15,2022-03,109.62,2022-03-01
SI,CP0411,I15,2022-03,132.82,2022-03-01
SK,CP0411,I15,2022-03,106.03,2022-03-01
XK,CP0411,I15,2022-03,97.24,2022-03-01
FR,CP0411,I96,2022-03,145.6,2022-03-01
LT,CP0411,I96,2022-03,876.1,2022-03-01
BE,CP0411,I05,2022-04,129.04,2022-04-01
FR,CP0411,I05,2022-04,122.97,2022-04-01
LT,CP0411,I05,2022-04,359.73,2022-04-01
SI,CP0411,I05,2022-04,153.96,2022-04-01
AL,CP0411,I15,2022-04,107.39,2022-04-01
AT,CP0411,I15,2022-04,121.01,2022-04-01
BE,CP0411,I15,2022-04,110.8,2022-04-01
BG,CP0411,I15,2022-04,117.24,2022-04-01
CH,CP0411,I15,2022-04,105.83,2022-04-01
CY,CP0411,I15,2022-04,113.77,2022-04-01
CZ,CP0411,I15,2022-04,120.8,2022-04-01
DE,CP0411,I15,2022-04,110.6,2022-04-01
DK,CP0411,I15,2022-04,109.8,2022-04-01
EA,CP0411,I15,2022-04,106.98,2022-04-01
EA19,CP0411,I15,2022-04,106.98,2022-04-01
EA20,CP0411,I15,2022-04,106.99,2022-04-01
EE,CP0411,I15,2022-04,162.13,2022-04-01
EEA,CP0411,I15,2022-04,107.24,2022-04-01
EL,CP0411,I15,2022-04,92.95,2022-04-01
ES,CP0411,I15,2022-04,106.22,2022-04-01
EU,CP0411,I15,2022-04,107.22,2022-04-01
EU27_2020,CP0411,I15,2022-04,107.68,2022-04-01
FI,CP0411,I15,2022-04,112.17,2022-04-01
FR,CP0411,I15,2022-04,102.4,2022-04-01
HR,CP0411,I15,2022-04,111.58,2022-04-01
HU,CP0411,I15,2022-04,141.06,2022-04-01
IE,CP0411,I15,2022-04,143.7,2022-04-01
IS,CP0411,I15,2022-04,132.55,2022-04-01
IT,CP0411,I15,2022-04,102.1,2022-04-01
LT,CP0411,I15,2022-04,146.98,2022-04-01
LU,CP0411,I15,2022-04,108.76,2022-04-01
LV,CP0411,I15,2022-04,107.61,2022-04-01
ME,CP0411,I15,2022-04,100.22,2022-04-01
MK,CP0411,I15,2022-04,103.19,2022-04-01
MT,CP0411,I15,2022-04,119.66,2022-04-01
NL,CP0411,I15,2022-04,114.0,2022-04-01
NO,CP0411,I15,2022-04,111.8,2022-04-01
PL,CP0411,I15,2022-04,138.5,2022-04-01
PT,CP0411,I15,2022-04,114.96,2022-04-01
RO,CP0411,I15,2022-04,116.45,2022-04-01
RS,CP0411,I15,2022-04,124.8,2022-04-01
SE,CP0411,I15,2022-04,109.93,2022-04-01
SI,CP0411,I15,2022-04,141.22,2022-04-01
SK,CP0411,I15,2022-04,107.42,2022-04-01
XK,CP0411,I15,2022-04,97.24,2022-04-01
FR,CP0411,I96,2022-04,145.7,2022-04-01
LT,CP0411,I96,2022-04,895.6,2022-04-01
BE,CP0411,I05,2022-05,130.18,2022-05-01
FR,CP0411,I05,2022-05,123.07,2022-05-01
LT,CP0411,I05,2022-05,365.1,2022-05-01
SI,CP0411,I05,2022-05,156.45,2022-05-01
AL,CP0411,I15,2022-05,107.85,2022-05-01
AT,CP0411,I15,2022-05,121.76,2022-05-01
BE,CP0411,I15,2022-05,111.78,2022-05-01
BG,CP0411,I15,2022-05,118.13,2022-05-01
CH,CP0411,I15,2022-05,106.12,2022-05-01
CY,CP0411,I15,2022-05,113.77,2022-05-01
CZ,CP0411,I15,2022-05,121.4,2022-05-01
DE,CP0411,I15,2022-05,110.8,2022-05-01
DK,CP0411,I15,2022-05,110.2,2022-05-01
EA,CP0411,I15,2022-05,107.22,2022-05-01
EA19,CP0411,I15,2022-05,107.22,2022-05-01
EA20,CP0411,I15,2022-05,107.22,2022-05-01
EE,CP0411,I15,2022-05,154.93,2022-05-01
EEA,CP0411,I15,2022-05,107.51,2022-05-01
EL,CP0411,I15,2022-05,93.04,2022-05-01
ES,CP0411,I15,2022-05,106.39,2022-05-01
EU,CP0411,I15,2022-05,107.49,2022-05-01
EU27_2020,CP0411,I15,2022-05,107.95,2022-05-01
FI,CP0411,I15,2022-05,112.27,2022-05-01
FR,CP0411,I15,2022-05,102.49,2022-05-01
HR,CP0411,I15,2022-05,111.51,2022-05-01
HU,CP0411,I15,2022-05,142.57,2022-05-01
IE,CP0411,I15,2022-05,145.6,2022-05-01
IS,CP0411,I15,2022-05,133.1,2022-05-01
IT,CP0411,I15,2022-05,102.3,2022-05-01
LT,CP0411,I15,2022-05,149.18,2022-05-01
LU,CP0411,I15,2022-05,108.89,2022-05-01
LV,CP0411,I15,2022-05,112.37,2022-05-01
ME,CP0411,I15,2022-05,103.47,2022-05-01
MK,CP0411,I15,2022-05,103.19,2022-05-01
MT,CP0411,I15,2022-05,119.38,2022-05-01
NL,CP0411,I15,2022-05,114.0,2022-05-01
NO,CP0411,I15,2022-05,111.9,2022-05-01
PL,CP0411,I15,2022-05,141.6,2022-05-01
PT,CP0411,I15,2022-05,115.29,2022-05-01
RO,CP0411,I15,2022-05,117.13,2022-05-01
RS,CP0411,I15,2022-05,125.8,2022-05-01
SE,CP0411,I15,2022-05,110.06,2022-05-01
SI,CP0411,I15,2022-05,143.51,2022-05-01
SK,CP0411,I15,2022-05,107.58,2022-05-01
XK,CP0411,I15,2022-05,97.24,2022-05-01
FR,CP0411,I96,2022-05,145.8,2022-05-01
LT,CP0411,I96,2022-05,909.0,2022-05-01
BE,CP0411,I05,2022-06,131.22,2022-06-01
FR,CP0411,I05,2022-06,123.13,2022-06-01
LT,CP0411,I05,2022-06,374.65,2022-06-01
SI,CP0411,I05,2022-06,155.38,2022-06-01
AL,CP0411,I15,2022-06,108.21,2022-06-01
AT,CP0411,I15,2022-06,122.41,2022-06-01
BE,CP0411,I15,2022-06,112.67,2022-06-01
BG,CP0411,I15,2022-06,118.3,2022-06-01
CH,CP0411,I15,2022-06,106.21,2022-06-01
CY,CP0411,I15,2022-06,114.02,2022-06-01
CZ,CP0411,I15,2022-06,121.6,2022-06-01
DE,CP0411,I15,2022-06,111.0,2022-06-01
DK,CP0411,I15,2022-06,110.2,2022-06-01
EA,CP0411,I15,2022-06,107.39,2022-06-01
EA19,CP0411,I15,2022-06,107.39,2022-06-01
EA20,CP0411,I15,2022-06,107.4,2022-06-01
EE,CP0411,I15,2022-06,164.54,2022-06-01
EEA,CP0411,I15,2022-06,107.7,2022-06-01
EL,CP0411,I15,2022-06,93.04,2022-06-01
ES,CP0411,I15,2022-06,106.55,2022-06-01
EU,CP0411,I15,2022-06,107.68,2022-06-01
EU27_2020,CP0411,I15,2022-06,108.14,2022-06-01
FI,CP0411,I15,2022-06,112.36,2022-06-01
FR,CP0411,I15,2022-06,102.54,2022-06-01
HR,CP0411,I15,2022-06,111.92,2022-06-01
HU,CP0411,I15,2022-06,144.36,2022-06-01
IE,CP0411,I15,2022-06,146.6,2022-06-01
IS,CP0411,I15,2022-06,133.96,2022-06-01
IT,CP0411,I15,2022-06,102.4,2022-06-01
LT,CP0411,I15,2022-06,153.08,2022-06-01
LU,CP0411,I15,2022-06,109.1,2022-06-01
LV,CP0411,I15,2022-06,114.06,2022-06-01
ME,CP0411,I15,2022-06,103.47,2022-06-01
MK,CP0411,I15,2022-06,103.19,2022-06-01
MT,CP0411,I15,2022-06,120.96,2022-06-01
NL,CP0411,I15,2022-06,114.0,2022-06-01
NO,CP0411,I15,2022-06,112.1,2022-06-01
PL,CP0411,I15,2022-06,143.1,2022-06-01
PT,CP0411,I15,2022-06,115.53,2022-06-01
RO,CP0411,I15,2022-06,117.74,2022-06-01
RS,CP0411,I15,2022-06,125.7,2022-06-01
SE,CP0411,I15,2022-06,110.11,2022-06-01
SI,CP0411,I15,2022-06,142.52,2022-06-01
SK,CP0411,I15,2022-06,108.05,2022-06-01
XK,CP0411,I15,2022-06,97.24,2022-06-01
FR,CP0411,I96,2022-06,145.9,2022-06-01
LT,CP0411,I96,2022-06,932.8,2022-06-01
BE,CP0411,I05,2022-07,130.84,2022-07-01
FR,CP0411,I05,2022-07,123.23,2022-07-01
LT,CP0411,I05,2022-07,380.21,2022-07-01
SI,CP0411,I05,2022-07,157.24,2022-07-01
AL,CP0411,I15,2022-07,109.11,2022-07-01
AT,CP0411,I15,2022-07,122.95,2022-07-01
BE,CP0411,I15,2022-07,112.34,2022-07-01
BG,CP0411,I15,2022-07,118.59,2022-07-01
CH,CP0411,I15,2022-07,106.3,2022-07-01
CY,CP0411,I15,2022-07,114.04,2022-07-01
CZ,CP0411,I15,2022-07,122.6,2022-07-01
DE,CP0411,I15,2022-07,111.2,2022-07-01
DK,CP0411,I15,2022-07,110.2,2022-07-01
EA,CP0411,I15,2022-07,107.77,2022-07-01
EA19,CP0411,I15,2022-07,107.77,2022-07-01
EA20,CP0411,I15,2022-07,107.78,2022-07-01
EE,CP0411,I15,2022-07,167.84,2022-07-01
EEA,CP0411,I15,2022-07,108.09,2022-07-01
EL,CP0411,I15,2022-07,93.04,2022-07-01
ES,CP0411,I15,2022-07,106.72,2022-07-01
EU,CP0411,I15,2022-07,108.06,2022-07-01
EU27_2020,CP0411,I15,2022-07,108.53,2022-07-01
FI,CP0411,I15,2022-07,112.48,2022-07-01
FR,CP0411,I15,2022-07,102.62,2022-07-01
HR,CP0411,I15,2022-07,111.68,2022-07-01
HU,CP0411,I15,2022-07,146.3,2022-07-01
IE,CP0411,I15,2022-07,147.9,2022-07-01
IS,CP0411,I15,2022-07,134.62,2022-07-01
IT,CP0411,I15,2022-07,102.5,2022-07-01
LT,CP0411,I15,2022-07,155.35,2022-07-01
LU,CP0411,I15,2022-07,109.29,2022-07-01
LV,CP0411,I15,2022-07,114.75,2022-07-01
ME,CP0411,I15,2022-07,103.73,2022-07-01
MK,CP0411,I15,2022-07,100.4,2022-07-01
MT,CP0411,I15,2022-07,121.34,2022-07-01
NL,CP0411,I15,2022-07,117.38,2022-07-01
NO,CP0411,I15,2022-07,112.5,2022-07-01
PL,CP0411,I15,2022-07,145.0,2022-07-01
PT,CP0411,I15,2022-07,115.84,2022-07-01
RO,CP0411,I15,2022-07,118.25,2022-07-01
RS,CP0411,I15,2022-07,132.7,2022-07-01
SE,CP0411,I15,2022-07,110.16,2022-07-01
SI,CP0411,I15,2022-07,144.23,2022-07-01
SK,CP0411,I15,2022-07,108.03,2022-07-01
XK,CP0411,I15,2022-07,97.24,2022-07-01
FR,CP0411,I96,2022-07,146.0,2022-07-01
LT,CP0411,I96,2022-07,946.6,2022-07-01
BE,CP0411,I05,2022-08,131.37,2022-08-01
FR,CP0411,I05,2022-08,123.36,2022-08-01
LT,CP0411,I05,2022-08,386.12,2022-08-01
SI,CP0411,I05,2022-08,159.06,2022-08-01
AL,CP0411,I15,2022-08,109.11,2022-08-01
AT,CP0411,I15,2022-08,123.2,2022-08-01
BE,CP0411,I15,2022-08,112.8,2022-08-01
BG,CP0411,I15,2022-08,118.89,2022-08-01
CH,CP0411,I15,2022-08,106.39,2022-08-01
CY,CP0411,I15,2022-08,115.06,2022-08-01
CZ,CP0411,I15,2022-08,123.1,2022-08-01
DE,CP0411,I15,2022-08,111.3,2022-08-01
DK,CP0411,I15,2022-08,110.5,2022-08-01
EA,CP0411,I15,2022-08,107.93,2022-08-01
EA19,CP0411,I15,2022-08,107.93,2022-08-01
EA20,CP0411,I15,2022-08,107.94,2022-08-01
EE,CP0411,I15,2022-08,169.48,2022-08-01
EEA,CP0411,I15,2022-08,108.28,2022-08-01
EL,CP0411,I15,2022-08,93.04,2022-08-01
ES,CP0411,I15,2022-08,106.84,2022-08-01
EU,CP0411,I15,2022-08,108.25,2022-08-01
EU27_2020,CP0411,I15,2022-08,108.72,2022-08-01
FI,CP0411,I15,2022-08,112.56,2022-08-01
FR,CP0411,I15,2022-08,102.73,2022-08-01
HR,CP0411,I15,2022-08,112.92,2022-08-01
HU,CP0411,I15,2022-08,149.86,2022-08-01
IE,CP0411,I15,2022-08,149.8,2022-08-01
IS,CP0411,I15,2022-08,135.7,2022-08-01
IT,CP0411,I15,2022-08,102.5,2022-08-01
LT,CP0411,I15,2022-08,157.77,2022-08-01
LU,CP0411,I15,2022-08,109.35,2022-08-01
LV,CP0411,I15,2022-08,115.51,2022-08-01
ME,CP0411,I15,2022-08,103.85,2022-08-01
MK,CP0411,I15,2022-08,102.17,2022-08-01
MT,CP0411,I15,2022-08,122.22,2022-08-01
NL,CP0411,I15,2022-08,117.38,2022-08-01
NO,CP0411,I15,2022-08,112.9,2022-08-01
PL,CP0411,I15,2022-08,146.6,2022-08-01
PT,CP0411,I15,2022-08,116.19,2022-08-01
RO,CP0411,I15,2022-08,118.34,2022-08-01
RS,CP0411,I15,2022-08,133.5,2022-08-01
SE,CP0411,I15,2022-08,110.18,2022-08-01
SI,CP0411,I15,2022-08,145.9,2022-08-01
SK,CP0411,I15,2022-08,109.53,2022-08-01
XK,CP0411,I15,2022-08,97.24,2022-08-01
FR,CP0411,I96,2022-08,146.2,2022-08-01
LT,CP0411,I96,2022-08,961.3,2022-08-01
BE,CP0411,I05,2022-09,132.22,2022-09-01
FR,CP0411,I05,2022-09,123.47,2022-09-01
LT,CP0411,I05,2022-09,388.74,2022-09-01
SI,CP0411,I05,2022-09,159.94,2022-09-01
AL,CP0411,I15,2022-09,109.11,2022-09-01
AT,CP0411,I15,2022-09,123.91,2022-09-01
BE,CP0411,I15,2022-09,113.53,2022-09-01
BG,CP0411,I15,2022-09,119.77,2022-09-01
CH,CP0411,I15,2022-09,106.49,2022-09-01
CY,CP0411,I15,2022-09,115.06,2022-09-01
CZ,CP0411,I15,2022-09,123.5,2022-09-01
DE,CP0411,I15,2022-09,111.5,2022-09-01
DK,CP0411,I15,2022-09,110.5,2022-09-01
EA,CP0411,I15,2022-09,108.14,2022-09-01
EA19,CP0411,I15,2022-09,108.14,2022-09-01
EA20,CP0411,I15,2022-09,108.15,2022-09-01
EE,CP0411,I15,2022-09,173.13,2022-09-01
EEA,CP0411,I15,2022-09,108.51,2022-09-01
EL,CP0411,I15,2022-09,93.33,2022-09-01
ES,CP0411,I15,2022-09,106.96,2022-09-01
EU,CP0411,I15,2022-09,108.48,2022-09-01
EU27_2020,CP0411,I15,2022-09,108.95,2022-09-01
FI,CP0411,I15,2022-09,112.65,2022-09-01
FR,CP0411,I15,2022-09,102.82,2022-09-01
HR,CP0411,I15,2022-09,113.34,2022-09-01
HU,CP0411,I15,2022-09,151.15,2022-09-01
IE,CP0411,I15,2022-09,150.5,2022-09-01
IS,CP0411,I15,2022-09,136.68,2022-09-01
IT,CP0411,I15,2022-09,102.9,2022-09-01
LT,CP0411,I15,2022-09,158.84,2022-09-01
LU,CP0411,I15,2022-09,109.85,2022-09-01
LV,CP0411,I15,2022-09,111.07,2022-09-01
ME,CP0411,I15,2022-09,105.39,2022-09-01
MK,CP0411,I15,2022-09,102.17,2022-09-01
MT,CP0411,I15,2022-09,123.97,2022-09-01
NL,CP0411,I15,2022-09,117.38,2022-09-01
NO,CP0411,I15,2022-09,113.4,2022-09-01
PL,CP0411,I15,2022-09,149.1,2022-09-01
PT,CP0411,I15,2022-09,116.56,2022-09-01
RO,CP0411,I15,2022-09,120.12,2022-09-01
RS,CP0411,I15,2022-09,133.5,2022-09-01
SE,CP0411,I15,2022-09,110.19,2022-09-01
SI,CP0411,I15,2022-09,146.71,2022-09-01
SK,CP0411,I15,2022-09,110.42,2022-09-01
XK,CP0411,I15,2022-09,98.55,2022-09-01
FR,CP0411,I96,2022-09,146.3,2022-09-01
LT,CP0411,I96,2022-09,967.8,2022-09-01
BE,CP0411,I05,2022-10,133.32,2022-10-01
FR,CP0411,I05,2022-10,123.59,2022-10-01
LT,CP0411,I05,2022-10,395.12,2022-10-01
SI,CP0411,I05,2022-10,162.88,2022-10-01
AL,CP0411,I15,2022-10,109.19,2022-10-01
AT,CP0411,I15,2022-10,124.35,2022-10-01
BE,CP0411,I15,2022-10,114.47,2022-10-01
BG,CP0411,I15,2022-10,119.77,2022-10-01
CH,CP0411,I15,2022-10,106.59,2022-10-01
CY,CP0411,I15,2022-10,115.38,2022-10-01
CZ,CP0411,I15,2022-10,124.2,2022-10-01
DE,CP0411,I15,2022-10,111.7,2022-10-01
DK,CP0411,I15,2022-10,110.5,2022-10-01
EA,CP0411,I15,2022-10,108.34,2022-10-01
EA19,CP0411,I15,2022-10,108.34,2022-10-01
EA20,CP0411,I15,2022-10,108.34,2022-10-01
EE,CP0411,I15,2022-10,167.69,2022-10-01
EEA,CP0411,I15,2022-10,108.72,2022-10-01
EL,CP0411,I15,2022-10,93.81,2022-10-01
ES,CP0411,I15,2022-10,107.15,2022-10-01
EU,CP0411,I15,2022-10,108.69,2022-10-01
EU27_2020,CP0411,I15,2022-10,109.16,2022-10-01
FI,CP0411,I15,2022-10,112.81,2022-10-01
FR,CP0411,I15,2022-10,102.92,2022-10-01
HR,CP0411,I15,2022-10,113.32,2022-10-01
HU,CP0411,I15,2022-10,152.87,2022-10-01
IE,CP0411,I15,2022-10,151.1,2022-10-01
IS,CP0411,I15,2022-10,137.49,2022-10-01
IT,CP0411,I15,2022-10,103.1,2022-10-01
LT,CP0411,I15,2022-10,161.45,2022-10-01
LU,CP0411,I15,2022-10,109.94,2022-10-01
LV,CP0411,I15,2022-10,108.17,2022-10-01
ME,CP0411,I15,2022-10,105.39,2022-10-01
MK,CP0411,I15,2022-10,102.17,2022-10-01
MT,CP0411,I15,2022-10,124.3,2022-10-01
NL,CP0411,I15,2022-10,117.38,2022-10-01
NO,CP0411,I15,2022-10,113.7,2022-10-01
PL,CP0411,I15,2022-10,150.5,2022-10-01
PT,CP0411,I15,2022-10,116.97,2022-10-01
RO,CP0411,I15,2022-10,121.05,2022-10-01
RS,CP0411,I15,2022-10,143.4,2022-10-01
SE,CP0411,I15,2022-10,110.19,2022-10-01
SI,CP0411,I15,2022-10,149.4,2022-10-01
SK,CP0411,I15,2022-10,110.7,2022-10-01
XK,CP0411,I15,2022-10,98.55,2022-10-01
FR,CP0411,I96,2022-10,146.4,2022-10-01
LT,CP0411,I96,2022-10,983.7,2022-10-01
BE,CP0411,I05,2022-11,133.75,2022-11-01
FR,CP0411,I05,2022-11,123.7,2022-11-01
LT,CP0411,I05,2022-11,398.65,2022-11-01
SI,CP0411,I05,2022-11,162.55,2022-11-01
AL,CP0411,I15,2022-11,109.27,2022-11-01
AT,CP0411,I15,2022-11,125.35,2022-11-01
BE,CP0411,I15,2022-11,114.84,2022-11-01
BG,CP0411,I15,2022-11,120.69,2022-11-01
CH,CP0411,I15,2022-11,106.82,2022-11-01
CY,CP0411,I15,2022-11,115.38,2022-11-01
CZ,CP0411,I15,2022-11,125.0,2022-11-01
DE,CP0411,I15,2022-11,111.9,2022-11-01
DK,CP0411,I15,2022-11,111.0,2022-11-01
EA,CP0411,I15,2022-11,108.55,2022-11-01
EA19,CP0411,I15,2022-11,108.55,2022-11-01
EA20,CP0411,I15,2022-11,108.56,2022-11-01
EE,CP0411,I15,2022-11,159.15,2022-11-01
EEA,CP0411,I15,2022-11,108.96,2022-11-01
EL,CP0411,I15,2022-11,94.81,2022-11-01
ES,CP0411,I15,2022-11,107.32,2022-11-01
EU,CP0411,I15,2022-11,108.93,2022-11-01
EU27_2020,CP0411,I15,2022-11,109.4,2022-11-01
FI,CP0411,I15,2022-11,112.94,2022-11-01
FR,CP0411,I15,2022-11,103.02,2022-11-01
HR,CP0411,I15,2022-11,113.37,2022-11-01
HU,CP0411,I15,2022-11,155.25,2022-11-01
IE,CP0411,I15,2022-11,151.7,2022-11-01
IS,CP0411,I15,2022-11,138.0,2022-11-01
IT,CP0411,I15,2022-11,103.5,2022-11-01
LT,CP0411,I15,2022-11,162.89,2022-11-01
LU,CP0411,I15,2022-11,110.01,2022-11-01
LV,CP0411,I15,2022-11,105.82,2022-11-01
ME,CP0411,I15,2022-11,119.42,2022-11-01
MK,CP0411,I15,2022-11,102.17,2022-11-01
MT,CP0411,I15,2022-11,125.87,2022-11-01
NL,CP0411,I15,2022-11,117.38,2022-11-01
NO,CP0411,I15,2022-11,113.7,2022-11-01
PL,CP0411,I15,2022-11,151.5,2022-11-01
PT,CP0411,I15,2022-11,117.3,2022-11-01
RO,CP0411,I15,2022-11,122.78,2022-11-01
RS,CP0411,I15,2022-11,146.5,2022-11-01
SE,CP0411,I15,2022-11,110.19,2022-11-01
SI,CP0411,I15,2022-11,149.1,2022-11-01
SK,CP0411,I15,2022-11,110.34,2022-11-01
XK,CP0411,I15,2022-11,98.55,2022-11-01
FR,CP0411,I96,2022-11,146.6,2022-11-01
LT,CP0411,I96,2022-11,992.5,2022-11-01
BE,CP0411,I05,2022-12,134.85,2022-12-01
FR,CP0411,I05,2022-12,123.82,2022-12-01
LT,CP0411,I05,2022-12,402.88,2022-12-01
SI,CP0411,I05,2022-12,163.76,2022-12-01
AL,CP0411,I15,2022-12,109.27,2022-12-01
AT,CP0411,I15,2022-12,126.48,2022-12-01
BE,CP0411,I15,2022-12,115.79,2022-12-01
BG,CP0411,I15,2022-12,120.87,2022-12-01
CH,CP0411,I15,2022-12,106.9,2022-12-01
CY,CP0411,I15,2022-12,115.99,2022-12-01
CZ,CP0411,I15,2022-12,125.5,2022-12-01
DE,CP0411,I15,2022-12,112.0,2022-12-01
DK,CP0411,I15,2022-12,111.0,2022-12-01
EA,CP0411,I15,2022-12,108.74,2022-12-01
EA19,CP0411,I15,2022-12,108.74,2022-12-01
EA20,CP0411,I15,2022-12,108.75,2022-12-01
EE,CP0411,I15,2022-12,158.32,2022-12-01
EEA,CP0411,I15,2022-12,109.16,2022-12-01
EL,CP0411,I15,2022-12,95.99,2022-12-01
ES,CP0411,I15,2022-12,107.53,2022-12-01
EU,CP0411,I15,2022-12,109.13,2022-12-01
EU27_2020,CP0411,I15,2022-12,109.6,2022-12-01
FI,CP0411,I15,2022-12,113.0,2022-12-01
FR,CP0411,I15,2022-12,103.12,2022-12-01
HR,CP0411,I15,2022-12,114.92,2022-12-01
HU,CP0411,I15,2022-12,155.93,2022-12-01
IE,CP0411,I15,2022-12,152.6,2022-12-01
IS,CP0411,I15,2022-12,138.83,2022-12-01
IT,CP0411,I15,2022-12,103.7,2022-12-01
LT,CP0411,I15,2022-12,164.62,2022-12-01
LU,CP0411,I15,2022-12,110.15,2022-12-01
LV,CP0411,I15,2022-12,105.17,2022-12-01
ME,CP0411,I15,2022-12,130.31,2022-12-01
MK,CP0411,I15,2022-12,103.72,2022-12-01
MT,CP0411,I15,2022-12,127.26,2022-12-01
NL,CP0411,I15,2022-12,117.38,2022-12-01
NO,CP0411,I15,2022-12,113.8,2022-12-01
PL,CP0411,I15,2022-12,153.3,2022-12-01
PT,CP0411,I15,2022-12,117.59,2022-12-01
RO,CP0411,I15,2022-12,123.23,2022-12-01
RS,CP0411,I15,2022-12,146.8,2022-12-01
SE,CP0411,I15,2022-12,110.19,2022-12-01
SI,CP0411,I15,2022-12,150.21,2022-12-01
SK,CP0411,I15,2022-12,110.88,2022-12-01
XK,CP0411,I15,2022-12,98.55,2022-12-01
FR,CP0411,I96,2022-12,146.7,2022-12-01
LT,CP0411,I96,2022-12,1003.0,2022-12-01
BE,CP0411,I05,2023-01,135.68,2023-01-01
FR,CP0411,I05,2023-01,123.92,2023-01-01
LT,CP0411,I05,2023-01,404.77,2023-01-01
SI,CP0411,I05,2023-01,165.25,2023-01-01
AL,CP0411,I15,2023-01,109.69,2023-01-01
AT,CP0411,I15,2023-01,127.3,2023-01-01
BE,CP0411,I15,2023-01,116.5,2023-01-01
BG,CP0411,I15,2023-01,124.82,2023-01-01
CH,CP0411,I15,2023-01,106.99,2023-01-01
CY,CP0411,I15,2023-01,116.6,2023-01-01
CZ,CP0411,I15,2023-01,126.8,2023-01-01
DE,CP0411,I15,2023-01,112.4,2023-01-01
DK,CP0411,I15,2023-01,111.0,2023-01-01
EA,CP0411,I15,2023-01,108.96,2023-01-01
EA19,CP0411,I15,2023-01,108.96,2023-01-01
EA20,CP0411,I15,2023-01,108.96,2023-01-01
EE,CP0411,I15,2023-01,159.4,2023-01-01
EEA,CP0411,I15,2023-01,109.44,2023-01-01
EL,CP0411,I15,2023-01,96.49,2023-01-01
ES,CP0411,I15,2023-01,107.76,2023-01-01
EU,CP0411,I15,2023-01,109.41,2023-01-01
EU27_2020,CP0411,I15,2023-01,109.88,2023-01-01
FI,CP0411,I15,2023-01,113.01,2023-01-01
FR,CP0411,I15,2023-01,103.2,2023-01-01
HR,CP0411,I15,2023-01,115.63,2023-01-01
HU,CP0411,I15,2023-01,157.49,2023-01-01
IE,CP0411,I15,2023-01,152.8,2023-01-01
IS,CP0411,I15,2023-01,139.66,2023-01-01
IT,CP0411,I15,2023-01,103.4,2023-01-01
LT,CP0411,I15,2023-01,165.39,2023-01-01
LU,CP0411,I15,2023-01,110.27,2023-01-01
LV,CP0411,I15,2023-01,107.37,2023-01-01
ME,CP0411,I15,2023-01,130.31,2023-01-01
MK,CP0411,I15,2023-01,103.97,2023-01-01
MT,CP0411,I15,2023-01,128.44,2023-01-01
NL,CP0411,I15,2023-01,117.38,2023-01-01
NO,CP0411,I15,2023-01,114.6,2023-01-01
PL,CP0411,I15,2023-01,155.8,2023-01-01
PT,CP0411,I15,2023-01,118.24,2023-01-01
RO,CP0411,I15,2023-01,123.91,2023-01-01
RS,CP0411,I15,2023-01,151.1,2023-01-01
SE,CP0411,I15,2023-01,110.59,2023-01-01
SI,CP0411,I15,2023-01,151.57,2023-01-01
SK,CP0411,I15,2023-01,111.9,2023-01-01
XK,CP0411,I15,2023-01,98.55,2023-01-01
FR,CP0411,I96,2023-01,146.8,2023-01-01
LT,CP0411,I96,2023-01,1007.7,2023-01-01
BE,CP0411,I05,2023-02,136.69,2023-02-01
FR,CP0411,I05,2023-02,125.4,2023-02-01
LT,CP0411,I05,2023-02,406.15,2023-02-01
SI,CP0411,I05,2023-02,162.36,2023-02-01
AL,CP0411,I15,2023-02,109.73,2023-02-01
AT,CP0411,I15,2023-02,128.08,2023-02-01
BE,CP0411,I15,2023-02,117.37,2023-02-01
BG,CP0411,I15,2023-02,125.92,2023-02-01
CH,CP0411,I15,2023-02,107.21,2023-02-01
CY,CP0411,I15,2023-02,116.67,2023-02-01
CZ,CP0411,I15,2023-02,127.8,2023-02-01
DE,CP0411,I15,2023-02,112.5,2023-02-01
DK,CP0411,I15,2023-02,113.0,2023-02-01
EA,CP0411,I15,2023-02,109.5,2023-02-01
EA19,CP0411,I15,2023-02,109.5,2023-02-01
EA20,CP0411,I15,2023-02,109.51,2023-02-01
EE,CP0411,I15,2023-02,156.46,2023-02-01
EEA,CP0411,I15,2023-02,110.05,2023-02-01
EL,CP0411,I15,2023-02,96.49,2023-02-01
ES,CP0411,I15,2023-02,107.95,2023-02-01
EU,CP0411,I15,2023-02,110.01,2023-02-01
EU27_2020,CP0411,I15,2023-02,110.49,2023-02-01
FI,CP0411,I15,2023-02,113.22,2023-02-01
FR,CP0411,I15,2023-02,104.43,2023-02-01
HR,CP0411,I15,2023-02,117.77,2023-02-01
HU,CP0411,I15,2023-02,158.27,2023-02-01
IE,CP0411,I15,2023-02,154.1,2023-02-01
IS,CP0411,I15,2023-02,140.91,2023-02-01
IT,CP0411,I15,2023-02,104.1,2023-02-01
LT,CP0411,I15,2023-02,165.95,2023-02-01
LU,CP0411,I15,2023-02,110.46,2023-02-01
LV,CP0411,I15,2023-02,105.28,2023-02-01
ME,CP0411,I15,2023-02,130.31,2023-02-01
MK,CP0411,I15,2023-02,103.97,2023-02-01
MT,CP0411,I15,2023-02,130.33,2023-02-01
NL,CP0411,I15,2023-02,117.38,2023-02-01
NO,CP0411,I15,2023-02,115.1,2023-02-01
PL,CP0411,I15,2023-02,157.5,2023-02-01
PT,CP0411,I15,2023-02,118.78,2023-02-01
RO,CP0411,I15,2023-02,125.27,2023-02-01
RS,CP0411,I15,2023-02,157.8,2023-02-01
SE,CP0411,I15,2023-02,111.35,2023-02-01
SI,CP0411,I15,2023-02,148.92,2023-02-01
SK,CP0411,I15,2023-02,112.59,2023-02-01
XK,CP0411,I15,2023-02,98.55,2023-02-01
FR,CP0411,I96,2023-02,148.6,2023-02-01
LT,CP0411,I96,2023-02,1011.2,2023-02-01
BE,CP0411,I05,2023-03,137.01,2023-03-01
FR,CP0411,I05,2023-03,125.52,2023-03-01
LT,CP0411,I05,2023-03,405.81,2023-03-01
SI,CP0411,I05,2023-03,164.19,2023-03-01
AL,CP0411,I15,2023-03,109.76,2023-03-01
AT,CP0411,I15,2023-03,128.71,2023-03-01
BE,CP0411,I15,2023-03,117.65,2023-03-01
BG,CP0411,I15,2023-03,127.14,2023-03-01
CH,CP0411,I15,2023-03,107.3,2023-03-01
CY,CP0411,I15,2023-03,117.62,2023-03-01
CZ,CP0411,I15,2023-03,128.4,2023-03-01
DE,CP0411,I15,2023-03,112.8,2023-03-01
DK,CP0411,I15,2023-03,113.0,2023-03-01
EA,CP0411,I15,2023-03,109.72,2023-03-01
EA19,CP0411,I15,2023-03,109.72,2023-03-01
EA20,CP0411,I15,2023-03,109.72,2023-03-01
EE,CP0411,I15,2023-03,162.3,2023-03-01
EEA,CP0411,I15,2023-03,110.31,2023-03-01
EL,CP0411,I15,2023-03,96.49,2023-03-01
ES,CP0411,I15,2023-03,108.2,2023-03-01
EU,CP0411,I15,2023-03,110.27,2023-03-01
EU27_2020,CP0411,I15,2023-03,110.75,2023-03-01
FI,CP0411,I15,2023-03,113.55,2023-03-01
FR,CP0411,I15,2023-03,104.53,2023-03-01
HR,CP0411,I15,2023-03,118.34,2023-03-01
HU,CP0411,I15,2023-03,159.97,2023-03-01
IE,CP0411,I15,2023-03,155.0,2023-03-01
IS,CP0411,I15,2023-03,142.3,2023-03-01
IT,CP0411,I15,2023-03,104.2,2023-03-01
LT,CP0411,I15,2023-03,165.82,2023-03-01
LU,CP0411,I15,2023-03,110.63,2023-03-01
LV,CP0411,I15,2023-03,107.24,2023-03-01
ME,CP0411,I15,2023-03,130.99,2023-03-01
MK,CP0411,I15,2023-03,103.97,2023-03-01
MT,CP0411,I15,2023-03,133.37,2023-03-01
NL,CP0411,I15,2023-03,117.38,2023-03-01
NO,CP0411,I15,2023-03,115.5,2023-03-01
PL,CP0411,I15,2023-03,158.1,2023-03-01
PT,CP0411,I15,2023-03,119.43,2023-03-01
RO,CP0411,I15,2023-03,125.78,2023-03-01
RS,CP0411,I15,2023-03,158.9,2023-03-01
SE,CP0411,I15,2023-03,112.42,2023-03-01
SI,CP0411,I15,2023-03,150.6,2023-03-01
SK,CP0411,I15,2023-03,113.16,2023-03-01
XK,CP0411,I15,2023-03,98.55,2023-03-01
FR,CP0411,I96,2023-03,148.7,2023-03-01
LT,CP0411,I96,2023-03,1010.3,2023-03-01
BE,CP0411,I05,2023-04,137.01,2023-04-01
FR,CP0411,I05,2023-04,125.61,2023-04-01
LT,CP0411,I05,2023-04,408.09,2023-04-01
SI,CP0411,I05,2023-04,173.33,2023-04-01
AL,CP0411,I15,2023-04,109.76,2023-04-01
AT,CP0411,I15,2023-04,129.52,2023-04-01
BE,CP0411,I15,2023-04,117.64,2023-04-01
BG,CP0411,I15,2023-04,127.29,2023-04-01
CH,CP0411,I15,2023-04,107.4,2023-04-01
CY,CP0411,I15,2023-04,117.62,2023-04-01
CZ,CP0411,I15,2023-04,129.1,2023-04-01
DE,CP0411,I15,2023-04,113.0,2023-04-01
DK,CP0411,I15,2023-04,113.0,2023-04-01
EA,CP0411,I15,2023-04,109.86,2023-04-01
EA19,CP0411,I15,2023-04,109.86,2023-04-01
EA20,CP0411,I15,2023-04,109.87,2023-04-01
EE,CP0411,I15,2023-04,155.95,2023-04-01
EEA,CP0411,I15,2023-04,110.49,2023-04-01
EL,CP0411,I15,2023-04,96.49,2023-04-01
ES,CP0411,I15,2023-04,108.37,2023-04-01
EU,CP0411,I15,2023-04,110.45,2023-04-01
EU27_2020,CP0411,I15,2023-04,110.93,2023-04-01
FI,CP0411,I15,2023-04,113.9,2023-04-01
FR,CP0411,I15,2023-04,104.6,2023-04-01
HR,CP0411,I15,2023-04,118.89,2023-04-01
HU,CP0411,I15,2023-04,161.41,2023-04-01
IE,CP0411,I15,2023-04,155.2,2023-04-01
IS,CP0411,I15,2023-04,143.46,2023-04-01
IT,CP0411,I15,2023-04,104.3,2023-04-01
LT,CP0411,I15,2023-04,166.75,2023-04-01
LU,CP0411,I15,2023-04,110.94,2023-04-01
LV,CP0411,I15,2023-04,111.01,2023-04-01
ME,CP0411,I15,2023-04,136.44,2023-04-01
MK,CP0411,I15,2023-04,104.61,2023-04-01
MT,CP0411,I15,2023-04,136.8,2023-04-01
NL,CP0411,I15,2023-04,117.38,2023-04-01
NO,CP0411,I15,2023-04,115.7,2023-04-01
PL,CP0411,I15,2023-04,158.5,2023-04-01
PT,CP0411,I15,2023-04,119.96,2023-04-01
RO,CP0411,I15,2023-04,127.91,2023-04-01
RS,CP0411,I15,2023-04,156.7,2023-04-01
SE,CP0411,I15,2023-04,113.41,2023-04-01
SI,CP0411,I15,2023-04,158.99,2023-04-01
SK,CP0411,I15,2023-04,113.39,2023-04-01
XK,CP0411,I15,2023-04,98.55,2023-04-01
FR,CP0411,I96,2023-04,148.8,2023-04-01
LT,CP0411,I96,2023-04,1016.0,2023-04-01
BE,CP0411,I05,2023-05,138.26,2023-05-01
FR,CP0411,I05,2023-05,125.77,2023-05-01
LT,CP0411,I05,2023-05,409.57,2023-05-01
SI,CP0411,I05,2023-05,173.23,2023-05-01
AL,CP0411,I15,2023-05,110.51,2023-05-01
AT,CP0411,I15,2023-05,130.78,2023-05-01
BE,CP0411,I15,2023-05,118.71,2023-05-01
BG,CP0411,I15,2023-05,127.82,2023-05-01
CH,CP0411,I15,2023-05,107.53,2023-05-01
CY,CP0411,I15,2023-05,118.91,2023-05-01
CZ,CP0411,I15,2023-05,129.7,2023-05-01
DE,CP0411,I15,2023-05,113.2,2023-05-01
DK,CP0411,I15,2023-05,113.2,2023-05-01
EA,CP0411,I15,2023-05,110.14,2023-05-01
EA19,CP0411,I15,2023-05,110.14,2023-05-01
EA20,CP0411,I15,2023-05,110.15,2023-05-01
EE,CP0411,I15,2023-05,156.68,2023-05-01
EEA,CP0411,I15,2023-05,110.79,2023-05-01
EL,CP0411,I15,2023-05,96.85,2023-05-01
ES,CP0411,I15,2023-05,108.59,2023-05-01
EU,CP0411,I15,2023-05,110.75,2023-05-01
EU27_2020,CP0411,I15,2023-05,111.23,2023-05-01
FI,CP0411,I15,2023-05,114.04,2023-05-01
FR,CP0411,I15,2023-05,104.74,2023-05-01
HR,CP0411,I15,2023-05,118.39,2023-05-01
HU,CP0411,I15,2023-05,163.37,2023-05-01
IE,CP0411,I15,2023-05,156.1,2023-05-01
IS,CP0411,I15,2023-05,144.47,2023-05-01
IT,CP0411,I15,2023-05,104.8,2023-05-01
LT,CP0411,I15,2023-05,167.35,2023-05-01
LU,CP0411,I15,2023-05,111.16,2023-05-01
LV,CP0411,I15,2023-05,111.42,2023-05-01
ME,CP0411,I15,2023-05,136.67,2023-05-01
MK,CP0411,I15,2023-05,104.69,2023-05-01
MT,CP0411,I15,2023-05,139.12,2023-05-01
NL,CP0411,I15,2023-05,117.38,2023-05-01
NO,CP0411,I15,2023-05,116.2,2023-05-01
PL,CP0411,I15,2023-05,158.8,2023-05-01
PT,CP0411,I15,2023-05,120.42,2023-05-01
RO,CP0411,I15,2023-05,128.96,2023-05-01
RS,CP0411,I15,2023-05,156.6,2023-05-01
SE,CP0411,I15,2023-05,113.91,2023-05-01
SI,CP0411,I15,2023-05,158.89,2023-05-01
SK,CP0411,I15,2023-05,113.03,2023-05-01
XK,CP0411,I15,2023-05,98.55,2023-05-01
FR,CP0411,I96,2023-05,149.0,2023-05-01
LT,CP0411,I96,2023-05,1019.7,2023-05-01
BE,CP0411,I05,2023-06,138.9,2023-06-01
FR,CP0411,I05,2023-06,125.86,2023-06-01
LT,CP0411,I05,2023-06,415.17,2023-06-01
SI,CP0411,I05,2023-06,175.22,2023-06-01
AL,CP0411,I15,2023-06,110.68,2023-06-01
AT,CP0411,I15,2023-06,131.54,2023-06-01
BE,CP0411,I15,2023-06,119.27,2023-06-01
BG,CP0411,I15,2023-06,127.98,2023-06-01
CH,CP0411,I15,2023-06,107.62,2023-06-01
CY,CP0411,I15,2023-06,118.91,2023-06-01
CZ,CP0411,I15,2023-06,130.0,2023-06-01
DE,CP0411,I15,2023-06,113.4,2023-06-01
DK,CP0411,I15,2023-06,113.2,2023-06-01
EA,CP0411,I15,2023-06,110.33,2023-06-01
EA19,CP0411,I15,2023-06,110.33,2023-06-01
EA20,CP0411,I15,2023-06,110.33,2023-06-01
EE,CP0411,I15,2023-06,159.76,2023-06-01
EEA,CP0411,I15,2023-06,110.99,2023-06-01
EL,CP0411,I15,2023-06,97.25,2023-06-01
ES,CP0411,I15,2023-06,108.75,2023-06-01
EU,CP0411,I15,2023-06,110.95,2023-06-01
EU27_2020,CP0411,I15,2023-06,111.43,2023-06-01
FI,CP0411,I15,2023-06,114.16,2023-06-01
FR,CP0411,I15,2023-06,104.81,2023-06-01
HR,CP0411,I15,2023-06,118.53,2023-06-01
HU,CP0411,I15,2023-06,164.72,2023-06-01
IE,CP0411,I15,2023-06,156.9,2023-06-01
IS,CP0411,I15,2023-06,145.58,2023-06-01
IT,CP0411,I15,2023-06,104.9,2023-06-01
LT,CP0411,I15,2023-06,169.64,2023-06-01
LU,CP0411,I15,2023-06,111.17,2023-06-01
LV,CP0411,I15,2023-06,114.34,2023-06-01
ME,CP0411,I15,2023-06,136.57,2023-06-01
MK,CP0411,I15,2023-06,104.69,2023-06-01
MT,CP0411,I15,2023-06,140.63,2023-06-01
NL,CP0411,I15,2023-06,117.38,2023-06-01
NO,CP0411,I15,2023-06,116.7,2023-06-01
PL,CP0411,I15,2023-06,159.4,2023-06-01
PT,CP0411,I15,2023-06,120.89,2023-06-01
RO,CP0411,I15,2023-06,129.78,2023-06-01
RS,CP0411,I15,2023-06,151.9,2023-06-01
SE,CP0411,I15,2023-06,114.33,2023-06-01
SI,CP0411,I15,2023-06,160.72,2023-06-01
SK,CP0411,I15,2023-06,113.52,2023-06-01
XK,CP0411,I15,2023-06,98.55,2023-06-01
FR,CP0411,I96,2023-06,149.1,2023-06-01
LT,CP0411,I96,2023-06,1033.6,2023-06-01
BE,CP0411,I05,2023-07,138.73,2023-07-01
FR,CP0411,I05,2023-07,125.99,2023-07-01
LT,CP0411,I05,2023-07,414.21,2023-07-01
SI,CP0411,I05,2023-07,175.57,2023-07-01
AL,CP0411,I15,2023-07,110.67,2023-07-01
AT,CP0411,I15,2023-07,132.45,2023-07-01
BE,CP0411,I15,2023-07,119.12,2023-07-01
BG,CP0411,I15,2023-07,127.98,2023-07-01
CH,CP0411,I15,2023-07,107.72,2023-07-01
CY,CP0411,I15,2023-07,119.36,2023-07-01
CZ,CP0411,I15,2023-07,131.9,2023-07-01
DE,CP0411,I15,2023-07,113.5,2023-07-01
DK,CP0411,I15,2023-07,113.2,2023-07-01
EA,CP0411,I15,2023-07,110.7,2023-07-01
EA19,CP0411,I15,2023-07,110.7,2023-07-01
EA20,CP0411,I15,2023-07,110.71,2023-07-01
EE,CP0411,I15,2023-07,161.63,2023-07-01
EEA,CP0411,I15,2023-07,111.37,2023-07-01
EL,CP0411,I15,2023-07,98.22,2023-07-01
ES,CP0411,I15,2023-07,108.92,2023-07-01
EU,CP0411,I15,2023-07,111.33,2023-07-01
EU27_2020,CP0411,I15,2023-07,111.81,2023-07-01
FI,CP0411,I15,2023-07,114.56,2023-07-01
FR,CP0411,I15,2023-07,104.93,2023-07-01
HR,CP0411,I15,2023-07,118.91,2023-07-01
HU,CP0411,I15,2023-07,167.03,2023-07-01
IE,CP0411,I15,2023-07,157.8,2023-07-01
IS,CP0411,I15,2023-07,146.76,2023-07-01
IT,CP0411,I15,2023-07,105.1,2023-07-01
LT,CP0411,I15,2023-07,169.25,2023-07-01
LU,CP0411,I15,2023-07,111.29,2023-07-01
LV,CP0411,I15,2023-07,114.96,2023-07-01
ME,CP0411,I15,2023-07,137.06,2023-07-01
MK,CP0411,I15,2023-07,104.69,2023-07-01
MT,CP0411,I15,2023-07,146.05,2023-07-01
NL,CP0411,I15,2023-07,119.7,2023-07-01
NO,CP0411,I15,2023-07,117.0,2023-07-01
PL,CP0411,I15,2023-07,159.9,2023-07-01
PT,CP0411,I15,2023-07,121.31,2023-07-01
RO,CP0411,I15,2023-07,130.33,2023-07-01
RS,CP0411,I15,2023-07,152.7,2023-07-01
SE,CP0411,I15,2023-07,114.54,2023-07-01
SI,CP0411,I15,2023-07,161.04,2023-07-01
SK,CP0411,I15,2023-07,113.78,2023-07-01
XK,CP0411,I15,2023-07,99.61,2023-07-01
FR,CP0411,I96,2023-07,149.3,2023-07-01
LT,CP0411,I96,2023-07,1031.2,2023-07-01
BE,CP0411,I05,2023-08,139.39,2023-08-01
FR,CP0411,I05,2023-08,126.14,2023-08-01
LT,CP0411,I05,2023-08,414.2,2023-08-01
SI,CP0411,I05,2023-08,179.9,2023-08-01
AL,CP0411,I15,2023-08,113.37,2023-08-01
AT,CP0411,I15,2023-08,133.76,2023-08-01
BE,CP0411,I15,2023-08,119.68,2023-08-01
BG,CP0411,I15,2023-08,128.47,2023-08-01
CH,CP0411,I15,2023-08,108.0,2023-08-01
CY,CP0411,I15,2023-08,120.57,2023-08-01
CZ,CP0411,I15,2023-08,132.5,2023-08-01
DE,CP0411,I15,2023-08,113.8,2023-08-01
DK,CP0411,I15,2023-08,113.5,2023-08-01
EA,CP0411,I15,2023-08,111.0,2023-08-01
EA19,CP0411,I15,2023-08,111.0,2023-08-01
EA20,CP0411,I15,2023-08,111.0,2023-08-01
EE,CP0411,I15,2023-08,166.12,2023-08-01
EEA,CP0411,I15,2023-08,111.68,2023-08-01
EL,CP0411,I15,2023-08,98.6,2023-08-01
ES,CP0411,I15,2023-08,108.99,2023-08-01
EU,CP0411,I15,2023-08,111.63,2023-08-01
EU27_2020,CP0411,I15,2023-08,112.11,2023-08-01
FI,CP0411,I15,2023-08,114.69,2023-08-01
FR,CP0411,I15,2023-08,105.05,2023-08-01
HR,CP0411,I15,2023-08,119.89,2023-08-01
HU,CP0411,I15,2023-08,170.35,2023-08-01
IE,CP0411,I15,2023-08,159.5,2023-08-01
IS,CP0411,I15,2023-08,147.48,2023-08-01
IT,CP0411,I15,2023-08,105.7,2023-08-01
LT,CP0411,I15,2023-08,169.24,2023-08-01
LU,CP0411,I15,2023-08,111.46,2023-08-01
LV,CP0411,I15,2023-08,116.81,2023-08-01
ME,CP0411,I15,2023-08,137.06,2023-08-01
MK,CP0411,I15,2023-08,104.69,2023-08-01
MT,CP0411,I15,2023-08,146.5,2023-08-01
NL,CP0411,I15,2023-08,119.7,2023-08-01
NO,CP0411,I15,2023-08,117.5,2023-08-01
PL,CP0411,I15,2023-08,160.1,2023-08-01
PT,CP0411,I15,2023-08,121.78,2023-08-01
RO,CP0411,I15,2023-08,131.16,2023-08-01
RS,CP0411,I15,2023-08,150.0,2023-08-01
SE,CP0411,I15,2023-08,114.58,2023-08-01
SI,CP0411,I15,2023-08,165.01,2023-08-01
SK,CP0411,I15,2023-08,115.06,2023-08-01
XK,CP0411,I15,2023-08,99.61,2023-08-01
FR,CP0411,I96,2023-08,149.5,2023-08-01
LT,CP0411,I96,2023-08,1031.2,2023-08-01
BE,CP0411,I05,2023-09,139.17,2023-09-01
FR,CP0411,I05,2023-09,126.25,2023-09-01
LT,CP0411,I05,2023-09,413.54,2023-09-01
SI,CP0411,I05,2023-09,183.52,2023-09-01
AL,CP0411,I15,2023-09,113.37,2023-09-01
AT,CP0411,I15,2023-09,134.92,2023-09-01
BE,CP0411,I15,2023-09,119.49,2023-09-01
BG,CP0411,I15,2023-09,128.47,2023-09-01
CH,CP0411,I15,2023-09,108.09,2023-09-01
CY,CP0411,I15,2023-09,120.69,2023-09-01
CZ,CP0411,I15,2023-09,133.2,2023-09-01
DE,CP0411,I15,2023-09,113.9,2023-09-01
DK,CP0411,I15,2023-09,113.5,2023-09-01
EA,CP0411,I15,2023-09,111.14,2023-09-01
EA19,CP0411,I15,2023-09,111.13,2023-09-01
EA20,CP0411,I15,2023-09,111.14,2023-09-01
EE,CP0411,I15,2023-09,159.84,2023-09-01
EEA,CP0411,I15,2023-09,111.84,2023-09-01
EL,CP0411,I15,2023-09,99.24,2023-09-01
ES,CP0411,I15,2023-09,109.15,2023-09-01
EU,CP0411,I15,2023-09,111.79,2023-09-01
EU27_2020,CP0411,I15,2023-09,112.28,2023-09-01
FI,CP0411,I15,2023-09,114.8,2023-09-01
FR,CP0411,I15,2023-09,105.14,2023-09-01
HR,CP0411,I15,2023-09,120.94,2023-09-01
HU,CP0411,I15,2023-09,172.17,2023-09-01
IE,CP0411,I15,2023-09,161.0,2023-09-01
IS,CP0411,I15,2023-09,148.8,2023-09-01
IT,CP0411,I15,2023-09,105.7,2023-09-01
LT,CP0411,I15,2023-09,168.97,2023-09-01
LU,CP0411,I15,2023-09,111.47,2023-09-01
LV,CP0411,I15,2023-09,117.35,2023-09-01
ME,CP0411,I15,2023-09,139.99,2023-09-01
MK,CP0411,I15,2023-09,104.92,2023-09-01
MT,CP0411,I15,2023-09,147.62,2023-09-01
NL,CP0411,I15,2023-09,119.7,2023-09-01
NO,CP0411,I15,2023-09,118.0,2023-09-01
PL,CP0411,I15,2023-09,161.4,2023-09-01
PT,CP0411,I15,2023-09,122.26,2023-09-01
RO,CP0411,I15,2023-09,133.72,2023-09-01
RS,CP0411,I15,2023-09,150.8,2023-09-01
SE,CP0411,I15,2023-09,114.58,2023-09-01
SI,CP0411,I15,2023-09,168.33,2023-09-01
SK,CP0411,I15,2023-09,114.97,2023-09-01
XK,CP0411,I15,2023-09,101.53,2023-09-01
FR,CP0411,I96,2023-09,149.6,2023-09-01
LT,CP0411,I96,2023-09,1029.6,2023-09-01
BE,CP0411,I05,2023-10,140.96,2023-10-01
FR,CP0411,I05,2023-10,126.4,2023-10-01
LT,CP0411,I05,2023-10,415.2,2023-10-01
SI,CP0411,I05,2023-10,185.45,2023-10-01
AL,CP0411,I15,2023-10,113.45,2023-10-01
AT,CP0411,I15,2023-10,136.1,2023-10-01
BE,CP0411,I15,2023-10,121.03,2023-10-01
BG,CP0411,I15,2023-10,129.06,2023-10-01
CH,CP0411,I15,2023-10,108.18,2023-10-01
CY,CP0411,I15,2023-10,121.6,2023-10-01
CZ,CP0411,I15,2023-10,134.0,2023-10-01
DE,CP0411,I15,2023-10,114.1,2023-10-01
DK,CP0411,I15,2023-10,113.5,2023-10-01
EA,CP0411,I15,2023-10,111.38,2023-10-01
EA19,CP0411,I15,2023-10,111.37,2023-10-01
EA20,CP0411,I15,2023-10,111.38,2023-10-01
EE,CP0411,I15,2023-10,160.62,2023-10-01
EEA,CP0411,I15,2023-10,112.1,2023-10-01
EL,CP0411,I15,2023-10,99.54,2023-10-01
ES,CP0411,I15,2023-10,109.32,2023-10-01
EU,CP0411,I15,2023-10,112.04,2023-10-01
EU27_2020,CP0411,I15,2023-10,112.53,2023-10-01
FI,CP0411,I15,2023-10,115.11,2023-10-01
FR,CP0411,I15,2023-10,105.26,2023-10-01
HR,CP0411,I15,2023-10,121.61,2023-10-01
HU,CP0411,I15,2023-10,173.71,2023-10-01
IE,CP0411,I15,2023-10,161.0,2023-10-01
IS,CP0411,I15,2023-10,149.14,2023-10-01
IT,CP0411,I15,2023-10,105.9,2023-10-01
LT,CP0411,I15,2023-10,169.65,2023-10-01
LU,CP0411,I15,2023-10,111.7,2023-10-01
LV,CP0411,I15,2023-10,116.62,2023-10-01
ME,CP0411,I15,2023-10,143.5,2023-10-01
MK,CP0411,I15,2023-10,104.92,2023-10-01
MT,CP0411,I15,2023-10,148.74,2023-10-01
NL,CP0411,I15,2023-10,119.7,2023-10-01
NO,CP0411,I15,2023-10,118.5,2023-10-01
PL,CP0411,I15,2023-10,162.5,2023-10-01
PT,CP0411,I15,2023-10,122.77,2023-10-01
RO,CP0411,I15,2023-10,134.6,2023-10-01
RS,CP0411,I15,2023-10,151.4,2023-10-01
SE,CP0411,I15,2023-10,114.58,2023-10-01
SI,CP0411,I15,2023-10,170.1,2023-10-01
SK,CP0411,I15,2023-10,114.83,2023-10-01
XK,CP0411,I15,2023-10,101.53,2023-10-01
FR,CP0411,I96,2023-10,149.8,2023-10-01
LT,CP0411,I96,2023-10,1033.7,2023-10-01
BE,CP0411,I05,2023-11,141.17,2023-11-01
FR,CP0411,I05,2023-11,126.43,2023-11-01
LT,CP0411,I05,2023-11,416.92,2023-11-01
SI,CP0411,I05,2023-11,181.78,2023-11-01
AL,CP0411,I15,2023-11,113.58,2023-11-01
AT,CP0411,I15,2023-11,137.05,2023-11-01
BE,CP0411,I15,2023-11,121.22,2023-11-01
BG,CP0411,I15,2023-11,129.44,2023-11-01
CH,CP0411,I15,2023-11,109.2,2023-11-01
CY,CP0411,I15,2023-11,122.1,2023-11-01
CZ,CP0411,I15,2023-11,134.3,2023-11-01
DE,CP0411,I15,2023-11,114.2,2023-11-01
DK,CP0411,I15,2023-11,113.9,2023-11-01
EA,CP0411,I15,2023-11,111.49,2023-11-01
EA19,CP0411,I15,2023-11,111.49,2023-11-01
EA20,CP0411,I15,2023-11,111.5,2023-11-01
EE,CP0411,I15,2023-11,156.53,2023-11-01
EEA,CP0411,I15,2023-11,112.23,2023-11-01
EL,CP0411,I15,2023-11,99.68,2023-11-01
ES,CP0411,I15,2023-11,109.53,2023-11-01
EU,CP0411,I15,2023-11,112.18,2023-11-01
EU27_2020,CP0411,I15,2023-11,112.66,2023-11-01
FI,CP0411,I15,2023-11,115.15,2023-11-01
FR,CP0411,I15,2023-11,105.29,2023-11-01
HR,CP0411,I15,2023-11,121.85,2023-11-01
HU,CP0411,I15,2023-11,174.29,2023-11-01
IE,CP0411,I15,2023-11,161.2,2023-11-01
IS,CP0411,I15,2023-11,150.0,2023-11-01
IT,CP0411,I15,2023-11,106.0,2023-11-01
LT,CP0411,I15,2023-11,170.36,2023-11-01
LU,CP0411,I15,2023-11,111.76,2023-11-01
LV,CP0411,I15,2023-11,115.4,2023-11-01
ME,CP0411,I15,2023-11,143.55,2023-11-01
MK,CP0411,I15,2023-11,104.92,2023-11-01
MT,CP0411,I15,2023-11,149.74,2023-11-01
NL,CP0411,I15,2023-11,119.7,2023-11-01
NO,CP0411,I15,2023-11,118.7,2023-11-01
PL,CP0411,I15,2023-11,163.3,2023-11-01
PT,CP0411,I15,2023-11,123.23,2023-11-01
RO,CP0411,I15,2023-11,135.05,2023-11-01
RS,CP0411,I15,2023-11,154.2,2023-11-01
SE,CP0411,I15,2023-11,114.58,2023-11-01
SI,CP0411,I15,2023-11,166.74,2023-11-01
SK,CP0411,I15,2023-11,115.21,2023-11-01
XK,CP0411,I15,2023-11,101.53,2023-11-01
FR,CP0411,I96,2023-11,149.8,2023-11-01
LT,CP0411,I96,2023-11,1038.0,2023-11-01
BE,CP0411,I05,2023-12,142.19,2023-12-01
FR,CP0411,I05,2023-12,126.57,2023-12-01
LT,CP0411,I05,2023-12,416.56,2023-12-01
SI,CP0411,I05,2023-12,178.98,2023-12-01
AL,CP0411,I15,2023-12,114.56,2023-12-01
AT,CP0411,I15,2023-12,137.94,2023-12-01
BE,CP0411,I15,2023-12,122.09,2023-12-01
BG,CP0411,I15,2023-12,130.3,2023-12-01
CH,CP0411,I15,2023-12,109.3,2023-12-01
CY,CP0411,I15,2023-12,122.15,2023-12-01
CZ,CP0411,I15,2023-12,134.6,2023-12-01
DE,CP0411,I15,2023-12,114.4,2023-12-01
DK,CP0411,I15,2023-12,113.9,2023-12-01
EA,CP0411,I15,2023-12,111.75,2023-12-01
EA19,CP0411,I15,2023-12,111.75,2023-12-01
EA20,CP0411,I15,2023-12,111.76,2023-12-01
EE,CP0411,I15,2023-12,153.16,2023-12-01
EEA,CP0411,I15,2023-12,112.48,2023-12-01
EL,CP0411,I15,2023-12,99.8,2023-12-01
ES,CP0411,I15,2023-12,109.67,2023-12-01
EU,CP0411,I15,2023-12,112.43,2023-12-01
EU27_2020,CP0411,I15,2023-12,112.91,2023-12-01
FI,CP0411,I15,2023-12,115.18,2023-12-01
FR,CP0411,I15,2023-12,105.4,2023-12-01
HR,CP0411,I15,2023-12,122.25,2023-12-01
HU,CP0411,I15,2023-12,175.02,2023-12-01
IE,CP0411,I15,2023-12,162.3,2023-12-01
IS,CP0411,I15,2023-12,151.62,2023-12-01
IT,CP0411,I15,2023-12,106.8,2023-12-01
LT,CP0411,I15,2023-12,170.21,2023-12-01
LU,CP0411,I15,2023-12,111.86,2023-12-01
LV,CP0411,I15,2023-12,115.03,2023-12-01
ME,CP0411,I15,2023-12,143.62,2023-12-01
MK,CP0411,I15,2023-12,104.92,2023-12-01
MT,CP0411,I15,2023-12,151.77,2023-12-01
NL,CP0411,I15,2023-12,119.7,2023-12-01
NO,CP0411,I15,2023-12,118.8,2023-12-01
PL,CP0411,I15,2023-12,163.9,2023-12-01
PT,CP0411,I15,2023-12,123.56,2023-12-01
RO,CP0411,I15,2023-12,135.44,2023-12-01
RS,CP0411,I15,2023-12,154.4,2023-12-01
SE,CP0411,I15,2023-12,114.58,2023-12-01
SI,CP0411,I15,2023-12,164.16,2023-12-01
SK,CP0411,I15,2023-12,115.51,2023-12-01
XK,CP0411,I15,2023-12,101.53,2023-12-01
FR,CP0411,I96,2023-12,150.0,2023-12-01
LT,CP0411,I96,2023-12,1037.1,2023-12-01
BE,CP0411,I05,2024-01,143.57,2024-01-01
FR,CP0411,I05,2024-01,126.77,2024-01-01
LT,CP0411,I05,2024-01,416.89,2024-01-01
SI,CP0411,I05,2024-01,179.7,2024-01-01
AL,CP0411,I15,2024-01,114.56,2024-01-01
AT,CP0411,I15,2024-01,138.8,2024-01-01
BE,CP0411,I15,2024-01,123.27,2024-01-01
BG,CP0411,I15,2024-01,132.35,2024-01-01
CH,CP0411,I15,2024-01,109.4,2024-01-01
CY,CP0411,I15,2024-01,122.3,2024-01-01
CZ,CP0411,I15,2024-01,135.8,2024-01-01
DE,CP0411,I15,2024-01,114.8,2024-01-01
DK,CP0411,I15,2024-01,113.9,2024-01-01
EA,CP0411,I15,2024-01,112.07,2024-01-01
EA19,CP0411,I15,2024-01,112.07,2024-01-01
EA20,CP0411,I15,2024-01,112.07,2024-01-01
EE,CP0411,I15,2024-01,153.44,2024-01-01
EEA,CP0411,I15,2024-01,112.86,2024-01-01
EL,CP0411,I15,2024-01,99.95,2024-01-01
ES,CP0411,I15,2024-01,109.85,2024-01-01
EU,CP0411,I15,2024-01,112.81,2024-01-01
EU27_2020,CP0411,I15,2024-01,113.3,2024-01-01
FI,CP0411,I15,2024-01,115.55,2024-01-01
FR,CP0411,I15,2024-01,105.57,2024-01-01
HR,CP0411,I15,2024-01,122.47,2024-01-01
HU,CP0411,I15,2024-01,179.31,2024-01-01
IE,CP0411,I15,2024-01,162.4,2024-01-01
IS,CP0411,I15,2024-01,152.39,2024-01-01
IT,CP0411,I15,2024-01,106.9,2024-01-01
LT,CP0411,I15,2024-01,170.34,2024-01-01
LU,CP0411,I15,2024-01,111.97,2024-01-01
LV,CP0411,I15,2024-01,115.92,2024-01-01
ME,CP0411,I15,2024-01,143.99,2024-01-01
MK,CP0411,I15,2024-01,104.92,2024-01-01
MT,CP0411,I15,2024-01,153.56,2024-01-01
NL,CP0411,I15,2024-01,119.7,2024-01-01
NO,CP0411,I15,2024-01,119.5,2024-01-01
PL,CP0411,I15,2024-01,164.7,2024-01-01
PT,CP0411,I15,2024-01,125.26,2024-01-01
RO,CP0411,I15,2024-01,140.15,2024-01-01
RS,CP0411,I15,2024-01,156.2,2024-01-01
SE,CP0411,I15,2024-01,115.51,2024-01-01
SI,CP0411,I15,2024-01,164.83,2024-01-01
SK,CP0411,I15,2024-01,116.37,2024-01-01
XK,CP0411,I15,2024-01,100.18,2024-01-01
FR,CP0411,I96,2024-01,150.2,2024-01-01
LT,CP0411,I96,2024-01,1037.9,2024-01-01
BE,CP0411,I05,2024-02,144.4,2024-02-01
FR,CP0411,I05,2024-02,128.12,2024-02-01
LT,CP0411,I05,2024-02,418.54,2024-02-01
SI,CP0411,I05,2024-02,182.33,2024-02-01
AL,CP0411,I15,2024-02,114.57,2024-02-01
AT,CP0411,I15,2024-02,139.03,2024-02-01
BE,CP0411,I15,2024-02,123.99,2024-02-01
BG,CP0411,I15,2024-02,132.71,2024-02-01
CH,CP0411,I15,2024-02,109.9,2024-02-01
CY,CP0411,I15,2024-02,122.62,2024-02-01
CZ,CP0411,I15,2024-02,136.5,2024-02-01
DE,CP0411,I15,2024-02,115.0,2024-02-01
DK,CP0411,I15,2024-02,115.2,2024-02-01
EA,CP0411,I15,2024-02,112.58,2024-02-01
EA19,CP0411,I15,2024-02,112.58,2024-02-01
EA20,CP0411,I15,2024-02,112.59,2024-02-01
EE,CP0411,I15,2024-02,153.53,2024-02-01
EEA,CP0411,I15,2024-02,113.42,2024-02-01
EL,CP0411,I15,2024-02,100.13,2024-02-01
ES,CP0411,I15,2024-02,110.1,2024-02-01
EU,CP0411,I15,2024-02,113.36,2024-02-01
EU27_2020,CP0411,I15,2024-02,113.86,2024-02-01
FI,CP0411,I15,2024-02,115.82,2024-02-01
FR,CP0411,I15,2024-02,106.69,2024-02-01
HR,CP0411,I15,2024-02,123.52,2024-02-01
HU,CP0411,I15,2024-02,181.08,2024-02-01
IE,CP0411,I15,2024-02,163.0,2024-02-01
IS,CP0411,I15,2024-02,153.91,2024-02-01
IT,CP0411,I15,2024-02,107.3,2024-02-01
LT,CP0411,I15,2024-02,171.01,2024-02-01
LU,CP0411,I15,2024-02,112.32,2024-02-01
LV,CP0411,I15,2024-02,115.57,2024-02-01
ME,CP0411,I15,2024-02,144.6,2024-02-01
MK,CP0411,I15,2024-02,104.92,2024-02-01
MT,CP0411,I15,2024-02,153.69,2024-02-01
NL,CP0411,I15,2024-02,119.7,2024-02-01
NO,CP0411,I15,2024-02,119.9,2024-02-01
PL,CP0411,I15,2024-02,165.1,2024-02-01
PT,CP0411,I15,2024-02,126.55,2024-02-01
RO,CP0411,I15,2024-02,141.68,2024-02-01
RS,CP0411,I15,2024-02,156.5,2024-02-01
SE,CP0411,I15,2024-02,116.66,2024-02-01
SI,CP0411,I15,2024-02,167.24,2024-02-01
SK,CP0411,I15,2024-02,117.46,2024-02-01
XK,CP0411,I15,2024-02,100.18,2024-02-01
FR,CP0411,I96,2024-02,151.8,2024-02-01
LT,CP0411,I96,2024-02,1042.0,2024-02-01
BE,CP0411,I05,2024-03,144.59,2024-03-01
FR,CP0411,I05,2024-03,128.38,2024-03-01
LT,CP0411,I05,2024-03,423.65,2024-03-01
SI,CP0411,I05,2024-03,179.82,2024-03-01
AL,CP0411,I15,2024-03,114.61,2024-03-01
AT,CP0411,I15,2024-03,139.51,2024-03-01
BE,CP0411,I15,2024-03,124.15,2024-03-01
BG,CP0411,I15,2024-03,133.13,2024-03-01
CH,CP0411,I15,2024-03,110.05,2024-03-01
CY,CP0411,I15,2024-03,123.55,2024-03-01
CZ,CP0411,I15,2024-03,137.5,2024-03-01
DE,CP0411,I15,2024-03,115.3,2024-03-01
DK,CP0411,I15,2024-03,115.2,2024-03-01
EA,CP0411,I15,2024-03,112.82,2024-03-01
EA19,CP0411,I15,2024-03,112.81,2024-03-01
EA20,CP0411,I15,2024-03,112.83,2024-03-01
EE,CP0411,I15,2024-03,154.12,2024-03-01
EEA,CP0411,I15,2024-03,113.7,2024-03-01
EL,CP0411,I15,2024-03,100.36,2024-03-01
ES,CP0411,I15,2024-03,110.37,2024-03-01
EU,CP0411,I15,2024-03,113.64,2024-03-01
EU27_2020,CP0411,I15,2024-03,114.13,2024-03-01
FI,CP0411,I15,2024-03,116.19,2024-03-01
FR,CP0411,I15,2024-03,106.91,2024-03-01
HR,CP0411,I15,2024-03,124.29,2024-03-01
HU,CP0411,I15,2024-03,182.5,2024-03-01
IE,CP0411,I15,2024-03,163.4,2024-03-01
IS,CP0411,I15,2024-03,155.1,2024-03-01
IT,CP0411,I15,2024-03,107.5,2024-03-01
LT,CP0411,I15,2024-03,173.1,2024-03-01
LU,CP0411,I15,2024-03,112.39,2024-03-01
LV,CP0411,I15,2024-03,116.34,2024-03-01
ME,CP0411,I15,2024-03,145.45,2024-03-01
MK,CP0411,I15,2024-03,104.92,2024-03-01
MT,CP0411,I15,2024-03,154.3,2024-03-01
NL,CP0411,I15,2024-03,119.7,2024-03-01
NO,CP0411,I15,2024-03,120.5,2024-03-01
PL,CP0411,I15,2024-03,166.4,2024-03-01
PT,CP0411,I15,2024-03,127.72,2024-03-01
RO,CP0411,I15,2024-03,141.88,2024-03-01
RS,CP0411,I15,2024-03,157.1,2024-03-01
SE,CP0411,I15,2024-03,117.44,2024-03-01
SI,CP0411,I15,2024-03,164.94,2024-03-01
SK,CP0411,I15,2024-03,118.02,2024-03-01
XK,CP0411,I15,2024-03,100.18,2024-03-01
FR,CP0411,I96,2024-03,152.1,2024-03-01
LT,CP0411,I96,2024-03,1054.7,2024-03-01
BE,CP0411,I05,2024-04,144.31,2024-04-01
FR,CP0411,I05,2024-04,128.52,2024-04-01
LT,CP0411,I05,2024-04,425.05,2024-04-01
SI,CP0411,I05,2024-04,185.13,2024-04-01
AL,CP0411,I15,2024-04,114.61,2024-04-01
AT,CP0411,I15,2024-04,139.8,2024-04-01
BE,CP0411,I15,2024-04,123.91,2024-04-01
BG,CP0411,I15,2024-04,133.31,2024-04-01
CH,CP0411,I15,2024-04,110.21,2024-04-01
CY,CP0411,I15,2024-04,123.91,2024-04-01
CZ,CP0411,I15,2024-04,138.4,2024-04-01
DE,CP0411,I15,2024-04,115.5,2024-04-01
DK,CP0411,I15,2024-04,115.2,2024-04-01
EA,CP0411,I15,2024-04,113.0,2024-04-01
EA19,CP0411,I15,2024-04,112.99,2024-04-01
EA20,CP0411,I15,2024-04,113.0,2024-04-01
EE,CP0411,I15,2024-04,153.4,2024-04-01
EEA,CP0411,I15,2024-04,113.94,2024-04-01
EL,CP0411,I15,2024-04,100.62,2024-04-01
ES,CP0411,I15,2024-04,110.67,2024-04-01
EU,CP0411,I15,2024-04,113.88,2024-04-01
EU27_2020,CP0411,I15,2024-04,114.37,2024-04-01
FI,CP0411,I15,2024-04,116.49,2024-04-01
FR,CP0411,I15,2024-04,107.03,2024-04-01
HR,CP0411,I15,2024-04,124.27,2024-04-01
HU,CP0411,I15,2024-04,183.92,2024-04-01
IE,CP0411,I15,2024-04,163.5,2024-04-01
IS,CP0411,I15,2024-04,156.03,2024-04-01
IT,CP0411,I15,2024-04,107.6,2024-04-01
LT,CP0411,I15,2024-04,173.68,2024-04-01
LU,CP0411,I15,2024-04,112.44,2024-04-01
LV,CP0411,I15,2024-04,118.7,2024-04-01
ME,CP0411,I15,2024-04,145.8,2024-04-01
MK,CP0411,I15,2024-04,104.92,2024-04-01
MT,CP0411,I15,2024-04,153.89,2024-04-01
NL,CP0411,I15,2024-04,119.7,2024-04-01
NO,CP0411,I15,2024-04,121.0,2024-04-01
PL,CP0411,I15,2024-04,167.0,2024-04-01
PT,CP0411,I15,2024-04,128.48,2024-04-01
RO,CP0411,I15,2024-04,142.77,2024-04-01
RS,CP0411,I15,2024-04,160.5,2024-04-01
SE,CP0411,I15,2024-04,118.84,2024-04-01
SI,CP0411,I15,2024-04,169.81,2024-04-01
SK,CP0411,I15,2024-04,120.36,2024-04-01
XK,CP0411,I15,2024-04,100.18,2024-04-01
FR,CP0411,I96,2024-04,152.3,2024-04-01
LT,CP0411,I96,2024-04,1058.2,2024-04-01
BE,CP0411,I05,2024-05,145.15,2024-05-01
FR,CP0411,I05,2024-05,128.78,2024-05-01
LT,CP0411,I05,2024-05,425.36,2024-05-01
SI,CP0411,I05,2024-05,185.88,2024-05-01
AL,CP0411,I15,2024-05,114.61,2024-05-01
AT,CP0411,I15,2024-05,140.14,2024-05-01
BE,CP0411,I15,2024-05,124.63,2024-05-01
BG,CP0411,I15,2024-05,133.52,2024-05-01
CH,CP0411,I15,2024-05,111.02,2024-05-01
CY,CP0411,I15,2024-05,124.1,2024-05-01
CZ,CP0411,I15,2024-05,139.0,2024-05-01
DE,CP0411,I15,2024-05,115.7,2024-05-01
DK,CP0411,I15,2024-05,115.4,2024-05-01
EA,CP0411,I15,2024-05,113.22,2024-05-01
EA19,CP0411,I15,2024-05,113.22,2024-05-01
EA20,CP0411,I15,2024-05,113.23,2024-05-01
EE,CP0411,I15,2024-05,156.0,2024-05-01
EEA,CP0411,I15,2024-05,114.17,2024-05-01
EL,CP0411,I15,2024-05,101.07,2024-05-01
ES,CP0411,I15,2024-05,110.95,2024-05-01
EU,CP0411,I15,2024-05,114.11,2024-05-01
EU27_2020,CP0411,I15,2024-05,114.6,2024-05-01
FI,CP0411,I15,2024-05,116.65,2024-05-01
FR,CP0411,I15,2024-05,107.25,2024-05-01
HR,CP0411,I15,2024-05,123.97,2024-05-01
HU,CP0411,I15,2024-05,184.33,2024-05-01
IE,CP0411,I15,2024-05,164.0,2024-05-01
IS,CP0411,I15,2024-05,157.19,2024-05-01
IT,CP0411,I15,2024-05,107.9,2024-05-01
LT,CP0411,I15,2024-05,173.8,2024-05-01
LU,CP0411,I15,2024-05,112.65,2024-05-01
LV,CP0411,I15,2024-05,119.72,2024-05-01
ME,CP0411,I15,2024-05,145.94,2024-05-01
MK,CP0411,I15,2024-05,109.88,2024-05-01
MT,CP0411,I15,2024-05,154.82,2024-05-01
NL,CP0411,I15,2024-05,119.7,2024-05-01
NO,CP0411,I15,2024-05,121.3,2024-05-01
PL,CP0411,I15,2024-05,167.2,2024-05-01
PT,CP0411,I15,2024-05,129.01,2024-05-01
RO,CP0411,I15,2024-05,142.8,2024-05-01
RS,CP0411,I15,2024-05,168.9,2024-05-01
SE,CP0411,I15,2024-05,119.32,2024-05-01
SI,CP0411,I15,2024-05,170.5,2024-05-01
SK,CP0411,I15,2024-05,119.32,2024-05-01
XK,CP0411,I15,2024-05,100.18,2024-05-01
FR,CP0411,I96,2024-05,152.6,2024-05-01
LT,CP0411,I96,2024-05,1059.0,2024-05-01
BE,CP0411,I05,2024-06,145.25,2024-06-01
FR,CP0411,I05,2024-06,128.91,2024-06-01
LT,CP0411,I05,2024-06,428.51,2024-06-01
SI,CP0411,I05,2024-06,186.45,2024-06-01
AL,CP0411,I15,2024-06,114.61,2024-06-01
AT,CP0411,I15,2024-06,140.92,2024-06-01
BE,CP0411,I15,2024-06,124.72,2024-06-01
BG,CP0411,I15,2024-06,135.1,2024-06-01
CH,CP0411,I15,2024-06,111.17,2024-06-01
CY,CP0411,I15,2024-06,125.15,2024-06-01
CZ,CP0411,I15,2024-06,139.1,2024-06-01
DE,CP0411,I15,2024-06,115.9,2024-06-01
DK,CP0411,I15,2024-06,115.4,2024-06-01
EA,CP0411,I15,2024-06,113.42,2024-06-01
EA19,CP0411,I15,2024-06,113.42,2024-06-01
EA20,CP0411,I15,2024-06,113.43,2024-06-01
EE,CP0411,I15,2024-06,154.97,2024-06-01
EEA,CP0411,I15,2024-06,114.39,2024-06-01
EL,CP0411,I15,2024-06,101.58,2024-06-01
ES,CP0411,I15,2024-06,111.16,2024-06-01
EU,CP0411,I15,2024-06,114.32,2024-06-01
EU27_2020,CP0411,I15,2024-06,114.82,2024-06-01
FI,CP0411,I15,2024-06,116.78,2024-06-01
FR,CP0411,I15,2024-06,107.35,2024-06-01
HR,CP0411,I15,2024-06,123.89,2024-06-01
HU,CP0411,I15,2024-06,186.34,2024-06-01
IE,CP0411,I15,2024-06,165.5,2024-06-01
IS,CP0411,I15,2024-06,158.39,2024-06-01
IT,CP0411,I15,2024-06,108.2,2024-06-01
LT,CP0411,I15,2024-06,175.09,2024-06-01
LU,CP0411,I15,2024-06,112.68,2024-06-01
LV,CP0411,I15,2024-06,121.0,2024-06-01
ME,CP0411,I15,2024-06,145.94,2024-06-01
MK,CP0411,I15,2024-06,109.88,2024-06-01
MT,CP0411,I15,2024-06,155.59,2024-06-01
NL,CP0411,I15,2024-06,119.7,2024-06-01
NO,CP0411,I15,2024-06,121.5,2024-06-01
PL,CP0411,I15,2024-06,167.6,2024-06-01
PT,CP0411,I15,2024-06,129.48,2024-06-01
RO,CP0411,I15,2024-06,143.8,2024-06-01
RS,CP0411,I15,2024-06,170.4,2024-06-01
SE,CP0411,I15,2024-06,119.69,2024-06-01
SI,CP0411,I15,2024-06,171.02,2024-06-01
SK,CP0411,I15,2024-06,121.47,2024-06-01
XK,CP0411,I15,2024-06,100.18,2024-06-01
FR,CP0411,I96,2024-06,152.7,2024-06-01
LT,CP0411,I96,2024-06,1066.8,2024-06-01
BE,CP0411,I05,2024-07,144.98,2024-07-01
FR,CP0411,I05,2024-07,128.97,2024-07-01
LT,CP0411,I05,2024-07,434.22,2024-07-01
SI,CP0411,I05,2024-07,185.56,2024-07-01
AL,CP0411,I15,2024-07,114.61,2024-07-01
AT,CP0411,I15,2024-07,141.61,2024-07-01
BE,CP0411,I15,2024-07,124.49,2024-07-01
BG,CP0411,I15,2024-07,136.03,2024-07-01
CH,CP0411,I15,2024-07,111.31,2024-07-01
CY,CP0411,I15,2024-07,125.25,2024-07-01
CZ,CP0411,I15,2024-07,140.9,2024-07-01
DE,CP0411,I15,2024-07,116.1,2024-07-01
DK,CP0411,I15,2024-07,115.4,2024-07-01
EA,CP0411,I15,2024-07,114.12,2024-07-01
EA19,CP0411,I15,2024-07,114.11,2024-07-01
EA20,CP0411,I15,2024-07,114.12,2024-07-01
EE,CP0411,I15,2024-07,161.1,2024-07-01
EEA,CP0411,I15,2024-07,115.05,2024-07-01
EL,CP0411,I15,2024-07,102.24,2024-07-01
ES,CP0411,I15,2024-07,111.32,2024-07-01
EU,CP0411,I15,2024-07,114.98,2024-07-01
EU27_2020,CP0411,I15,2024-07,115.48,2024-07-01
FI,CP0411,I15,2024-07,117.07,2024-07-01
FR,CP0411,I15,2024-07,107.4,2024-07-01
HR,CP0411,I15,2024-07,125.12,2024-07-01
HU,CP0411,I15,2024-07,186.56,2024-07-01
IE,CP0411,I15,2024-07,165.9,2024-07-01
IS,CP0411,I15,2024-07,160.16,2024-07-01
IT,CP0411,I15,2024-07,108.5,2024-07-01
LT,CP0411,I15,2024-07,177.42,2024-07-01
LU,CP0411,I15,2024-07,113.18,2024-07-01
LV,CP0411,I15,2024-07,124.31,2024-07-01
ME,CP0411,I15,2024-07,146.81,2024-07-01
MK,CP0411,I15,2024-07,109.88,2024-07-01
MT,CP0411,I15,2024-07,155.33,2024-07-01
NL,CP0411,I15,2024-07,126.2,2024-07-01
NO,CP0411,I15,2024-07,121.9,2024-07-01
PL,CP0411,I15,2024-07,168.1,2024-07-01
PT,CP0411,I15,2024-07,129.97,2024-07-01
RO,CP0411,I15,2024-07,143.83,2024-07-01
RS,CP0411,I15,2024-07,172.4,2024-07-01
SE,CP0411,I15,2024-07,119.88,2024-07-01
SI,CP0411,I15,2024-07,170.2,2024-07-01
SK,CP0411,I15,2024-07,122.3,2024-07-01
XK,CP0411,I15,2024-07,100.51,2024-07-01
FR,CP0411,I96,2024-07,152.8,2024-07-01
LT,CP0411,I96,2024-07,1081.1,2024-07-01
BE,CP0411,I05,2024-08,145.83,2024-08-01
FR,CP0411,I05,2024-08,129.09,2024-08-01
LT,CP0411,I05,2024-08,432.4,2024-08-01
SI,CP0411,I05,2024-08,188.36,2024-08-01
AL,CP0411,I15,2024-08,115.41,2024-08-01
AT,CP0411,I15,2024-08,141.93,2024-08-01
BE,CP0411,I15,2024-08,125.21,2024-08-01
BG,CP0411,I15,2024-08,136.14,2024-08-01
CH,CP0411,I15,2024-08,112.01,2024-08-01
CY,CP0411,I15,2024-08,125.25,2024-08-01
CZ,CP0411,I15,2024-08,141.3,2024-08-01
DE,CP0411,I15,2024-08,116.2,2024-08-01
DK,CP0411,I15,2024-08,115.6,2024-08-01
EA,CP0411,I15,2024-08,114.31,2024-08-01
EA19,CP0411,I15,2024-08,114.31,2024-08-01
EA20,CP0411,I15,2024-08,114.31,2024-08-01
EE,CP0411,I15,2024-08,163.92,2024-08-01
EEA,CP0411,I15,2024-08,115.26,2024-08-01
EL,CP0411,I15,2024-08,103.11,2024-08-01
ES,CP0411,I15,2024-08,111.49,2024-08-01
EU,CP0411,I15,2024-08,115.2,2024-08-01
EU27_2020,CP0411,I15,2024-08,115.7,2024-08-01
FI,CP0411,I15,2024-08,117.16,2024-08-01
FR,CP0411,I15,2024-08,107.5,2024-08-01
HR,CP0411,I15,2024-08,124.58,2024-08-01
HU,CP0411,I15,2024-08,188.32,2024-08-01
IE,CP0411,I15,2024-08,166.8,2024-08-01
IS,CP0411,I15,2024-08,161.43,2024-08-01
IT,CP0411,I15,2024-08,108.7,2024-08-01
LT,CP0411,I15,2024-08,176.68,2024-08-01
LU,CP0411,I15,2024-08,113.38,2024-08-01
LV,CP0411,I15,2024-08,125.23,2024-08-01
ME,CP0411,I15,2024-08,147.6,2024-08-01
MK,CP0411,I15,2024-08,110.01,2024-08-01
MT,CP0411,I15,2024-08,155.53,2024-08-01
NL,CP0411,I15,2024-08,126.2,2024-08-01
NO,CP0411,I15,2024-08,122.6,2024-08-01
PL,CP0411,I15,2024-08,168.8,2024-08-01
PT,CP0411,I15,2024-08,130.5,2024-08-01
RO,CP0411,I15,2024-08,144.47,2024-08-01
RS,CP0411,I15,2024-08,172.6,2024-08-01
SE,CP0411,I15,2024-08,120.16,2024-08-01
SI,CP0411,I15,2024-08,172.77,2024-08-01
SK,CP0411,I15,2024-08,122.15,2024-08-01
XK,CP0411,I15,2024-08,100.51,2024-08-01
FR,CP0411,I96,2024-08,153.0,2024-08-01
LT,CP0411,I96,2024-08,1076.5,2024-08-01
BE,CP0411,I05,2024-09,145.6,2024-09-01
FR,CP0411,I05,2024-09,129.21,2024-09-01
LT,CP0411,I05,2024-09,435.01,2024-09-01
SI,CP0411,I05,2024-09,192.92,2024-09-01
AL,CP0411,I15,2024-09,115.46,2024-09-01
AT,CP0411,I15,2024-09,142.25,2024-09-01
BE,CP0411,I15,2024-09,125.02,2024-09-01
BG,CP0411,I15,2024-09,136.55,2024-09-01
CH,CP0411,I15,2024-09,112.19,2024-09-01
CY,CP0411,I15,2024-09,125.99,2024-09-01
CZ,CP0411,I15,2024-09,141.7,2024-09-01
DE,CP0411,I15,2024-09,116.4,2024-09-01
DK,CP0411,I15,2024-09,115.6,2024-09-01
EA,CP0411,I15,2024-09,114.51,2024-09-01
EA19,CP0411,I15,2024-09,114.5,2024-09-01
EA20,CP0411,I15,2024-09,114.51,2024-09-01
EE,CP0411,I15,2024-09,160.86,2024-09-01
EEA,CP0411,I15,2024-09,115.47,2024-09-01
EL,CP0411,I15,2024-09,104.56,2024-09-01
ES,CP0411,I15,2024-09,111.68,2024-09-01
EU,CP0411,I15,2024-09,115.4,2024-09-01
EU27_2020,CP0411,I15,2024-09,115.9,2024-09-01
FI,CP0411,I15,2024-09,117.27,2024-09-01
FR,CP0411,I15,2024-09,107.6,2024-09-01
HR,CP0411,I15,2024-09,123.92,2024-09-01
HU,CP0411,I15,2024-09,190.58,2024-09-01
IE,CP0411,I15,2024-09,168.5,2024-09-01
IS,CP0411,I15,2024-09,162.54,2024-09-01
IT,CP0411,I15,2024-09,109.1,2024-09-01
LT,CP0411,I15,2024-09,177.75,2024-09-01
LU,CP0411,I15,2024-09,113.45,2024-09-01
LV,CP0411,I15,2024-09,124.3,2024-09-01
ME,CP0411,I15,2024-09,149.22,2024-09-01
MK,CP0411,I15,2024-09,111.56,2024-09-01
MT,CP0411,I15,2024-09,155.33,2024-09-01
NL,CP0411,I15,2024-09,126.2,2024-09-01
NO,CP0411,I15,2024-09,123.1,2024-09-01
PL,CP0411,I15,2024-09,169.5,2024-09-01
PT,CP0411,I15,2024-09,131.05,2024-09-01
RO,CP0411,I15,2024-09,145.4,2024-09-01
RS,CP0411,I15,2024-09,173.7,2024-09-01
SE,CP0411,I15,2024-09,120.19,2024-09-01
SI,CP0411,I15,2024-09,176.95,2024-09-01
SK,CP0411,I15,2024-09,125.35,2024-09-01
XK,CP0411,I15,2024-09,100.51,2024-09-01
FR,CP0411,I96,2024-09,153.1,2024-09-01
LT,CP0411,I96,2024-09,1083.0,2024-09-01
BE,CP0411,I05,2024-10,147.58,2024-10-01
FR,CP0411,I05,2024-10,129.38,2024-10-01
LT,CP0411,I05,2024-10,427.08,2024-10-01
SI,CP0411,I05,2024-10,188.18,2024-10-01
AL,CP0411,I15,2024-10,115.49,2024-10-01
AT,CP0411,I15,2024-10,142.71,2024-10-01
BE,CP0411,I15,2024-10,126.71,2024-10-01
BG,CP0411,I15,2024-10,136.71,2024-10-01
CH,CP0411,I15,2024-10,112.37,2024-10-01
CY,CP0411,I15,2024-10,126.85,2024-10-01
CZ,CP0411,I15,2024-10,142.3,2024-10-01
DE,CP0411,I15,2024-10,116.6,2024-10-01
DK,CP0411,I15,2024-10,115.6,2024-10-01
EA,CP0411,I15,2024-10,114.77,2024-10-01
EA19,CP0411,I15,2024-10,114.77,2024-10-01
EA20,CP0411,I15,2024-10,114.78,2024-10-01
EE,CP0411,I15,2024-10,162.68,2024-10-01
EEA,CP0411,I15,2024-10,115.74,2024-10-01
EL,CP0411,I15,2024-10,105.97,2024-10-01
ES,CP0411,I15,2024-10,111.93,2024-10-01
EU,CP0411,I15,2024-10,115.67,2024-10-01
EU27_2020,CP0411,I15,2024-10,116.17,2024-10-01
FI,CP0411,I15,2024-10,117.46,2024-10-01
FR,CP0411,I15,2024-10,107.75,2024-10-01
HR,CP0411,I15,2024-10,125.11,2024-10-01
HU,CP0411,I15,2024-10,191.86,2024-10-01
IE,CP0411,I15,2024-10,169.0,2024-10-01
IS,CP0411,I15,2024-10,164.53,2024-10-01
IT,CP0411,I15,2024-10,109.3,2024-10-01
LT,CP0411,I15,2024-10,174.51,2024-10-01
LU,CP0411,I15,2024-10,113.47,2024-10-01
LV,CP0411,I15,2024-10,123.13,2024-10-01
ME,CP0411,I15,2024-10,149.22,2024-10-01
MK,CP0411,I15,2024-10,111.56,2024-10-01
MT,CP0411,I15,2024-10,155.22,2024-10-01
NL,CP0411,I15,2024-10,126.2,2024-10-01
NO,CP0411,I15,2024-10,123.4,2024-10-01
PL,CP0411,I15,2024-10,169.9,2024-10-01
PT,CP0411,I15,2024-10,131.56,2024-10-01
RO,CP0411,I15,2024-10,148.92,2024-10-01
RS,CP0411,I15,2024-10,174.6,2024-10-01
SE,CP0411,I15,2024-10,120.22,2024-10-01
SI,CP0411,I15,2024-10,172.6,2024-10-01
SK,CP0411,I15,2024-10,124.87,2024-10-01
XK,CP0411,I15,2024-10,100.51,2024-10-01
FR,CP0411,I96,2024-10,153.3,2024-10-01
LT,CP0411,I96,2024-10,1063.3,2024-10-01
BE,CP0411,I05,2024-11,147.69,2024-11-01
FR,CP0411,I05,2024-11,129.54,2024-11-01
LT,CP0411,I05,2024-11,420.81,2024-11-01
SI,CP0411,I05,2024-11,187.81,2024-11-01
AL,CP0411,I15,2024-11,115.47,2024-11-01
AT,CP0411,I15,2024-11,143.52,2024-11-01
BE,CP0411,I15,2024-11,126.81,2024-11-01
BG,CP0411,I15,2024-11,136.84,2024-11-01
CH,CP0411,I15,2024-11,112.64,2024-11-01
CY,CP0411,I15,2024-11,127.12,2024-11-01
CZ,CP0411,I15,2024-11,142.7,2024-11-01
DE,CP0411,I15,2024-11,116.8,2024-11-01
DK,CP0411,I15,2024-11,116.0,2024-11-01
EA,CP0411,I15,2024-11,114.97,2024-11-01
EA19,CP0411,I15,2024-11,114.97,2024-11-01
EA20,CP0411,I15,2024-11,114.98,2024-11-01
EE,CP0411,I15,2024-11,159.13,2024-11-01
EEA,CP0411,I15,2024-11,115.97,2024-11-01
EL,CP0411,I15,2024-11,107.15,2024-11-01
ES,CP0411,I15,2024-11,112.19,2024-11-01
EU,CP0411,I15,2024-11,115.89,2024-11-01
EU27_2020,CP0411,I15,2024-11,116.39,2024-11-01
FI,CP0411,I15,2024-11,117.53,2024-11-01
FR,CP0411,I15,2024-11,107.88,2024-11-01
HR,CP0411,I15,2024-11,125.92,2024-11-01
HU,CP0411,I15,2024-11,193.33,2024-11-01
IE,CP0411,I15,2024-11,169.7,2024-11-01
IS,CP0411,I15,2024-11,167.61,2024-11-01
IT,CP0411,I15,2024-11,109.8,2024-11-01
LT,CP0411,I15,2024-11,171.94,2024-11-01
LU,CP0411,I15,2024-11,113.68,2024-11-01
LV,CP0411,I15,2024-11,123.93,2024-11-01
ME,CP0411,I15,2024-11,150.21,2024-11-01
MK,CP0411,I15,2024-11,111.56,2024-11-01
MT,CP0411,I15,2024-11,155.31,2024-11-01
NL,CP0411,I15,2024-11,126.2,2024-11-01
NO,CP0411,I15,2024-11,123.7,2024-11-01
PL,CP0411,I15,2024-11,170.7,2024-11-01
PT,CP0411,I15,2024-11,132.04,2024-11-01
RO,CP0411,I15,2024-11,149.64,2024-11-01
RS,CP0411,I15,2024-11,174.5,2024-11-01
SE,CP0411,I15,2024-11,120.22,2024-11-01
SI,CP0411,I15,2024-11,172.27,2024-11-01
SK,CP0411,I15,2024-11,124.44,2024-11-01
XK,CP0411,I15,2024-11,100.51,2024-11-01
FR,CP0411,I96,2024-11,153.5,2024-11-01
LT,CP0411,I96,2024-11,1047.7,2024-11-01
BE,CP0411,I05,2024-12,148.34,2024-12-01
FR,CP0411,I05,2024-12,129.54,2024-12-01
LT,CP0411,I05,2024-12,414.72,2024-12-01
SI,CP0411,I05,2024-12,188.63,2024-12-01
AL,CP0411,I15,2024-12,115.56,2024-12-01
AT,CP0411,I15,2024-12,143.9,2024-12-01
BE,CP0411,I15,2024-12,127.37,2024-12-01
BG,CP0411,I15,2024-12,136.84,2024-12-01
CH,CP0411,I15,2024-12,112.8,2024-12-01
CY,CP0411,I15,2024-12,127.18,2024-12-01
CZ,CP0411,I15,2024-12,143.0,2024-12-01
DE,CP0411,I15,2024-12,116.9,2024-12-01
DK,CP0411,I15,2024-12,116.0,2024-12-01
EA,CP0411,I15,2024-12,115.15,2024-12-01
EA19,CP0411,I15,2024-12,115.15,2024-12-01
EA20,CP0411,I15,2024-12,115.16,2024-12-01
EE,CP0411,I15,2024-12,157.39,2024-12-01
EEA,CP0411,I15,2024-12,116.15,2024-12-01
EL,CP0411,I15,2024-12,108.32,2024-12-01
ES,CP0411,I15,2024-12,112.34,2024-12-01
EU,CP0411,I15,2024-12,116.07,2024-12-01
EU27_2020,CP0411,I15,2024-12,116.58,2024-12-01
FI,CP0411,I15,2024-12,117.49,2024-12-01
FR,CP0411,I15,2024-12,107.88,2024-12-01
HR,CP0411,I15,2024-12,128.36,2024-12-01
HU,CP0411,I15,2024-12,197.11,2024-12-01
IE,CP0411,I15,2024-12,170.9,2024-12-01
IS,CP0411,I15,2024-12,168.77,2024-12-01
IT,CP0411,I15,2024-12,110.4,2024-12-01
LT,CP0411,I15,2024-12,169.45,2024-12-01
LU,CP0411,I15,2024-12,113.73,2024-12-01
LV,CP0411,I15,2024-12,122.23,2024-12-01
ME,CP0411,I15,2024-12,151.07,2024-12-01
MK,CP0411,I15,2024-12,111.56,2024-12-01
MT,CP0411,I15,2024-12,155.43,2024-12-01
NL,CP0411,I15,2024-12,126.2,2024-12-01
NO,CP0411,I15,2024-12,123.9,2024-12-01
PL,CP0411,I15,2024-12,171.2,2024-12-01
PT,CP0411,I15,2024-12,132.42,2024-12-01
RO,CP0411,I15,2024-12,149.69,2024-12-01
RS,CP0411,I15,2024-12,174.5,2024-12-01
SE,CP0411,I15,2024-12,120.22,2024-12-01
SI,CP0411,I15,2024-12,173.02,2024-12-01
SK,CP0411,I15,2024-12,124.0,2024-12-01
XK,CP0411,I15,2024-12,100.51,2024-12-01
FR,CP0411,I96,2024-12,153.5,2024-12-01
LT,CP0411,I96,2024-12,1032.5,2024-12-01
BE,CP0411,I05,2025-01,148.53,2025-01-01
FR,CP0411,I05,2025-01,129.78,2025-01-01
LT,CP0411,I05,2025-01,428.28,2025-01-01
SI,CP0411,I05,2025-01,189.44,2025-01-01
AL,CP0411,I15,2025-01,115.56,2025-01-01
AT,CP0411,I15,2025-01,144.54,2025-01-01
BE,CP0411,I15,2025-01,127.53,2025-01-01
BG,CP0411,I15,2025-01,141.45,2025-01-01
CH,CP0411,I15,2025-01,112.97,2025-01-01
CY,CP0411,I15,2025-01,127.96,2025-01-01
CZ,CP0411,I15,2025-01,144.8,2025-01-01
DE,CP0411,I15,2025-01,117.2,2025-01-01
DK,CP0411,I15,2025-01,116.0,2025-01-01
EA,CP0411,I15,2025-01,115.41,2025-01-01
EA19,CP0411,I15,2025-01,115.41,2025-01-01
EA20,CP0411,I15,2025-01,115.42,2025-01-01
EE,CP0411,I15,2025-01,164.0,2025-01-01
EEA,CP0411,I15,2025-01,116.55,2025-01-01
EL,CP0411,I15,2025-01,109.1,2025-01-01
ES,CP0411,I15,2025-01,112.53,2025-01-01
EU,CP0411,I15,2025-01,116.47,2025-01-01
EU27_2020,CP0411,I15,2025-01,116.97,2025-01-01
FI,CP0411,I15,2025-01,117.72,2025-01-01
FR,CP0411,I15,2025-01,108.08,2025-01-01
HR,CP0411,I15,2025-01,128.79,2025-01-01
HU,CP0411,I15,2025-01,200.39,2025-01-01
IE,CP0411,I15,2025-01,171.1,2025-01-01
IS,CP0411,I15,2025-01,168.08,2025-01-01
IT,CP0411,I15,2025-01,110.7,2025-01-01
LT,CP0411,I15,2025-01,174.99,2025-01-01
LU,CP0411,I15,2025-01,113.88,2025-01-01
LV,CP0411,I15,2025-01,121.17,2025-01-01
ME,CP0411,I15,2025-01,151.07,2025-01-01
MK,CP0411,I15,2025-01,111.56,2025-01-01
MT,CP0411,I15,2025-01,155.36,2025-01-01
NL,CP0411,I15,2025-01,126.2,2025-01-01
NO,CP0411,I15,2025-01,124.3,2025-01-01
PL,CP0411,I15,2025-01,172.1,2025-01-01
PT,CP0411,I15,2025-01,133.34,2025-01-01
RO,CP0411,I15,2025-01,150.31,2025-01-01
RS,CP0411,I15,2025-01,174.7,2025-01-01
SE,CP0411,I15,2025-01,123.33,2025-01-01
SI,CP0411,I15,2025-01,173.76,2025-01-01
SK,CP0411,I15,2025-01,125.0,2025-01-01
XK,CP0411,I15,2025-01,100.51,2025-01-01
FR,CP0411,I96,2025-01,153.8,2025-01-01
LT,CP0411,I96,2025-01,1066.3,2025-01-01
BE,CP0411,I05,2025-02,149.22,2025-02-01
FR,CP0411,I05,2025-02,131.32,2025-02-01
LT,CP0411,I05,2025-02,434.59,2025-02-01
SI,CP0411,I05,2025-02,186.97,2025-02-01
AL,CP0411,I15,2025-02,115.62,2025-02-01
AT,CP0411,I15,2025-02,145.1,2025-02-01
BE,CP0411,I15,2025-02,128.12,2025-02-01
BG,CP0411,I15,2025-02,141.93,2025-02-01
CH,CP0411,I15,2025-02,113.28,2025-02-01
CY,CP0411,I15,2025-02,128.4,2025-02-01
CZ,CP0411,I15,2025-02,145.6,2025-02-01
DE,CP0411,I15,2025-02,117.4,2025-02-01
DK,CP0411,I15,2025-02,117.6,2025-02-01
EA,CP0411,I15,2025-02,115.94,2025-02-01
EA19,CP0411,I15,2025-02,115.94,2025-02-01
EA20,CP0411,I15,2025-02,115.95,2025-02-01
EE,CP0411,I15,2025-02,163.13,2025-02-01
EEA,CP0411,I15,2025-02,117.11,2025-02-01
EL,CP0411,I15,2025-02,110.03,2025-02-01
ES,CP0411,I15,2025-02,112.8,2025-02-01
EU,CP0411,I15,2025-02,117.03,2025-02-01
EU27_2020,CP0411,I15,2025-02,117.54,2025-02-01
FI,CP0411,I15,2025-02,117.81,2025-02-01
FR,CP0411,I15,2025-02,109.36,2025-02-01
HR,CP0411,I15,2025-02,128.07,2025-02-01
HU,CP0411,I15,2025-02,203.16,2025-02-01
IE,CP0411,I15,2025-02,171.3,2025-02-01
IS,CP0411,I15,2025-02,169.33,2025-02-01
IT,CP0411,I15,2025-02,110.9,2025-02-01
LT,CP0411,I15,2025-02,177.57,2025-02-01
LU,CP0411,I15,2025-02,114.21,2025-02-01
LV,CP0411,I15,2025-02,123.48,2025-02-01
ME,CP0411,I15,2025-02,160.31,2025-02-01
MK,CP0411,I15,2025-02,111.56,2025-02-01
MT,CP0411,I15,2025-02,156.05,2025-02-01
NL,CP0411,I15,2025-02,126.2,2025-02-01
NO,CP0411,I15,2025-02,124.8,2025-02-01
PL,CP0411,I15,2025-02,172.4,2025-02-01
PT,CP0411,I15,2025-02,133.98,2025-02-01
RO,CP0411,I15,2025-02,150.82,2025-02-01
RS,CP0411,I15,2025-02,174.7,2025-02-01
SE,CP0411,I15,2025-02,124.0,2025-02-01
SI,CP0411,I15,2025-02,171.5,2025-02-01
SK,CP0411,I15,2025-02,125.48,2025-02-01
XK,CP0411,I15,2025-02,100.51,2025-02-01
FR,CP0411,I96,2025-02,155.6,2025-02-01
LT,CP0411,I96,2025-02,1082.0,2025-02-01
BE,CP0411,I05,2025-03,149.37,2025-03-01
FR,CP0411,I05,2025-03,131.41,2025-03-01
LT,CP0411,I05,2025-03,443.62,2025-03-01
SI,CP0411,I05,2025-03,186.64,2025-03-01
AL,CP0411,I15,2025-03,117.03,2025-03-01
AT,CP0411,I15,2025-03,145.2,2025-03-01
BE,CP0411,I15,2025-03,128.25,2025-03-01
BG,CP0411,I15,2025-03,143.14,2025-03-01
CH,CP0411,I15,2025-03,113.41,2025-03-01
CY,CP0411,I15,2025-03,128.15,2025-03-01
CZ,CP0411,I15,2025-03,146.1,2025-03-01
DE,CP0411,I15,2025-03,117.6,2025-03-01
DK,CP0411,I15,2025-03,117.6,2025-03-01
EA,CP0411,I15,2025-03,116.15,2025-03-01
EA19,CP0411,I15,2025-03,116.14,2025-03-01
EA20,CP0411,I15,2025-03,116.15,2025-03-01
EE,CP0411,I15,2025-03,163.5,2025-03-01
EEA,CP0411,I15,2025-03,117.33,2025-03-01
EL,CP0411,I15,2025-03,110.86,2025-03-01
ES,CP0411,I15,2025-03,113.1,2025-03-01
EU,CP0411,I15,2025-03,117.25,2025-03-01
EU27_2020,CP0411,I15,2025-03,117.76,2025-03-01
FI,CP0411,I15,2025-03,117.92,2025-03-01
FR,CP0411,I15,2025-03,109.44,2025-03-01
HR,CP0411,I15,2025-03,128.38,2025-03-01
HU,CP0411,I15,2025-03,204.03,2025-03-01
IE,CP0411,I15,2025-03,172.0,2025-03-01
IS,CP0411,I15,2025-03,171.19,2025-03-01
IT,CP0411,I15,2025-03,111.4,2025-03-01
LT,CP0411,I15,2025-03,181.26,2025-03-01
LU,CP0411,I15,2025-03,114.21,2025-03-01
LV,CP0411,I15,2025-03,124.08,2025-03-01
ME,CP0411,I15,2025-03,167.29,2025-03-01
MK,CP0411,I15,2025-03,111.56,2025-03-01
MT,CP0411,I15,2025-03,156.74,2025-03-01
NL,CP0411,I15,2025-03,126.2,2025-03-01
NO,CP0411,I15,2025-03,125.0,2025-03-01
PL,CP0411,I15,2025-03,173.5,2025-03-01
PT,CP0411,I15,2025-03,134.8,2025-03-01
RO,CP0411,I15,2025-03,151.64,2025-03-01
RS,CP0411,I15,2025-03,174.8,2025-03-01
SE,CP0411,I15,2025-03,124.21,2025-03-01
SI,CP0411,I15,2025-03,171.2,2025-03-01
SK,CP0411,I15,2025-03,124.22,2025-03-01
XK,CP0411,I15,2025-03,100.79,2025-03-01
FR,CP0411,I96,2025-03,155.7,2025-03-01
LT,CP0411,I96,2025-03,1104.5,2025-03-01
BE,CP0411,I05,2025-04,149.46,2025-04-01
FR,CP0411,I05,2025-04,131.58,2025-04-01
LT,CP0411,I05,2025-04,447.03,2025-04-01
SI,CP0411,I05,2025-04,190.46,2025-04-01
AL,CP0411,I15,2025-04,118.15,2025-04-01
AT,CP0411,I15,2025-04,145.57,2025-04-01
BE,CP0411,I15,2025-04,128.33,2025-04-01
BG,CP0411,I15,2025-04,144.76,2025-04-01
CH,CP0411,I15,2025-04,113.54,2025-04-01
CY,CP0411,I15,2025-04,128.5,2025-04-01
CZ,CP0411,I15,2025-04,146.5,2025-04-01
DE,CP0411,I15,2025-04,118.0,2025-04-01
DK,CP0411,I15,2025-04,117.6,2025-04-01
EA,CP0411,I15,2025-04,116.42,2025-04-01
EA19,CP0411,I15,2025-04,116.41,2025-04-01
EA20,CP0411,I15,2025-04,116.42,2025-04-01
EE,CP0411,I15,2025-04,161.52,2025-04-01
EEA,CP0411,I15,2025-04,117.63,2025-04-01
EL,CP0411,I15,2025-04,111.46,2025-04-01
ES,CP0411,I15,2025-04,113.41,2025-04-01
EU,CP0411,I15,2025-04,117.55,2025-04-01
EU27_2020,CP0411,I15,2025-04,118.07,2025-04-01
FI,CP0411,I15,2025-04,118.05,2025-04-01
FR,CP0411,I15,2025-04,109.57,2025-04-01
HR,CP0411,I15,2025-04,128.02,2025-04-01
HU,CP0411,I15,2025-04,204.16,2025-04-01
IE,CP0411,I15,2025-04,172.2,2025-04-01
IS,CP0411,I15,2025-04,171.96,2025-04-01
IT,CP0411,I15,2025-04,111.8,2025-04-01
LT,CP0411,I15,2025-04,182.66,2025-04-01
LU,CP0411,I15,2025-04,114.55,2025-04-01
LV,CP0411,I15,2025-04,124.14,2025-04-01
ME,CP0411,I15,2025-04,173.54,2025-04-01
MK,CP0411,I15,2025-04,111.56,2025-04-01
MT,CP0411,I15,2025-04,156.44,2025-04-01
NL,CP0411,I15,2025-04,126.2,2025-04-01
NO,CP0411,I15,2025-04,125.3,2025-04-01
PL,CP0411,I15,2025-04,174.1,2025-04-01
PT,CP0411,I15,2025-04,135.33,2025-04-01
RO,CP0411,I15,2025-04,152.44,2025-04-01
RS,CP0411,I15,2025-04,175.0,2025-04-01
SE,CP0411,I15,2025-04,125.44,2025-04-01
SI,CP0411,I15,2025-04,174.69,2025-04-01
SK,CP0411,I15,2025-04,126.97,2025-04-01
XK,CP0411,I15,2025-04,100.79,2025-04-01
FR,CP0411,I96,2025-04,155.9,2025-04-01
LT,CP0411,I96,2025-04,1113.0,2025-04-01
BE,CP0411,I05,2025-05,150.47,2025-05-01
FR,CP0411,I05,2025-05,131.66,2025-05-01
LT,CP0411,I05,2025-05,446.55,2025-05-01
SI,CP0411,I05,2025-05,189.51,2025-05-01
AL,CP0411,I15,2025-05,118.68,2025-05-01
AT,CP0411,I15,2025-05,145.83,2025-05-01
BE,CP0411,I15,2025-05,129.19,2025-05-01
BG,CP0411,I15,2025-05,144.75,2025-05-01
CH,CP0411,I15,2025-05,113.82,2025-05-01
CY,CP0411,I15,2025-05,128.96,2025-05-01
CZ,CP0411,I15,2025-05,146.9,2025-05-01
DE,CP0411,I15,2025-05,118.2,2025-05-01
DK,CP0411,I15,2025-05,117.9,2025-05-01
EA,CP0411,I15,2025-05,116.63,2025-05-01
EA19,CP0411,I15,2025-05,116.62,2025-05-01
EA20,CP0411,I15,2025-05,116.63,2025-05-01
EE,CP0411,I15,2025-05,161.23,2025-05-01
EEA,CP0411,I15,2025-05,117.86,2025-05-01
EL,CP0411,I15,2025-05,112.11,2025-05-01
ES,CP0411,I15,2025-05,113.6,2025-05-01
EU,CP0411,I15,2025-05,117.78,2025-05-01
EU27_2020,CP0411,I15,2025-05,118.29,2025-05-01
FI,CP0411,I15,2025-05,118.08,2025-05-01
FR,CP0411,I15,2025-05,109.64,2025-05-01
HR,CP0411,I15,2025-05,127.6,2025-05-01
HU,CP0411,I15,2025-05,203.46,2025-05-01
IE,CP0411,I15,2025-05,172.8,2025-05-01
IS,CP0411,I15,2025-05,173.8,2025-05-01
IT,CP0411,I15,2025-05,112.1,2025-05-01
LT,CP0411,I15,2025-05,182.46,2025-05-01
LU,CP0411,I15,2025-05,114.6,2025-05-01
LV,CP0411,I15,2025-05,125.94,2025-05-01
ME,CP0411,I15,2025-05,174.79,2025-05-01
MK,CP0411,I15,2025-05,111.56,2025-05-01
MT,CP0411,I15,2025-05,156.48,2025-05-01
NL,CP0411,I15,2025-05,126.2,2025-05-01
NO,CP0411,I15,2025-05,125.4,2025-05-01
PL,CP0411,I15,2025-05,174.6,2025-05-01
PT,CP0411,I15,2025-05,135.75,2025-05-01
RO,CP0411,I15,2025-05,154.15,2025-05-01
RS,CP0411,I15,2025-05,175.0,2025-05-01
SE,CP0411,I15,2025-05,125.67,2025-05-01
SI,CP0411,I15,2025-05,173.82,2025-05-01
SK,CP0411,I15,2025-05,126.97,2025-05-01
XK,CP0411,I15,2025-05,101.69,2025-05-01
FR,CP0411,I96,2025-05,156.0,2025-05-01
LT,CP0411,I96,2025-05,1111.8,2025-05-01
BE,CP0411,I05,2025-06,151.34,2025-06-01
FR,CP0411,I05,2025-06,131.74,2025-06-01
LT,CP0411,I05,2025-06,448.48,2025-06-01
SI,CP0411,I05,2025-06,189.27,2025-06-01
AL,CP0411,I15,2025-06,120.01,2025-06-01
AT,CP0411,I15,2025-06,146.43,2025-06-01
BE,CP0411,I15,2025-06,129.94,2025-06-01
BG,CP0411,I15,2025-06,145.92,2025-06-01
CH,CP0411,I15,2025-06,113.96,2025-06-01
CY,CP0411,I15,2025-06,129.27,2025-06-01
CZ,CP0411,I15,2025-06,147.9,2025-06-01
DE,CP0411,I15,2025-06,118.3,2025-06-01
DK,CP0411,I15,2025-06,117.9,2025-06-01
EA,CP0411,I15,2025-06,116.83,2025-06-01
EA19,CP0411,I15,2025-06,116.82,2025-06-01
EA20,CP0411,I15,2025-06,116.83,2025-06-01
EE,CP0411,I15,2025-06,164.42,2025-06-01
EEA,CP0411,I15,2025-06,118.06,2025-06-01
EL,CP0411,I15,2025-06,113.12,2025-06-01
ES,CP0411,I15,2025-06,113.84,2025-06-01
EU,CP0411,I15,2025-06,117.98,2025-06-01
EU27_2020,CP0411,I15,2025-06,118.49,2025-06-01
FI,CP0411,I15,2025-06,118.12,2025-06-01
FR,CP0411,I15,2025-06,109.71,2025-06-01
HR,CP0411,I15,2025-06,127.32,2025-06-01
HU,CP0411,I15,2025-06,203.82,2025-06-01
IE,CP0411,I15,2025-06,173.4,2025-06-01
IS,CP0411,I15,2025-06,175.35,2025-06-01
IT,CP0411,I15,2025-06,112.4,2025-06-01
LT,CP0411,I15,2025-06,183.25,2025-06-01
LU,CP0411,I15,2025-06,114.72,2025-06-01
LV,CP0411,I15,2025-06,128.02,2025-06-01
ME,CP0411,I15,2025-06,174.99,2025-06-01
MK,CP0411,I15,2025-06,112.46,2025-06-01
MT,CP0411,I15,2025-06,156.16,2025-06-01
NL,CP0411,I15,2025-06,126.2,2025-06-01
NO,CP0411,I15,2025-06,125.9,2025-06-01
PL,CP0411,I15,2025-06,174.9,2025-06-01
PT,CP0411,I15,2025-06,136.2,2025-06-01
RO,CP0411,I15,2025-06,155.05,2025-06-01
RS,CP0411,I15,2025-06,177.7,2025-06-01
SE,CP0411,I15,2025-06,125.7,2025-06-01
SI,CP0411,I15,2025-06,173.61,2025-06-01
SK,CP0411,I15,2025-06,125.52,2025-06-01
XK,CP0411,I15,2025-06,101.69,2025-06-01
FR,CP0411,I96,2025-06,156.1,2025-06-01
LT,CP0411,I96,2025-06,1116.6,2025-06-01
BE,CP0411,I05,2025-07,151.21,2025-07-01
FR,CP0411,I05,2025-07,131.81,2025-07-01
LT,CP0411,I05,2025-07,450.44,2025-07-01
SI,CP0411,I05,2025-07,192.68,2025-07-01
AL,CP0411,I15,2025-07,120.78,2025-07-01
AT,CP0411,I15,2025-07,147.52,2025-07-01
BE,CP0411,I15,2025-07,129.83,2025-07-01
BG,CP0411,I15,2025-07,148.41,2025-07-01
CH,CP0411,I15,2025-07,114.1,2025-07-01
CY,CP0411,I15,2025-07,129.01,2025-07-01
CZ,CP0411,I15,2025-07,148.8,2025-07-01
DE,CP0411,I15,2025-07,118.6,2025-07-01
DK,CP0411,I15,2025-07,117.9,2025-07-01
EA,CP0411,I15,2025-07,117.48,2025-07-01
EA19,CP0411,I15,2025-07,117.48,2025-07-01
EA20,CP0411,I15,2025-07,117.49,2025-07-01
EE,CP0411,I15,2025-07,167.8,2025-07-01
EEA,CP0411,I15,2025-07,118.68,2025-07-01
EL,CP0411,I15,2025-07,113.79,2025-07-01
ES,CP0411,I15,2025-07,114.03,2025-07-01
EU,CP0411,I15,2025-07,118.6,2025-07-01
EU27_2020,CP0411,I15,2025-07,119.12,2025-07-01
FI,CP0411,I15,2025-07,117.91,2025-07-01
FR,CP0411,I15,2025-07,109.76,2025-07-01
HR,CP0411,I15,2025-07,127.58,2025-07-01
HU,CP0411,I15,2025-07,204.26,2025-07-01
IE,CP0411,I15,2025-07,173.6,2025-07-01
IS,CP0411,I15,2025-07,177.03,2025-07-01
IT,CP0411,I15,2025-07,112.8,2025-07-01
LT,CP0411,I15,2025-07,184.05,2025-07-01
LU,CP0411,I15,2025-07,114.84,2025-07-01
LV,CP0411,I15,2025-07,128.2,2025-07-01
ME,CP0411,I15,2025-07,177.96,2025-07-01
MK,CP0411,I15,2025-07,112.46,2025-07-01
MT,CP0411,I15,2025-07,156.83,2025-07-01
NL,CP0411,I15,2025-07,132.36,2025-07-01
NO,CP0411,I15,2025-07,126.3,2025-07-01
PL,CP0411,I15,2025-07,175.7,2025-07-01
PT,CP0411,I15,2025-07,136.63,2025-07-01
RO,CP0411,I15,2025-07,156.03,2025-07-01
RS,CP0411,I15,2025-07,177.6,2025-07-01
SE,CP0411,I15,2025-07,125.78,2025-07-01
SI,CP0411,I15,2025-07,176.73,2025-07-01
SK,CP0411,I15,2025-07,127.71,2025-07-01
XK,CP0411,I15,2025-07,101.69,2025-07-01
FR,CP0411,I96,2025-07,156.2,2025-07-01
LT,CP0411,I96,2025-07,1121.4,2025-07-01
BE,CP0411,I05,2025-08,151.72,2025-08-01
FR,CP0411,I05,2025-08,131.91,2025-08-01
LT,CP0411,I05,2025-08,454.22,2025-08-01
SI,CP0411,I05,2025-08,192.44,2025-08-01
AL,CP0411,I15,2025-08,121.45,2025-08-01
AT,CP0411,I15,2025-08,148.16,2025-08-01
BE,CP0411,I15,2025-08,130.28,2025-08-01
BG,CP0411,I15,2025-08,151.03,2025-08-01
CH,CP0411,I15,2025-08,114.55,2025-08-01
CY,CP0411,I15,2025-08,129.55,2025-08-01
CZ,CP0411,I15,2025-08,149.4,2025-08-01
DE,CP0411,I15,2025-08,118.8,2025-08-01
DK,CP0411,I15,2025-08,118.2,2025-08-01
EA,CP0411,I15,2025-08,117.73,2025-08-01
EA19,CP0411,I15,2025-08,117.68,2025-08-01
EA20,CP0411,I15,2025-08,117.74,2025-08-01
EE,CP0411,I15,2025-08,173.98,2025-08-01
EEA,CP0411,I15,2025-08,118.97,2025-08-01
EL,CP0411,I15,2025-08,114.33,2025-08-01
ES,CP0411,I15,2025-08,114.19,2025-08-01
EU,CP0411,I15,2025-08,118.88,2025-08-01
EU27_2020,CP0411,I15,2025-08,119.4,2025-08-01
FI,CP0411,I15,2025-08,118.36,2025-08-01
FR,CP0411,I15,2025-08,109.85,2025-08-01
HR,CP0411,I15,2025-08,172.19,2025-08-01
HU,CP0411,I15,2025-08,207.55,2025-08-01
IE,CP0411,I15,2025-08,174.2,2025-08-01
IS,CP0411,I15,2025-08,178.71,2025-08-01
IT,CP0411,I15,2025-08,113.0,2025-08-01
LT,CP0411,I15,2025-08,185.59,2025-08-01
LU,CP0411,I15,2025-08,114.96,2025-08-01
LV,CP0411,I15,2025-08,132.13,2025-08-01
ME,CP0411,I15,2025-08,181.03,2025-08-01
MK,CP0411,I15,2025-08,112.46,2025-08-01
MT,CP0411,I15,2025-08,157.16,2025-08-01
NL,CP0411,I15,2025-08,132.36,2025-08-01
NO,CP0411,I15,2025-08,127.1,2025-08-01
PL,CP0411,I15,2025-08,176.1,2025-08-01
PT,CP0411,I15,2025-08,137.13,2025-08-01
RO,CP0411,I15,2025-08,159.7,2025-08-01
RS,CP0411,I15,2025-08,178.4,2025-08-01
SE,CP0411,I15,2025-08,125.86,2025-08-01
SI,CP0411,I15,2025-08,176.51,2025-08-01
SK,CP0411,I15,2025-08,127.2,2025-08-01
XK,CP0411,I15,2025-08,101.69,2025-08-01
FR,CP0411,I96,2025-08,156.3,2025-08-01
LT,CP0411,I96,2025-08,1130.8,2025-08-01
BE,CP0411,I05,2025-09,151.5,2025-09-01
FR,CP0411,I05,2025-09,131.98,2025-09-01
LT,CP0411,I05,2025-09,453.88,2025-09-01
SI,CP0411,I05,2025-09,190.03,2025-09-01
AL,CP0411,I15,2025-09,123.14,2025-09-01
AT,CP0411,I15,2025-09,148.96,2025-09-01
BE,CP0411,I15,2025-09,130.08,2025-09-01
BG,CP0411,I15,2025-09,151.26,2025-09-01
CH,CP0411,I15,2025-09,114.68,2025-09-01
CY,CP0411,I15,2025-09,129.77,2025-09-01
CZ,CP0411,I15,2025-09,149.8,2025-09-01
DE,CP0411,I15,2025-09,118.9,2025-09-01
DK,CP0411,I15,2025-09,118.2,2025-09-01
EA,CP0411,I15,2025-09,117.88,2025-09-01
EA19,CP0411,I15,2025-09,117.82,2025-09-01
EA20,CP0411,I15,2025-09,117.88,2025-09-01
EE,CP0411,I15,2025-09,165.6,2025-09-01
EEA,CP0411,I15,2025-09,119.12,2025-09-01
EL,CP0411,I15,2025-09,114.96,2025-09-01
ES,CP0411,I15,2025-09,114.42,2025-09-01
EU,CP0411,I15,2025-09,119.03,2025-09-01
EU27_2020,CP0411,I15,2025-09,119.55,2025-09-01
FI,CP0411,I15,2025-09,118.41,2025-09-01
FR,CP0411,I15,2025-09,109.91,2025-09-01
HR,CP0411,I15,2025-09,172.27,2025-09-01
HU,CP0411,I15,2025-09,208.2,2025-09-01
IE,CP0411,I15,2025-09,175.0,2025-09-01
IS,CP0411,I15,2025-09,179.6,2025-09-01
IT,CP0411,I15,2025-09,113.2,2025-09-01
LT,CP0411,I15,2025-09,185.46,2025-09-01
LU,CP0411,I15,2025-09,115.0,2025-09-01
LV,CP0411,I15,2025-09,131.58,2025-09-01
ME,CP0411,I15,2025-09,182.8,2025-09-01
MK,CP0411,I15,2025-09,112.46,2025-09-01
MT,CP0411,I15,2025-09,157.3,2025-09-01
NL,CP0411,I15,2025-09,132.36,2025-09-01
NO,CP0411,I15,2025-09,127.3,2025-09-01
PL,CP0411,I15,2025-09,176.9,2025-09-01
PT,CP0411,I15,2025-09,137.6,2025-09-01
RO,CP0411,I15,2025-09,160.1,2025-09-01
RS,CP0411,I15,2025-09,182.5,2025-09-01
SE,CP0411,I15,2025-09,125.87,2025-09-01
SI,CP0411,I15,2025-09,174.3,2025-09-01
SK,CP0411,I15,2025-09,128.45,2025-09-01
XK,CP0411,I15,2025-09,101.69,2025-09-01
FR,CP0411,I96,2025-09,156.4,2025-09-01
LT,CP0411,I96,2025-09,1130.0,2025-09-01
BE,CP0411,I05,2025-10,153.63,2025-10-01
FR,CP0411,I05,2025-10,132.1,2025-10-01
LT,CP0411,I05,2025-10,456.03,2025-10-01
SI,CP0411,I05,2025-10,188.43,2025-10-01
AL,CP0411,I15,2025-10,123.18,2025-10-01
AT,CP0411,I15,2025-10,149.97,2025-10-01
BE,CP0411,I15,2025-10,131.91,2025-10-01
BG,CP0411,I15,2025-10,152.6,2025-10-01
CH,CP0411,I15,2025-10,114.8,2025-10-01
CY,CP0411,I15,2025-10,130.14,2025-10-01
CZ,CP0411,I15,2025-10,150.6,2025-10-01
DE,CP0411,I15,2025-10,119.1,2025-10-01
DK,CP0411,I15,2025-10,118.2,2025-10-01
EA,CP0411,I15,2025-10,118.14,2025-10-01
EA19,CP0411,I15,2025-10,118.09,2025-10-01
EA20,CP0411,I15,2025-10,118.15,2025-10-01
EE,CP0411,I15,2025-10,165.54,2025-10-01
EEA,CP0411,I15,2025-10,119.39,2025-10-01
EL,CP0411,I15,2025-10,115.44,2025-10-01
ES,CP0411,I15,2025-10,114.65,2025-10-01
EU,CP0411,I15,2025-10,119.3,2025-10-01
EU27_2020,CP0411,I15,2025-10,119.81,2025-10-01
FI,CP0411,I15,2025-10,117.92,2025-10-01
FR,CP0411,I15,2025-10,110.01,2025-10-01
HR,CP0411,I15,2025-10,172.23,2025-10-01
HU,CP0411,I15,2025-10,209.01,2025-10-01
IE,CP0411,I15,2025-10,175.3,2025-10-01
IS,CP0411,I15,2025-10,180.74,2025-10-01
IT,CP0411,I15,2025-10,113.7,2025-10-01
LT,CP0411,I15,2025-10,186.33,2025-10-01
LU,CP0411,I15,2025-10,115.2,2025-10-01
LV,CP0411,I15,2025-10,131.36,2025-10-01
ME,CP0411,I15,2025-10,183.02,2025-10-01
MK,CP0411,I15,2025-10,112.46,2025-10-01
MT,CP0411,I15,2025-10,157.38,2025-10-01
NL,CP0411,I15,2025-10,132.36,2025-10-01
NO,CP0411,I15,2025-10,127.9,2025-10-01
PL,CP0411,I15,2025-10,177.3,2025-10-01
PT,CP0411,I15,2025-10,138.16,2025-10-01
RO,CP0411,I15,2025-10,162.11,2025-10-01
RS,CP0411,I15,2025-10,182.5,2025-10-01
SE,CP0411,I15,2025-10,125.87,2025-10-01
SI,CP0411,I15,2025-10,172.84,2025-10-01
SK,CP0411,I15,2025-10,129.13,2025-10-01
XK,CP0411,I15,2025-10,101.69,2025-10-01
FR,CP0411,I96,2025-10,156.5,2025-10-01
LT,CP0411,I96,2025-10,1135.3,2025-10-01
BE,CP0411,I05,2025-11,153.6,2025-11-01
FR,CP0411,I05,2025-11,132.85,2025-11-01
LT,CP0411,I05,2025-11,460.87,2025-11-01
SI,CP0411,I05,2025-11,188.92,2025-11-01
AL,CP0411,I15,2025-11,123.2,2025-11-01
AT,CP0411,I15,2025-11,149.87,2025-11-01
BE,CP0411,I15,2025-11,131.89,2025-11-01
BG,CP0411,I15,2025-11,152.74,2025-11-01
CH,CP0411,I15,2025-11,114.75,2025-11-01
CY,CP0411,I15,2025-11,130.21,2025-11-01
CZ,CP0411,I15,2025-11,151.5,2025-11-01
DE,CP0411,I15,2025-11,119.3,2025-11-01
DK,CP0411,I15,2025-11,118.7,2025-11-01
EA,CP0411,I15,2025-11,118.5,2025-11-01
EA19,CP0411,I15,2025-11,118.44,2025-11-01
EA20,CP0411,I15,2025-11,118.5,2025-11-01
EE,CP0411,I15,2025-11,166.43,2025-11-01
EEA,CP0411,I15,2025-11,119.73,2025-11-01
EL,CP0411,I15,2025-11,116.42,2025-11-01
ES,CP0411,I15,2025-11,114.89,2025-11-01
EU,CP0411,I15,2025-11,119.64,2025-11-01
EU27_2020,CP0411,I15,2025-11,120.16,2025-11-01
FI,CP0411,I15,2025-11,117.68,2025-11-01
FR,CP0411,I15,2025-11,110.63,2025-11-01
HR,CP0411,I15,2025-11,172.67,2025-11-01
HU,CP0411,I15,2025-11,208.81,2025-11-01
IE,CP0411,I15,2025-11,175.6,2025-11-01
IS,CP0411,I15,2025-11,180.98,2025-11-01
IT,CP0411,I15,2025-11,114.3,2025-11-01
LT,CP0411,I15,2025-11,188.31,2025-11-01
LU,CP0411,I15,2025-11,115.21,2025-11-01
LV,CP0411,I15,2025-11,132.11,2025-11-01
ME,CP0411,I15,2025-11,183.02,2025-11-01
MK,CP0411,I15,2025-11,112.72,2025-11-01
MT,CP0411,I15,2025-11,158.03,2025-11-01
NL,CP0411,I15,2025-11,132.36,2025-11-01
NO,CP0411,I15,2025-11,128.1,2025-11-01
PL,CP0411,I15,2025-11,177.7,2025-11-01
PT,CP0411,I15,2025-11,138.59,2025-11-01
RO,CP0411,I15,2025-11,162.6,2025-11-01
RS,CP0411,I15,2025-11,183.6,2025-11-01
SE,CP0411,I15,2025-11,125.87,2025-11-01
SI,CP0411,I15,2025-11,173.28,2025-11-01
SK,CP0411,I15,2025-11,132.3,2025-11-01
XK,CP0411,I15,2025-11,101.69,2025-11-01
FR,CP0411,I96,2025-11,157.4,2025-11-01
LT,CP0411,I96,2025-11,1147.4,2025-11-01
BE,CP0411,I05,2025-12,154.27,2025-12-01
FR,CP0411,I05,2025-12,132.92,2025-12-01
LT,CP0411,I05,2025-12,464.32,2025-12-01
SI,CP0411,I05,2025-12,189.43,2025-12-01
AL,CP0411,I15,2025-12,125.34,2025-12-01
AT,CP0411,I15,2025-12,149.84,2025-12-01
BE,CP0411,I15,2025-12,132.46,2025-12-01
BG,CP0411,I15,2025-12,152.87,2025-12-01
CH,CP0411,I15,2025-12,114.89,2025-12-01
CY,CP0411,I15,2025-12,130.6,2025-12-01
CZ,CP0411,I15,2025-12,152.2,2025-12-01
DE,CP0411,I15,2025-12,119.6,2025-12-01
DK,CP0411,I15,2025-12,118.7,2025-12-01
EA,CP0411,I15,2025-12,118.7,2025-12-01
EA19,CP0411,I15,2025-12,118.65,2025-12-01
EA20,CP0411,I15,2025-12,118.71,2025-12-01
EE,CP0411,I15,2025-12,166.1,2025-12-01
EEA,CP0411,I15,2025-12,119.93,2025-12-01
EL,CP0411,I15,2025-12,117.46,2025-12-01
ES,CP0411,I15,2025-12,115.08,2025-12-01
EU,CP0411,I15,2025-12,119.84,2025-12-01
EU27_2020,CP0411,I15,2025-12,120.36,2025-12-01
FI,CP0411,I15,2025-12,117.69,2025-12-01
FR,CP0411,I15,2025-12,110.69,2025-12-01
HR,CP0411,I15,2025-12,172.81,2025-12-01
HU,CP0411,I15,2025-12,208.33,2025-12-01
IE,CP0411,I15,2025-12,176.5,2025-12-01
IS,CP0411,I15,2025-12,181.84,2025-12-01
IT,CP0411,I15,2025-12,114.6,2025-12-01
LT,CP0411,I15,2025-12,189.72,2025-12-01
LU,CP0411,I15,2025-12,115.25,2025-12-01
LV,CP0411,I15,2025-12,131.11,2025-12-01
ME,CP0411,I15,2025-12,183.02,2025-12-01
MK,CP0411,I15,2025-12,115.38,2025-12-01
MT,CP0411,I15,2025-12,158.1,2025-12-01
NL,CP0411,I15,2025-12,132.36,2025-12-01
NO,CP0411,I15,2025-12,128.2,2025-12-01
PL,CP0411,I15,2025-12,177.9,2025-12-01
PT,CP0411,I15,2025-12,138.93,2025-12-01
RO,CP0411,I15,2025-12,162.6,2025-12-01
RS,CP0411,I15,2025-12,184.2,2025-12-01
SE,CP0411,I15,2025-12,125.86,2025-12-01
SI,CP0411,I15,2025-12,173.75,2025-12-01
SK,CP0411,I15,2025-12,131.41,2025-12-01
XK,CP0411,I15,2025-12,101.69,2025-12-01
FR,CP0411,I96,2025-12,157.5,2025-12-01
LT,CP0411,I96,2025-12,1156.0,2025-12-01
